TABLE_SCHEMA	TABLE_NAME	ORDINAL_POSITION	COLUMN_NAME	DATA_TYPE	IS_NULLABLE	CHARACTER_MAXIMUM_LENGTH	NUMERIC_PRECISION	NUMERIC_SCALE	SOURCE
gold-db-2 postgresql.gold	analysis_project	1	analysis_project_id	DECIMAL	YES		38	6	information_schema
gold-db-2 postgresql.gold	analysis_project	2	status_id	DECIMAL	YES		38	6	information_schema
gold-db-2 postgresql.gold	analysis_project	3	is_public	CHARACTER VARYING	YES	65536			information_schema
gold-db-2 postgresql.gold	analysis_project	4	added_by	DECIMAL	YES		38	6	information_schema
gold-db-2 postgresql.gold	analysis_project	5	add_date	TIMESTAMP	YES				information_schema
gold-db-2 postgresql.gold	analysis_project	6	mod_date	TIMESTAMP	YES				information_schema
gold-db-2 postgresql.gold	analysis_project	7	mod_by	DECIMAL	YES		38	6	information_schema
gold-db-2 postgresql.gold	analysis_project	8	its_analysis_project_id	DECIMAL	YES		38	6	information_schema
gold-db-2 postgresql.gold	analysis_project	9	is_primary	CHARACTER VARYING	YES	65536			information_schema
gold-db-2 postgresql.gold	analysis_project	10	gold_id	CHARACTER VARYING	YES	65536			information_schema
gold-db-2 postgresql.gold	analysis_project	11	analysis_project_name	CHARACTER VARYING	YES	65536			information_schema
gold-db-2 postgresql.gold	analysis_project	12	appended_ap_name	CHARACTER VARYING	YES	65536			information_schema
gold-db-2 postgresql.gold	analysis_project	13	analysis_project_name_full	CHARACTER VARYING	YES	65536			information_schema
gold-db-2 postgresql.gold	analysis_project	14	its_analysis_project_name	CHARACTER VARYING	YES	65536			information_schema
gold-db-2 postgresql.gold	analysis_project	15	its_product_name	CHARACTER VARYING	YES	65536			information_schema
gold-db-2 postgresql.gold	analysis_project	16	analysis_project_type	CHARACTER VARYING	YES	65536			information_schema
gold-db-2 postgresql.gold	analysis_project	17	img_submission_prority	CHARACTER VARYING	YES	65536			information_schema
gold-db-2 postgresql.gold	analysis_project	18	submission_id	DECIMAL	YES		38	6	information_schema
gold-db-2 postgresql.gold	analysis_project	19	img_taxon_id	DECIMAL	YES		38	6	information_schema
gold-db-2 postgresql.gold	analysis_project	20	completion_date	TIMESTAMP	YES				information_schema
gold-db-2 postgresql.gold	analysis_project	21	reference_ap_id	DECIMAL	YES		38	6	information_schema
gold-db-2 postgresql.gold	analysis_project	22	replaces_ap_id	DECIMAL	YES		38	6	information_schema
gold-db-2 postgresql.gold	analysis_project	23	comments	CHARACTER VARYING	YES	65536			information_schema
gold-db-2 postgresql.gold	analysis_project	24	annotator_comments	CHARACTER VARYING	YES	65536			information_schema
gold-db-2 postgresql.gold	analysis_project	25	review_status	CHARACTER VARYING	YES	65536			information_schema
gold-db-2 postgresql.gold	analysis_project	26	rejection_reasons	CHARACTER VARYING	YES	65536			information_schema
gold-db-2 postgresql.gold	analysis_project	27	pi_id	DECIMAL	YES		38	6	information_schema
gold-db-2 postgresql.gold	analysis_project	28	pi_name	CHARACTER VARYING	YES	65536			information_schema
gold-db-2 postgresql.gold	analysis_project	29	est_size	DECIMAL	YES		38	6	information_schema
gold-db-2 postgresql.gold	analysis_project	30	scaffold_count	DECIMAL	YES		38	6	information_schema
gold-db-2 postgresql.gold	analysis_project	31	contig_count	DECIMAL	YES		38	6	information_schema
gold-db-2 postgresql.gold	analysis_project	32	gene_count	DECIMAL	YES		38	6	information_schema
gold-db-2 postgresql.gold	analysis_project	33	binning_method	CHARACTER VARYING	YES	65536			information_schema
gold-db-2 postgresql.gold	analysis_project	34	contamination_percentage	DECIMAL	YES		6	3	information_schema
gold-db-2 postgresql.gold	analysis_project	35	completeness_percentage	DECIMAL	YES		6	3	information_schema
gold-db-2 postgresql.gold	analysis_project	36	img_bin_count	DECIMAL	YES		38	6	information_schema
gold-db-2 postgresql.gold	analysis_project	37	bin_param	CHARACTER VARYING	YES	65536			information_schema
gold-db-2 postgresql.gold	analysis_project	38	reassembly_bin	CHARACTER VARYING	YES	65536			information_schema
gold-db-2 postgresql.gold	analysis_project	39	gene_calling_method	CHARACTER VARYING	YES	65536			information_schema
gold-db-2 postgresql.gold	analysis_project	40	sequencing_depth	CHARACTER VARYING	YES	65536			information_schema
gold-db-2 postgresql.gold	analysis_project	41	genbank_low_quality_annotation	CHARACTER VARYING	YES	65536			information_schema
gold-db-2 postgresql.gold	analysis_project	42	completion	CHARACTER VARYING	YES	65536			information_schema
gold-db-2 postgresql.gold	analysis_project	43	pipeline_annotation_method	CHARACTER VARYING	YES	65536			information_schema
gold-db-2 postgresql.gold	analysis_project	44	is_img_annotation	CHARACTER VARYING	YES	65536			information_schema
gold-db-2 postgresql.gold	analysis_project	45	img_annotation_version	CHARACTER VARYING	YES	65536			information_schema
gold-db-2 postgresql.gold	analysis_project	46	specimen	CHARACTER VARYING	YES	65536			information_schema
gold-db-2 postgresql.gold	analysis_project	47	its_annotation_at_id	DECIMAL	YES		38	6	information_schema
gold-db-2 postgresql.gold	analysis_project	48	its_assembly_at_type	CHARACTER VARYING	YES	65536			information_schema
gold-db-2 postgresql.gold	analysis_project	49	its_ncbi_tax_id	DECIMAL	YES		38	6	information_schema
gold-db-2 postgresql.gold	analysis_project	50	its_version_number	DECIMAL	YES		38	6	information_schema
gold-db-2 postgresql.gold	analysis_project	51	is_decontamination	CHARACTER VARYING	YES	65536			information_schema
gold-db-2 postgresql.gold	analysis_project	52	screening_method	CHARACTER VARYING	YES	65536			information_schema
gold-db-2 postgresql.gold	analysis_project	53	decontamination_method	CHARACTER VARYING	YES	65536			information_schema
gold-db-2 postgresql.gold	analysis_project	54	img_use	CHARACTER VARYING	YES	65536			information_schema
gold-db-2 postgresql.gold	analysis_project	55	img_rnaseq_id	DECIMAL	YES		38	6	information_schema
gold-db-2 postgresql.gold	analysis_project	56	submission_status_id	DECIMAL	YES		38	6	information_schema
gold-db-2 postgresql.gold	analysis_project	57	submission_status_name	CHARACTER VARYING	YES	65536			information_schema
gold-db-2 postgresql.gold	analysis_project	58	submission_comments	CHARACTER VARYING	YES	65536			information_schema
gold-db-2 postgresql.gold	analysis_project	59	img_analysis_complete	CHARACTER VARYING	YES	65536			information_schema
gold-db-2 postgresql.gold	analysis_project	60	ap_for_nonowner	CHARACTER VARYING	YES	65536			information_schema
gold-db-2 postgresql.gold	analysis_project	61	is_assembled_deleted	CHARACTER VARYING	YES	65536			information_schema
gold-db-2 postgresql.gold	analysis_project	62	trnas	DECIMAL	YES		38	6	information_schema
gold-db-2 postgresql.gold	analysis_project	63	trna_pred_software	CHARACTER VARYING	YES	65536			information_schema
gold-db-2 postgresql.gold	analysis_project	64	sim_search_meth	CHARACTER VARYING	YES	65536			information_schema
gold-db-2 postgresql.gold	analysis_project	65	recover_16s	CHARACTER VARYING	YES	65536			information_schema
gold-db-2 postgresql.gold	analysis_project	66	recover_16s_software	CHARACTER VARYING	YES	65536			information_schema
gold-db-2 postgresql.gold	analysis_project	67	compl_appr	CHARACTER VARYING	YES	65536			information_schema
gold-db-2 postgresql.gold	analysis_project	68	mag_cov_software	CHARACTER VARYING	YES	65536			information_schema
gold-db-2 postgresql.gold	analysis_project	69	organism_id	DECIMAL	YES		38	6	information_schema
gold-db-2 postgresql.gold	analysis_project	70	domain	CHARACTER VARYING	YES	65536			information_schema
gold-db-2 postgresql.gold	analysis_project	71	gold_phylogeny	CHARACTER VARYING	YES	65536			information_schema
gold-db-2 postgresql.gold	analysis_project	72	phylogeny_suggestion	CHARACTER VARYING	YES	65536			information_schema
gold-db-2 postgresql.gold	analysis_project	73	genus	CHARACTER VARYING	YES	65536			information_schema
gold-db-2 postgresql.gold	analysis_project	74	species	CHARACTER VARYING	YES	65536			information_schema
gold-db-2 postgresql.gold	analysis_project	75	subspecies	CHARACTER VARYING	YES	65536			information_schema
gold-db-2 postgresql.gold	analysis_project	76	strain	CHARACTER VARYING	YES	65536			information_schema
gold-db-2 postgresql.gold	analysis_project	77	serovar	CHARACTER VARYING	YES	65536			information_schema
gold-db-2 postgresql.gold	analysis_project	78	culture_collection	CHARACTER VARYING	YES	65536			information_schema
gold-db-2 postgresql.gold	analysis_project	79	ncbi_tax_id	DECIMAL	YES		38	6	information_schema
gold-db-2 postgresql.gold	analysis_project	80	ncbi_superkingdom	CHARACTER VARYING	YES	65536			information_schema
gold-db-2 postgresql.gold	analysis_project	81	ncbi_kingdom	CHARACTER VARYING	YES	65536			information_schema
gold-db-2 postgresql.gold	analysis_project	82	ncbi_phylum	CHARACTER VARYING	YES	65536			information_schema
gold-db-2 postgresql.gold	analysis_project	83	ncbi_class	CHARACTER VARYING	YES	65536			information_schema
gold-db-2 postgresql.gold	analysis_project	84	ncbi_order	CHARACTER VARYING	YES	65536			information_schema
gold-db-2 postgresql.gold	analysis_project	85	ncbi_family	CHARACTER VARYING	YES	65536			information_schema
gold-db-2 postgresql.gold	analysis_project	86	ncbi_genus	CHARACTER VARYING	YES	65536			information_schema
gold-db-2 postgresql.gold	analysis_project	87	ncbi_species	CHARACTER VARYING	YES	65536			information_schema
gold-db-2 postgresql.gold	analysis_project	88	ncbi_biosample_accession	CHARACTER VARYING	YES	65536			information_schema
gold-db-2 postgresql.gold	analysis_project	89	ncbi_bioproject_accession	CHARACTER VARYING	YES	65536			information_schema
gold-db-2 postgresql.gold	analysis_project	90	ncbi_bioproject_id	DECIMAL	YES		38	6	information_schema
gold-db-2 postgresql.gold	analysis_project	91	ncbi_taxonomy_lineage	CHARACTER VARYING	YES	65536			information_schema
gold-db-2 postgresql.gold	analysis_project	92	study_id	DECIMAL	YES		38	6	information_schema
gold-db-2 postgresql.gold	analysis_project	93	ecosystem_path_id	DECIMAL	YES		38	6	information_schema
gold-db-2 postgresql.gold	analysis_project	94	ecosystem	CHARACTER VARYING	YES	65536			information_schema
gold-db-2 postgresql.gold	analysis_project	95	ecosystem_category	CHARACTER VARYING	YES	65536			information_schema
gold-db-2 postgresql.gold	analysis_project	96	ecosystem_type	CHARACTER VARYING	YES	65536			information_schema
gold-db-2 postgresql.gold	analysis_project	97	ecosystem_subtype	CHARACTER VARYING	YES	65536			information_schema
gold-db-2 postgresql.gold	analysis_project	98	specific_ecosystem	CHARACTER VARYING	YES	65536			information_schema
gold-db-2 postgresql.gold	analysis_project	99	img_predicted_viral_contigs	DECIMAL	YES		38	6	information_schema
gold-db-2 postgresql.gold	analysis_project	100	its_data_utilization_status	CHARACTER VARYING	YES	65536			information_schema
gold-db-2 postgresql.gold	analysis_project	101	analysis_system	CHARACTER VARYING	YES	65536			information_schema
gold-db-2 postgresql.gold	analysis_project	102	suggest_img_annotation_version	CHARACTER VARYING	YES	65536			information_schema
gold-db-2 postgresql.gold	analysis_project	103	gtdb_version_id	CHARACTER VARYING	YES	65536			information_schema
gold-db-2 postgresql.gold	analysis_project	104	gtdb_taxonomy_lineage	CHARACTER VARYING	YES	65536			information_schema
gold-db-2 postgresql.gold	analysis_project	105	gtdb_superkingdom	CHARACTER VARYING	YES	65536			information_schema
gold-db-2 postgresql.gold	analysis_project	106	gtdb_phylum	CHARACTER VARYING	YES	65536			information_schema
gold-db-2 postgresql.gold	analysis_project	107	gtdb_class	CHARACTER VARYING	YES	65536			information_schema
gold-db-2 postgresql.gold	analysis_project	108	gtdb_order	CHARACTER VARYING	YES	65536			information_schema
gold-db-2 postgresql.gold	analysis_project	109	gtdb_family	CHARACTER VARYING	YES	65536			information_schema
gold-db-2 postgresql.gold	analysis_project	110	gtdb_genus	CHARACTER VARYING	YES	65536			information_schema
gold-db-2 postgresql.gold	analysis_project	111	gtdb_species	CHARACTER VARYING	YES	65536			information_schema
gold-db-2 postgresql.gold	analysis_project	112	is_test	CHARACTER VARYING	YES	65536			information_schema
gold-db-2 postgresql.gold	analysis_project	113	img_predicted_plasmid_contigs	DECIMAL	YES		38	6	information_schema
gold-db-2 postgresql.gold	analysis_project_publication	1	analysis_project_id	DECIMAL	YES		38	0	information_schema
gold-db-2 postgresql.gold	analysis_project_publication	2	publication_id	DECIMAL	YES		38	0	information_schema
gold-db-2 postgresql.gold	analysis_project_sra_run_v2	1	analysis_project_id	DECIMAL	YES		38	6	information_schema
gold-db-2 postgresql.gold	analysis_project_sra_run_v2	2	sra_run_id	CHARACTER VARYING	YES	65536			information_schema
gold-db-2 postgresql.gold	api_user	1	api_user_id	DECIMAL	YES		38	6	information_schema
gold-db-2 postgresql.gold	api_user	2	email	CHARACTER VARYING	YES	65536			information_schema
gold-db-2 postgresql.gold	api_user	3	name	CHARACTER VARYING	YES	65536			information_schema
gold-db-2 postgresql.gold	api_user	4	add_date	TIMESTAMP	YES				information_schema
gold-db-2 postgresql.gold	api_user	5	mod_date	TIMESTAMP	YES				information_schema
gold-db-2 postgresql.gold	api_user	6	keycloak_id	CHARACTER VARYING	YES	65536			information_schema
gold-db-2 postgresql.gold	assembly	1	assembly_id	DECIMAL	YES		38	6	information_schema
gold-db-2 postgresql.gold	assembly	2	analysis_project_id	DECIMAL	YES		38	6	information_schema
gold-db-2 postgresql.gold	assembly	3	method	CHARACTER VARYING	YES	65536			information_schema
gold-db-2 postgresql.gold	assembly	4	method_generated	CHARACTER VARYING	YES	65536			information_schema
gold-db-2 postgresql.gold	assembly_library	1	assembly_id	DECIMAL	YES		38	6	information_schema
gold-db-2 postgresql.gold	assembly_library	2	library_id	DECIMAL	YES		38	6	information_schema
gold-db-2 postgresql.gold	assembly_method	1	assembly_method_id	DECIMAL	YES		38	6	information_schema
gold-db-2 postgresql.gold	assembly_method	2	name	CHARACTER VARYING	YES	65536			information_schema
gold-db-2 postgresql.gold	assembly_method_mapping	1	uncurated_id	DECIMAL	YES		38	6	information_schema
gold-db-2 postgresql.gold	assembly_method_mapping	2	curated_id	DECIMAL	YES		38	6	information_schema
gold-db-2 postgresql.gold	audit_log	1	audit_log_id	DECIMAL	YES		38	6	information_schema
gold-db-2 postgresql.gold	audit_log	2	entity_name	CHARACTER VARYING	YES	65536			information_schema
gold-db-2 postgresql.gold	audit_log	3	entity_id	DECIMAL	YES		38	6	information_schema
gold-db-2 postgresql.gold	audit_log	4	field_name	CHARACTER VARYING	YES	65536			information_schema
gold-db-2 postgresql.gold	audit_log	5	user_id	DECIMAL	YES		38	6	information_schema
gold-db-2 postgresql.gold	audit_log	6	modified	TIMESTAMP	YES				information_schema
gold-db-2 postgresql.gold	audit_log	7	old_value	CHARACTER VARYING	YES	65536			information_schema
gold-db-2 postgresql.gold	audit_log	8	new_value	CHARACTER VARYING	YES	65536			information_schema
gold-db-2 postgresql.gold	audit_log	9	notes	CHARACTER VARYING	YES	65536			information_schema
gold-db-2 postgresql.gold	bacdive	1	bacdive_id	DECIMAL	YES		38	6	information_schema
gold-db-2 postgresql.gold	bacdive	2	culture_collection_id	CHARACTER VARYING	YES	65536			information_schema
gold-db-2 postgresql.gold	bacdive	3	bacdive_json	CHARACTER VARYING	YES	65536			information_schema
gold-db-2 postgresql.gold	bacdive	4	add_date	TIMESTAMP	YES				information_schema
gold-db-2 postgresql.gold	bacdive	5	mod_date	TIMESTAMP	YES				information_schema
gold-db-2 postgresql.gold	backup_20260731_analysis_project	1	analysis_project_id	DECIMAL	YES		38	6	describe
gold-db-2 postgresql.gold	backup_20260731_analysis_project	2	status_id	DECIMAL	YES		38	6	describe
gold-db-2 postgresql.gold	backup_20260731_analysis_project	3	is_public	CHARACTER VARYING	YES				describe
gold-db-2 postgresql.gold	backup_20260731_analysis_project	4	added_by	DECIMAL	YES		38	6	describe
gold-db-2 postgresql.gold	backup_20260731_analysis_project	5	add_date	TIMESTAMP	YES				describe
gold-db-2 postgresql.gold	backup_20260731_analysis_project	6	mod_date	TIMESTAMP	YES				describe
gold-db-2 postgresql.gold	backup_20260731_analysis_project	7	mod_by	DECIMAL	YES		38	6	describe
gold-db-2 postgresql.gold	backup_20260731_analysis_project	8	its_analysis_project_id	DECIMAL	YES		38	6	describe
gold-db-2 postgresql.gold	backup_20260731_analysis_project	9	is_primary	CHARACTER VARYING	YES				describe
gold-db-2 postgresql.gold	backup_20260731_analysis_project	10	gold_id	CHARACTER VARYING	YES				describe
gold-db-2 postgresql.gold	backup_20260731_analysis_project	11	analysis_project_name	CHARACTER VARYING	YES				describe
gold-db-2 postgresql.gold	backup_20260731_analysis_project	12	appended_ap_name	CHARACTER VARYING	YES				describe
gold-db-2 postgresql.gold	backup_20260731_analysis_project	13	analysis_project_name_full	CHARACTER VARYING	YES				describe
gold-db-2 postgresql.gold	backup_20260731_analysis_project	14	its_analysis_project_name	CHARACTER VARYING	YES				describe
gold-db-2 postgresql.gold	backup_20260731_analysis_project	15	its_product_name	CHARACTER VARYING	YES				describe
gold-db-2 postgresql.gold	backup_20260731_analysis_project	16	analysis_project_type	CHARACTER VARYING	YES				describe
gold-db-2 postgresql.gold	backup_20260731_analysis_project	17	img_submission_prority	CHARACTER VARYING	YES				describe
gold-db-2 postgresql.gold	backup_20260731_analysis_project	18	submission_id	DECIMAL	YES		38	6	describe
gold-db-2 postgresql.gold	backup_20260731_analysis_project	19	img_taxon_id	DECIMAL	YES		38	6	describe
gold-db-2 postgresql.gold	backup_20260731_analysis_project	20	completion_date	TIMESTAMP	YES				describe
gold-db-2 postgresql.gold	backup_20260731_analysis_project	21	reference_ap_id	DECIMAL	YES		38	6	describe
gold-db-2 postgresql.gold	backup_20260731_analysis_project	22	replaces_ap_id	DECIMAL	YES		38	6	describe
gold-db-2 postgresql.gold	backup_20260731_analysis_project	23	comments	CHARACTER VARYING	YES				describe
gold-db-2 postgresql.gold	backup_20260731_analysis_project	24	annotator_comments	CHARACTER VARYING	YES				describe
gold-db-2 postgresql.gold	backup_20260731_analysis_project	25	review_status	CHARACTER VARYING	YES				describe
gold-db-2 postgresql.gold	backup_20260731_analysis_project	26	rejection_reasons	CHARACTER VARYING	YES				describe
gold-db-2 postgresql.gold	backup_20260731_analysis_project	27	pi_id	DECIMAL	YES		38	6	describe
gold-db-2 postgresql.gold	backup_20260731_analysis_project	28	pi_name	CHARACTER VARYING	YES				describe
gold-db-2 postgresql.gold	backup_20260731_analysis_project	29	est_size	DECIMAL	YES		38	6	describe
gold-db-2 postgresql.gold	backup_20260731_analysis_project	30	scaffold_count	DECIMAL	YES		38	6	describe
gold-db-2 postgresql.gold	backup_20260731_analysis_project	31	contig_count	DECIMAL	YES		38	6	describe
gold-db-2 postgresql.gold	backup_20260731_analysis_project	32	gene_count	DECIMAL	YES		38	6	describe
gold-db-2 postgresql.gold	backup_20260731_analysis_project	33	binning_method	CHARACTER VARYING	YES				describe
gold-db-2 postgresql.gold	backup_20260731_analysis_project	34	contamination_percentage	DECIMAL	YES		6	3	describe
gold-db-2 postgresql.gold	backup_20260731_analysis_project	35	completeness_percentage	DECIMAL	YES		6	3	describe
gold-db-2 postgresql.gold	backup_20260731_analysis_project	36	img_bin_count	DECIMAL	YES		38	6	describe
gold-db-2 postgresql.gold	backup_20260731_analysis_project	37	bin_param	CHARACTER VARYING	YES				describe
gold-db-2 postgresql.gold	backup_20260731_analysis_project	38	reassembly_bin	CHARACTER VARYING	YES				describe
gold-db-2 postgresql.gold	backup_20260731_analysis_project	39	gene_calling_method	CHARACTER VARYING	YES				describe
gold-db-2 postgresql.gold	backup_20260731_analysis_project	40	sequencing_depth	CHARACTER VARYING	YES				describe
gold-db-2 postgresql.gold	backup_20260731_analysis_project	41	genbank_low_quality_annotation	CHARACTER VARYING	YES				describe
gold-db-2 postgresql.gold	backup_20260731_analysis_project	42	completion	CHARACTER VARYING	YES				describe
gold-db-2 postgresql.gold	backup_20260731_analysis_project	43	pipeline_annotation_method	CHARACTER VARYING	YES				describe
gold-db-2 postgresql.gold	backup_20260731_analysis_project	44	is_img_annotation	CHARACTER VARYING	YES				describe
gold-db-2 postgresql.gold	backup_20260731_analysis_project	45	img_annotation_version	CHARACTER VARYING	YES				describe
gold-db-2 postgresql.gold	backup_20260731_analysis_project	46	specimen	CHARACTER VARYING	YES				describe
gold-db-2 postgresql.gold	backup_20260731_analysis_project	47	its_annotation_at_id	DECIMAL	YES		38	6	describe
gold-db-2 postgresql.gold	backup_20260731_analysis_project	48	its_assembly_at_type	CHARACTER VARYING	YES				describe
gold-db-2 postgresql.gold	backup_20260731_analysis_project	49	its_ncbi_tax_id	DECIMAL	YES		38	6	describe
gold-db-2 postgresql.gold	backup_20260731_analysis_project	50	its_version_number	DECIMAL	YES		38	6	describe
gold-db-2 postgresql.gold	backup_20260731_analysis_project	51	is_decontamination	CHARACTER VARYING	YES				describe
gold-db-2 postgresql.gold	backup_20260731_analysis_project	52	screening_method	CHARACTER VARYING	YES				describe
gold-db-2 postgresql.gold	backup_20260731_analysis_project	53	decontamination_method	CHARACTER VARYING	YES				describe
gold-db-2 postgresql.gold	backup_20260731_analysis_project	54	img_use	CHARACTER VARYING	YES				describe
gold-db-2 postgresql.gold	backup_20260731_analysis_project	55	img_rnaseq_id	DECIMAL	YES		38	6	describe
gold-db-2 postgresql.gold	backup_20260731_analysis_project	56	submission_status_id	DECIMAL	YES		38	6	describe
gold-db-2 postgresql.gold	backup_20260731_analysis_project	57	submission_status_name	CHARACTER VARYING	YES				describe
gold-db-2 postgresql.gold	backup_20260731_analysis_project	58	submission_comments	CHARACTER VARYING	YES				describe
gold-db-2 postgresql.gold	backup_20260731_analysis_project	59	img_analysis_complete	CHARACTER VARYING	YES				describe
gold-db-2 postgresql.gold	backup_20260731_analysis_project	60	ap_for_nonowner	CHARACTER VARYING	YES				describe
gold-db-2 postgresql.gold	backup_20260731_analysis_project	61	is_assembled_deleted	CHARACTER VARYING	YES				describe
gold-db-2 postgresql.gold	backup_20260731_analysis_project	62	trnas	DECIMAL	YES		38	6	describe
gold-db-2 postgresql.gold	backup_20260731_analysis_project	63	trna_pred_software	CHARACTER VARYING	YES				describe
gold-db-2 postgresql.gold	backup_20260731_analysis_project	64	sim_search_meth	CHARACTER VARYING	YES				describe
gold-db-2 postgresql.gold	backup_20260731_analysis_project	65	recover_16s	CHARACTER VARYING	YES				describe
gold-db-2 postgresql.gold	backup_20260731_analysis_project	66	recover_16s_software	CHARACTER VARYING	YES				describe
gold-db-2 postgresql.gold	backup_20260731_analysis_project	67	compl_appr	CHARACTER VARYING	YES				describe
gold-db-2 postgresql.gold	backup_20260731_analysis_project	68	mag_cov_software	CHARACTER VARYING	YES				describe
gold-db-2 postgresql.gold	backup_20260731_analysis_project	69	organism_id	DECIMAL	YES		38	6	describe
gold-db-2 postgresql.gold	backup_20260731_analysis_project	70	domain	CHARACTER VARYING	YES				describe
gold-db-2 postgresql.gold	backup_20260731_analysis_project	71	gold_phylogeny	CHARACTER VARYING	YES				describe
gold-db-2 postgresql.gold	backup_20260731_analysis_project	72	phylogeny_suggestion	CHARACTER VARYING	YES				describe
gold-db-2 postgresql.gold	backup_20260731_analysis_project	73	genus	CHARACTER VARYING	YES				describe
gold-db-2 postgresql.gold	backup_20260731_analysis_project	74	species	CHARACTER VARYING	YES				describe
gold-db-2 postgresql.gold	backup_20260731_analysis_project	75	subspecies	CHARACTER VARYING	YES				describe
gold-db-2 postgresql.gold	backup_20260731_analysis_project	76	strain	CHARACTER VARYING	YES				describe
gold-db-2 postgresql.gold	backup_20260731_analysis_project	77	serovar	CHARACTER VARYING	YES				describe
gold-db-2 postgresql.gold	backup_20260731_analysis_project	78	culture_collection	CHARACTER VARYING	YES				describe
gold-db-2 postgresql.gold	backup_20260731_analysis_project	79	ncbi_tax_id	DECIMAL	YES		38	6	describe
gold-db-2 postgresql.gold	backup_20260731_analysis_project	80	ncbi_superkingdom	CHARACTER VARYING	YES				describe
gold-db-2 postgresql.gold	backup_20260731_analysis_project	81	ncbi_kingdom	CHARACTER VARYING	YES				describe
gold-db-2 postgresql.gold	backup_20260731_analysis_project	82	ncbi_phylum	CHARACTER VARYING	YES				describe
gold-db-2 postgresql.gold	backup_20260731_analysis_project	83	ncbi_class	CHARACTER VARYING	YES				describe
gold-db-2 postgresql.gold	backup_20260731_analysis_project	84	ncbi_order	CHARACTER VARYING	YES				describe
gold-db-2 postgresql.gold	backup_20260731_analysis_project	85	ncbi_family	CHARACTER VARYING	YES				describe
gold-db-2 postgresql.gold	backup_20260731_analysis_project	86	ncbi_genus	CHARACTER VARYING	YES				describe
gold-db-2 postgresql.gold	backup_20260731_analysis_project	87	ncbi_species	CHARACTER VARYING	YES				describe
gold-db-2 postgresql.gold	backup_20260731_analysis_project	88	ncbi_biosample_accession	CHARACTER VARYING	YES				describe
gold-db-2 postgresql.gold	backup_20260731_analysis_project	89	ncbi_bioproject_accession	CHARACTER VARYING	YES				describe
gold-db-2 postgresql.gold	backup_20260731_analysis_project	90	ncbi_bioproject_id	DECIMAL	YES		38	6	describe
gold-db-2 postgresql.gold	backup_20260731_analysis_project	91	ncbi_taxonomy_lineage	CHARACTER VARYING	YES				describe
gold-db-2 postgresql.gold	backup_20260731_analysis_project	92	study_id	DECIMAL	YES		38	6	describe
gold-db-2 postgresql.gold	backup_20260731_analysis_project	93	ecosystem_path_id	DECIMAL	YES		38	6	describe
gold-db-2 postgresql.gold	backup_20260731_analysis_project	94	ecosystem	CHARACTER VARYING	YES				describe
gold-db-2 postgresql.gold	backup_20260731_analysis_project	95	ecosystem_category	CHARACTER VARYING	YES				describe
gold-db-2 postgresql.gold	backup_20260731_analysis_project	96	ecosystem_type	CHARACTER VARYING	YES				describe
gold-db-2 postgresql.gold	backup_20260731_analysis_project	97	ecosystem_subtype	CHARACTER VARYING	YES				describe
gold-db-2 postgresql.gold	backup_20260731_analysis_project	98	specific_ecosystem	CHARACTER VARYING	YES				describe
gold-db-2 postgresql.gold	backup_20260731_analysis_project	99	img_predicted_viral_contigs	DECIMAL	YES		38	6	describe
gold-db-2 postgresql.gold	backup_20260731_analysis_project	100	its_data_utilization_status	CHARACTER VARYING	YES				describe
gold-db-2 postgresql.gold	backup_20260731_analysis_project	101	analysis_system	CHARACTER VARYING	YES				describe
gold-db-2 postgresql.gold	backup_20260731_analysis_project	102	suggest_img_annotation_version	CHARACTER VARYING	YES				describe
gold-db-2 postgresql.gold	backup_20260731_analysis_project	103	gtdb_version_id	CHARACTER VARYING	YES				describe
gold-db-2 postgresql.gold	backup_20260731_analysis_project	104	gtdb_taxonomy_lineage	CHARACTER VARYING	YES				describe
gold-db-2 postgresql.gold	backup_20260731_analysis_project	105	gtdb_superkingdom	CHARACTER VARYING	YES				describe
gold-db-2 postgresql.gold	backup_20260731_analysis_project	106	gtdb_phylum	CHARACTER VARYING	YES				describe
gold-db-2 postgresql.gold	backup_20260731_analysis_project	107	gtdb_class	CHARACTER VARYING	YES				describe
gold-db-2 postgresql.gold	backup_20260731_analysis_project	108	gtdb_order	CHARACTER VARYING	YES				describe
gold-db-2 postgresql.gold	backup_20260731_analysis_project	109	gtdb_family	CHARACTER VARYING	YES				describe
gold-db-2 postgresql.gold	backup_20260731_analysis_project	110	gtdb_genus	CHARACTER VARYING	YES				describe
gold-db-2 postgresql.gold	backup_20260731_analysis_project	111	gtdb_species	CHARACTER VARYING	YES				describe
gold-db-2 postgresql.gold	backup_20260731_analysis_project	112	is_test	CHARACTER VARYING	YES				describe
gold-db-2 postgresql.gold	backup_20260731_analysis_project	113	img_predicted_plasmid_contigs	DECIMAL	YES		38	6	describe
gold-db-2 postgresql.gold	backup_20260731_biosample	1	biosample_id	DECIMAL	YES		38	6	describe
gold-db-2 postgresql.gold	backup_20260731_biosample	2	active	CHARACTER VARYING	YES				describe
gold-db-2 postgresql.gold	backup_20260731_biosample	3	is_public	CHARACTER VARYING	YES				describe
gold-db-2 postgresql.gold	backup_20260731_biosample	4	add_date	TIMESTAMP	YES				describe
gold-db-2 postgresql.gold	backup_20260731_biosample	5	mod_date	TIMESTAMP	YES				describe
gold-db-2 postgresql.gold	backup_20260731_biosample	6	mod_by	DECIMAL	YES		38	0	describe
gold-db-2 postgresql.gold	backup_20260731_biosample	7	gold_id	CHARACTER VARYING	YES				describe
gold-db-2 postgresql.gold	backup_20260731_biosample	8	biosample_name	CHARACTER VARYING	YES				describe
gold-db-2 postgresql.gold	backup_20260731_biosample	9	habitat	CHARACTER VARYING	YES				describe
gold-db-2 postgresql.gold	backup_20260731_biosample	10	community	CHARACTER VARYING	YES				describe
gold-db-2 postgresql.gold	backup_20260731_biosample	11	location	CHARACTER VARYING	YES				describe
gold-db-2 postgresql.gold	backup_20260731_biosample	12	identifier	CHARACTER VARYING	YES				describe
gold-db-2 postgresql.gold	backup_20260731_biosample	13	ncbi_taxonomy_id	DECIMAL	YES		38	0	describe
gold-db-2 postgresql.gold	backup_20260731_biosample	14	ncbi_taxonomy_name	CHARACTER VARYING	YES				describe
gold-db-2 postgresql.gold	backup_20260731_biosample	15	geographic_location	CHARACTER VARYING	YES				describe
gold-db-2 postgresql.gold	backup_20260731_biosample	16	latitude	DECIMAL	YES		38	6	describe
gold-db-2 postgresql.gold	backup_20260731_biosample	17	longitude	DECIMAL	YES		38	6	describe
gold-db-2 postgresql.gold	backup_20260731_biosample	18	lat_long_inferred	CHARACTER VARYING	YES				describe
gold-db-2 postgresql.gold	backup_20260731_biosample	19	sample_isolation_country_id	DECIMAL	YES		38	6	describe
gold-db-2 postgresql.gold	backup_20260731_biosample	20	description	CHARACTER VARYING	YES				describe
gold-db-2 postgresql.gold	backup_20260731_biosample	21	sample_collection_site	CHARACTER VARYING	YES				describe
gold-db-2 postgresql.gold	backup_20260731_biosample	22	isolation_publication_id	DECIMAL	YES		38	0	describe
gold-db-2 postgresql.gold	backup_20260731_biosample	23	isolation_pubmed_id	DECIMAL	YES		38	6	describe
gold-db-2 postgresql.gold	backup_20260731_biosample	24	ecosystem_path_id	DECIMAL	YES		38	0	describe
gold-db-2 postgresql.gold	backup_20260731_biosample	25	ecosystem	CHARACTER VARYING	YES				describe
gold-db-2 postgresql.gold	backup_20260731_biosample	26	ecosystem_category	CHARACTER VARYING	YES				describe
gold-db-2 postgresql.gold	backup_20260731_biosample	27	ecosystem_type	CHARACTER VARYING	YES				describe
gold-db-2 postgresql.gold	backup_20260731_biosample	28	ecosystem_subtype	CHARACTER VARYING	YES				describe
gold-db-2 postgresql.gold	backup_20260731_biosample	29	specific_ecosystem	CHARACTER VARYING	YES				describe
gold-db-2 postgresql.gold	backup_20260731_biosample	30	other_ecosystem	CHARACTER VARYING	YES				describe
gold-db-2 postgresql.gold	backup_20260731_biosample	31	sample_isolation_comments	CHARACTER VARYING	YES				describe
gold-db-2 postgresql.gold	backup_20260731_biosample	32	submitter_id	DECIMAL	YES		38	0	describe
gold-db-2 postgresql.gold	backup_20260731_biosample	33	sample_contact_name	CHARACTER VARYING	YES				describe
gold-db-2 postgresql.gold	backup_20260731_biosample	34	sample_contact_email	CHARACTER VARYING	YES				describe
gold-db-2 postgresql.gold	backup_20260731_biosample	35	sample_collection_day	DECIMAL	YES		38	0	describe
gold-db-2 postgresql.gold	backup_20260731_biosample	36	sample_collection_month	DECIMAL	YES		38	0	describe
gold-db-2 postgresql.gold	backup_20260731_biosample	37	sample_collection_year	DECIMAL	YES		38	0	describe
gold-db-2 postgresql.gold	backup_20260731_biosample	38	sample_collection_hour	DECIMAL	YES		2	0	describe
gold-db-2 postgresql.gold	backup_20260731_biosample	39	sample_collection_minute	DECIMAL	YES		2	0	describe
gold-db-2 postgresql.gold	backup_20260731_biosample	40	env_broad_scale	CHARACTER VARYING	YES				describe
gold-db-2 postgresql.gold	backup_20260731_biosample	41	env_local_scale	CHARACTER VARYING	YES				describe
gold-db-2 postgresql.gold	backup_20260731_biosample	42	env_medium	CHARACTER VARYING	YES				describe
gold-db-2 postgresql.gold	backup_20260731_biosample	43	growth_conditions	CHARACTER VARYING	YES				describe
gold-db-2 postgresql.gold	backup_20260731_biosample	44	salinity	CHARACTER VARYING	YES				describe
gold-db-2 postgresql.gold	backup_20260731_biosample	45	pressure	CHARACTER VARYING	YES				describe
gold-db-2 postgresql.gold	backup_20260731_biosample	46	depth	DECIMAL	YES		38	6	describe
gold-db-2 postgresql.gold	backup_20260731_biosample	47	depth2	DECIMAL	YES		38	6	describe
gold-db-2 postgresql.gold	backup_20260731_biosample	48	subsurface_depth	DECIMAL	YES		38	6	describe
gold-db-2 postgresql.gold	backup_20260731_biosample	49	subsurface_depth2	DECIMAL	YES		38	6	describe
gold-db-2 postgresql.gold	backup_20260731_biosample	50	altitude	DECIMAL	YES		38	6	describe
gold-db-2 postgresql.gold	backup_20260731_biosample	51	altitude2	DECIMAL	YES		38	6	describe
gold-db-2 postgresql.gold	backup_20260731_biosample	52	elevation	DECIMAL	YES		38	6	describe
gold-db-2 postgresql.gold	backup_20260731_biosample	53	elevation2	DECIMAL	YES		38	6	describe
gold-db-2 postgresql.gold	backup_20260731_biosample	54	ph1	DECIMAL	YES		38	6	describe
gold-db-2 postgresql.gold	backup_20260731_biosample	55	ph2	DECIMAL	YES		38	6	describe
gold-db-2 postgresql.gold	backup_20260731_biosample	56	growth_temperature	DECIMAL	YES		38	6	describe
gold-db-2 postgresql.gold	backup_20260731_biosample	57	growth_temperature2	DECIMAL	YES		38	6	describe
gold-db-2 postgresql.gold	backup_20260731_biosample	58	tot_org_carbon	DECIMAL	YES		38	6	describe
gold-db-2 postgresql.gold	backup_20260731_biosample	59	tot_nitrogen	CHARACTER VARYING	YES				describe
gold-db-2 postgresql.gold	backup_20260731_biosample	60	soluble_iron_micromol	DECIMAL	YES		38	6	describe
gold-db-2 postgresql.gold	backup_20260731_biosample	61	bicarbonate_millimol	DECIMAL	YES		38	6	describe
gold-db-2 postgresql.gold	backup_20260731_biosample	62	h2s_millimol	DECIMAL	YES		38	6	describe
gold-db-2 postgresql.gold	backup_20260731_biosample	63	h2s_present	CHARACTER VARYING	YES				describe
gold-db-2 postgresql.gold	backup_20260731_biosample	64	irradiance	CHARACTER VARYING	YES				describe
gold-db-2 postgresql.gold	backup_20260731_biosample	65	oxygen_presence	CHARACTER VARYING	YES				describe
gold-db-2 postgresql.gold	backup_20260731_biosample	66	methane_conc_millimol	DECIMAL	YES		38	6	describe
gold-db-2 postgresql.gold	backup_20260731_biosample	67	chlorophyll_concentration	CHARACTER VARYING	YES				describe
gold-db-2 postgresql.gold	backup_20260731_biosample	68	nitrate_concentration	CHARACTER VARYING	YES				describe
gold-db-2 postgresql.gold	backup_20260731_biosample	69	oxygen_concentration	CHARACTER VARYING	YES				describe
gold-db-2 postgresql.gold	backup_20260731_biosample	70	salinity_concentration	CHARACTER VARYING	YES				describe
gold-db-2 postgresql.gold	backup_20260731_biosample	71	sample_conductivity	CHARACTER VARYING	YES				describe
gold-db-2 postgresql.gold	backup_20260731_biosample	72	host_name	CHARACTER VARYING	YES				describe
gold-db-2 postgresql.gold	backup_20260731_biosample	73	host_taxonomy_id	DECIMAL	YES		38	0	describe
gold-db-2 postgresql.gold	backup_20260731_biosample	74	host_gender	CHARACTER VARYING	YES				describe
gold-db-2 postgresql.gold	backup_20260731_biosample	75	host_race	CHARACTER VARYING	YES				describe
gold-db-2 postgresql.gold	backup_20260731_biosample	76	host_age	CHARACTER VARYING	YES				describe
gold-db-2 postgresql.gold	backup_20260731_biosample	77	host_health_condition	CHARACTER VARYING	YES				describe
gold-db-2 postgresql.gold	backup_20260731_biosample	78	host_medication	CHARACTER VARYING	YES				describe
gold-db-2 postgresql.gold	backup_20260731_biosample	79	host_body_site	CHARACTER VARYING	YES				describe
gold-db-2 postgresql.gold	backup_20260731_biosample	80	host_body_subsite	CHARACTER VARYING	YES				describe
gold-db-2 postgresql.gold	backup_20260731_biosample	81	host_body_product	CHARACTER VARYING	YES				describe
gold-db-2 postgresql.gold	backup_20260731_biosample	82	host_specificity	CHARACTER VARYING	YES				describe
gold-db-2 postgresql.gold	backup_20260731_biosample	83	host_comments	CHARACTER VARYING	YES				describe
gold-db-2 postgresql.gold	backup_20260731_biosample	84	patient_visit_number	DECIMAL	YES		38	0	describe
gold-db-2 postgresql.gold	backup_20260731_biosample	85	mrn	CHARACTER VARYING	YES				describe
gold-db-2 postgresql.gold	backup_20260731_biosample	86	other_hosts	CHARACTER VARYING	YES				describe
gold-db-2 postgresql.gold	backup_20260731_biosample	87	known_non_hosts	CHARACTER VARYING	YES				describe
gold-db-2 postgresql.gold	backup_20260731_biosample	88	host_body_site_id	DECIMAL	YES		38	6	describe
gold-db-2 postgresql.gold	backup_20260731_biosample	89	host_body_subsite_id	DECIMAL	YES		38	6	describe
gold-db-2 postgresql.gold	backup_20260731_biosample	90	host_body_product_id	DECIMAL	YES		38	6	describe
gold-db-2 postgresql.gold	backup_20260731_biosample	91	annotator_comments	CHARACTER VARYING	YES				describe
gold-db-2 postgresql.gold	backup_20260731_biosample	92	sampling_strategy	CHARACTER VARYING	YES				describe
gold-db-2 postgresql.gold	backup_20260731_biosample	93	replicate_number	DECIMAL	YES		38	0	describe
gold-db-2 postgresql.gold	backup_20260731_biosample	94	sample_volume	CHARACTER VARYING	YES				describe
gold-db-2 postgresql.gold	backup_20260731_biosample	95	sample_biomass	CHARACTER VARYING	YES				describe
gold-db-2 postgresql.gold	backup_20260731_biosample	96	soil_package_id	DECIMAL	YES		38	6	describe
gold-db-2 postgresql.gold	backup_20260731_biosample	97	water_package_id	DECIMAL	YES		38	6	describe
gold-db-2 postgresql.gold	backup_20260731_biosample	98	global_package_id	DECIMAL	YES		38	6	describe
gold-db-2 postgresql.gold	backup_20260731_biosample	99	package_host_associated_id	DECIMAL	YES		38	6	describe
gold-db-2 postgresql.gold	backup_20260731_biosample	100	package_human_associated_id	DECIMAL	YES		38	6	describe
gold-db-2 postgresql.gold	backup_20260731_biosample	101	package_wastewater_id	DECIMAL	YES		38	6	describe
gold-db-2 postgresql.gold	backup_20260731_biosample	102	package_built_environment_id	DECIMAL	YES		38	6	describe
gold-db-2 postgresql.gold	backup_20260731_biosample	103	plant_package_id	DECIMAL	YES		38	6	describe
gold-db-2 postgresql.gold	backup_20260731_biosample	104	hydrocarbon_fs_package_id	DECIMAL	YES		38	6	describe
gold-db-2 postgresql.gold	backup_20260731_biosample	105	hydrocarbon_core_package_id	DECIMAL	YES		38	6	describe
gold-db-2 postgresql.gold	backup_20260731_biosample	106	microbial_mat_package_id	DECIMAL	YES		38	6	describe
gold-db-2 postgresql.gold	backup_20260731_biosample	107	sediment_package_id	DECIMAL	YES		38	6	describe
gold-db-2 postgresql.gold	backup_20260731_biosample	108	public_sp_count	DECIMAL	YES		38	6	describe
gold-db-2 postgresql.gold	backup_20260731_biosample	109	admin_sp_count	DECIMAL	YES		38	6	describe
gold-db-2 postgresql.gold	backup_20260731_biosample	110	public_ap_count	DECIMAL	YES		38	6	describe
gold-db-2 postgresql.gold	backup_20260731_biosample	111	admin_ap_count	DECIMAL	YES		38	6	describe
gold-db-2 postgresql.gold	backup_20260731_biosample	112	public_dap_count	DECIMAL	YES		38	6	describe
gold-db-2 postgresql.gold	backup_20260731_biosample	113	admin_dap_count	DECIMAL	YES		38	6	describe
gold-db-2 postgresql.gold	backup_20260731_biosample	114	jpa_entity	CHARACTER VARYING	YES				describe
gold-db-2 postgresql.gold	backup_20260731_biosample	115	project_oid	DECIMAL	YES		38	0	describe
gold-db-2 postgresql.gold	backup_20260731_biosample	116	sample_oid	DECIMAL	YES		38	0	describe
gold-db-2 postgresql.gold	backup_20260731_biosample	117	specimen	CHARACTER VARYING	YES				describe
gold-db-2 postgresql.gold	backup_20260731_biosample	118	submit_biosample_name	CHARACTER VARYING	YES				describe
gold-db-2 postgresql.gold	backup_20260731_biosample	119	ph	CHARACTER VARYING	YES				describe
gold-db-2 postgresql.gold	backup_20260731_biosample	120	legacy_depth_data	CHARACTER VARYING	YES				describe
gold-db-2 postgresql.gold	backup_20260731_biosample	121	latitude_test	DECIMAL	YES		38	6	describe
gold-db-2 postgresql.gold	backup_20260731_biosample	122	longitude_test	DECIMAL	YES		38	6	describe
gold-db-2 postgresql.gold	backup_20260731_biosample	123	longhurst_code	CHARACTER VARYING	YES				describe
gold-db-2 postgresql.gold	backup_20260731_biosample	124	cruise_line_name	CHARACTER VARYING	YES				describe
gold-db-2 postgresql.gold	backup_20260731_biosample	125	proport_ocean	CHARACTER VARYING	YES				describe
gold-db-2 postgresql.gold	backup_20260731_biosample	126	proport_isolation	CHARACTER VARYING	YES				describe
gold-db-2 postgresql.gold	backup_20260731_biosample	127	proport_station	CHARACTER VARYING	YES				describe
gold-db-2 postgresql.gold	backup_20260731_biosample	128	proport_woa_temperature	DECIMAL	YES		10	5	describe
gold-db-2 postgresql.gold	backup_20260731_biosample	129	proport_woa_salinity	DECIMAL	YES		10	5	describe
gold-db-2 postgresql.gold	backup_20260731_biosample	130	proport_woa_dissolved_oxygen	DECIMAL	YES		10	5	describe
gold-db-2 postgresql.gold	backup_20260731_biosample	131	proport_woa_silicate	DECIMAL	YES		10	5	describe
gold-db-2 postgresql.gold	backup_20260731_biosample	132	proport_woa_phosphate	DECIMAL	YES		10	5	describe
gold-db-2 postgresql.gold	backup_20260731_biosample	133	proport_woa_nitrate	DECIMAL	YES		10	5	describe
gold-db-2 postgresql.gold	backup_20260731_biosample	134	biogas_fed_substrates	CHARACTER VARYING	YES				describe
gold-db-2 postgresql.gold	backup_20260731_biosample	135	biogas_retention_time	CHARACTER VARYING	YES				describe
gold-db-2 postgresql.gold	backup_20260731_biosample	136	biogas_temperature	CHARACTER VARYING	YES				describe
gold-db-2 postgresql.gold	backup_20260731_biosample	137	biogas_yield	CHARACTER VARYING	YES				describe
gold-db-2 postgresql.gold	backup_20260731_biosample	138	biogas_volatile_organic_acids	CHARACTER VARYING	YES				describe
gold-db-2 postgresql.gold	backup_20260731_biosample	139	biogas_total_inorganic_carbon	CHARACTER VARYING	YES				describe
gold-db-2 postgresql.gold	backup_20260731_biosample	140	biogas_voa_tic	CHARACTER VARYING	YES				describe
gold-db-2 postgresql.gold	backup_20260731_biosample	141	biogas_ammonium_nh4	CHARACTER VARYING	YES				describe
gold-db-2 postgresql.gold	backup_20260731_biosample	142	biogas_butanol	CHARACTER VARYING	YES				describe
gold-db-2 postgresql.gold	backup_20260731_biosample	143	biogas_ethanol	CHARACTER VARYING	YES				describe
gold-db-2 postgresql.gold	backup_20260731_biosample	144	biogas_propanol	CHARACTER VARYING	YES				describe
gold-db-2 postgresql.gold	backup_20260731_biosample	145	biogas_methanol	CHARACTER VARYING	YES				describe
gold-db-2 postgresql.gold	backup_20260731_biosample	146	biogas_acetic_acid	CHARACTER VARYING	YES				describe
gold-db-2 postgresql.gold	backup_20260731_biosample	147	biogas_butyl_acid	CHARACTER VARYING	YES				describe
gold-db-2 postgresql.gold	backup_20260731_biosample	148	biogas_iso_butyl_acid	CHARACTER VARYING	YES				describe
gold-db-2 postgresql.gold	backup_20260731_biosample	149	biogas_valeric_acid	CHARACTER VARYING	YES				describe
gold-db-2 postgresql.gold	backup_20260731_biosample	150	biogas_iso_valeric_acid	CHARACTER VARYING	YES				describe
gold-db-2 postgresql.gold	backup_20260731_biosample	151	biogas_propionic_acid	CHARACTER VARYING	YES				describe
gold-db-2 postgresql.gold	backup_20260731_biosample	152	biogas_methane_pct	DECIMAL	YES		5	2	describe
gold-db-2 postgresql.gold	backup_20260731_biosample	153	size_fraction	CHARACTER VARYING	YES				describe
gold-db-2 postgresql.gold	backup_20260731_biosample	154	health_disease_stat	CHARACTER VARYING	YES				describe
gold-db-2 postgresql.gold	backup_20260731_biosample	155	its_growth_conditions	CHARACTER VARYING	YES				describe
gold-db-2 postgresql.gold	backup_20260731_biosample	156	its_volume_ul	DECIMAL	YES		38	6	describe
gold-db-2 postgresql.gold	backup_20260731_biosample	157	its_concentration_ng_ul	DECIMAL	YES		38	6	describe
gold-db-2 postgresql.gold	backup_20260731_biosample	158	its_density_g_ml	DECIMAL	YES		38	6	describe
gold-db-2 postgresql.gold	backup_20260731_biosample	159	its_sample_group_name	CHARACTER VARYING	YES				describe
gold-db-2 postgresql.gold	backup_20260731_biosample	160	its_isotope_label	CHARACTER VARYING	YES				describe
gold-db-2 postgresql.gold	backup_20260731_biosample	161	is_draft	CHARACTER VARYING	YES				describe
gold-db-2 postgresql.gold	backup_20260731_biosample	162	is_test	CHARACTER VARYING	YES				describe
gold-db-2 postgresql.gold	backup_20260731_contact	1	contact_id	DECIMAL	YES		16	0	describe
gold-db-2 postgresql.gold	backup_20260731_contact	2	username	CHARACTER VARYING	YES				describe
gold-db-2 postgresql.gold	backup_20260731_contact	3	password	CHARACTER VARYING	YES				describe
gold-db-2 postgresql.gold	backup_20260731_contact	4	name	CHARACTER VARYING	YES				describe
gold-db-2 postgresql.gold	backup_20260731_contact	5	title	CHARACTER VARYING	YES				describe
gold-db-2 postgresql.gold	backup_20260731_contact	6	department	CHARACTER VARYING	YES				describe
gold-db-2 postgresql.gold	backup_20260731_contact	7	email	CHARACTER VARYING	YES				describe
gold-db-2 postgresql.gold	backup_20260731_contact	8	phone	CHARACTER VARYING	YES				describe
gold-db-2 postgresql.gold	backup_20260731_contact	9	organization	CHARACTER VARYING	YES				describe
gold-db-2 postgresql.gold	backup_20260731_contact	10	address	CHARACTER VARYING	YES				describe
gold-db-2 postgresql.gold	backup_20260731_contact	11	city	CHARACTER VARYING	YES				describe
gold-db-2 postgresql.gold	backup_20260731_contact	12	state	CHARACTER VARYING	YES				describe
gold-db-2 postgresql.gold	backup_20260731_contact	13	country	CHARACTER VARYING	YES				describe
gold-db-2 postgresql.gold	backup_20260731_contact	14	comments	CHARACTER VARYING	YES				describe
gold-db-2 postgresql.gold	backup_20260731_contact	15	add_date	TIMESTAMP	YES				describe
gold-db-2 postgresql.gold	backup_20260731_contact	16	jgi_user	CHARACTER VARYING	YES				describe
gold-db-2 postgresql.gold	backup_20260731_contact	17	caliban_id	DECIMAL	YES		38	0	describe
gold-db-2 postgresql.gold	backup_20260731_contact	18	url	CHARACTER VARYING	YES				describe
gold-db-2 postgresql.gold	backup_20260731_contact	19	master_contact_id	DECIMAL	YES		16	0	describe
gold-db-2 postgresql.gold	backup_20260731_contact	20	user_role	CHARACTER VARYING	YES				describe
gold-db-2 postgresql.gold	backup_20260731_contact	21	jgi_user_id	CHARACTER VARYING	YES				describe
gold-db-2 postgresql.gold	backup_20260731_contact	22	orcid_id	CHARACTER VARYING	YES				describe
gold-db-2 postgresql.gold	backup_20260731_contact	23	jgi_contact_id	DECIMAL	YES		38	0	describe
gold-db-2 postgresql.gold	backup_20260731_organism	1	organism_id	DECIMAL	YES		38	0	describe
gold-db-2 postgresql.gold	backup_20260731_organism	2	active	CHARACTER VARYING	YES				describe
gold-db-2 postgresql.gold	backup_20260731_organism	3	is_public	CHARACTER VARYING	YES				describe
gold-db-2 postgresql.gold	backup_20260731_organism	4	add_date	TIMESTAMP	YES				describe
gold-db-2 postgresql.gold	backup_20260731_organism	5	mod_date	TIMESTAMP	YES				describe
gold-db-2 postgresql.gold	backup_20260731_organism	6	mod_by	DECIMAL	YES		38	0	describe
gold-db-2 postgresql.gold	backup_20260731_organism	7	gold_id	CHARACTER VARYING	YES				describe
gold-db-2 postgresql.gold	backup_20260731_organism	8	organism_name	CHARACTER VARYING	YES				describe
gold-db-2 postgresql.gold	backup_20260731_organism	9	genus	CHARACTER VARYING	YES				describe
gold-db-2 postgresql.gold	backup_20260731_organism	10	species	CHARACTER VARYING	YES				describe
gold-db-2 postgresql.gold	backup_20260731_organism	11	subspecies	CHARACTER VARYING	YES				describe
gold-db-2 postgresql.gold	backup_20260731_organism	12	strain	CHARACTER VARYING	YES				describe
gold-db-2 postgresql.gold	backup_20260731_organism	13	serovar	CHARACTER VARYING	YES				describe
gold-db-2 postgresql.gold	backup_20260731_organism	14	culture_collection_id	CHARACTER VARYING	YES				describe
gold-db-2 postgresql.gold	backup_20260731_organism	15	type_strain	CHARACTER VARYING	YES				describe
gold-db-2 postgresql.gold	backup_20260731_organism	16	domain	CHARACTER VARYING	YES				describe
gold-db-2 postgresql.gold	backup_20260731_organism	17	gold_phylogeny	CHARACTER VARYING	YES				describe
gold-db-2 postgresql.gold	backup_20260731_organism	18	ncbi_taxonomy_id	DECIMAL	YES		20	0	describe
gold-db-2 postgresql.gold	backup_20260731_organism	19	ncbi_taxonomy_name	CHARACTER VARYING	YES				describe
gold-db-2 postgresql.gold	backup_20260731_organism	20	ncbi_superkingdom	CHARACTER VARYING	YES				describe
gold-db-2 postgresql.gold	backup_20260731_organism	21	ncbi_kingdom	CHARACTER VARYING	YES				describe
gold-db-2 postgresql.gold	backup_20260731_organism	22	ncbi_phylum	CHARACTER VARYING	YES				describe
gold-db-2 postgresql.gold	backup_20260731_organism	23	ncbi_class	CHARACTER VARYING	YES				describe
gold-db-2 postgresql.gold	backup_20260731_organism	24	ncbi_order	CHARACTER VARYING	YES				describe
gold-db-2 postgresql.gold	backup_20260731_organism	25	ncbi_family	CHARACTER VARYING	YES				describe
gold-db-2 postgresql.gold	backup_20260731_organism	26	ncbi_genus	CHARACTER VARYING	YES				describe
gold-db-2 postgresql.gold	backup_20260731_organism	27	ncbi_species	CHARACTER VARYING	YES				describe
gold-db-2 postgresql.gold	backup_20260731_organism	28	genbank_16s_id	CHARACTER VARYING	YES				describe
gold-db-2 postgresql.gold	backup_20260731_organism	29	clade	CHARACTER VARYING	YES				describe
gold-db-2 postgresql.gold	backup_20260731_organism	30	tax_class_method	CHARACTER VARYING	YES				describe
gold-db-2 postgresql.gold	backup_20260731_organism	31	organism_type	CHARACTER VARYING	YES				describe
gold-db-2 postgresql.gold	backup_20260731_organism	32	cultured	CHARACTER VARYING	YES				describe
gold-db-2 postgresql.gold	backup_20260731_organism	33	culture_type	CHARACTER VARYING	YES				describe
gold-db-2 postgresql.gold	backup_20260731_organism	34	uncultured_type	CHARACTER VARYING	YES				describe
gold-db-2 postgresql.gold	backup_20260731_organism	35	other_names	CHARACTER VARYING	YES				describe
gold-db-2 postgresql.gold	backup_20260731_organism	36	genus_synonyms	CHARACTER VARYING	YES				describe
gold-db-2 postgresql.gold	backup_20260731_organism	37	species_synonyms	CHARACTER VARYING	YES				describe
gold-db-2 postgresql.gold	backup_20260731_organism	38	ecotype	CHARACTER VARYING	YES				describe
gold-db-2 postgresql.gold	backup_20260731_organism	39	common_name	CHARACTER VARYING	YES				describe
gold-db-2 postgresql.gold	backup_20260731_organism	40	master_group_id	DECIMAL	YES		38	6	describe
gold-db-2 postgresql.gold	backup_20260731_organism	41	submitter_id	DECIMAL	YES		38	6	describe
gold-db-2 postgresql.gold	backup_20260731_organism	42	sample_collection_site	CHARACTER VARYING	YES				describe
gold-db-2 postgresql.gold	backup_20260731_organism	43	sample_isolation_country_id	DECIMAL	YES		38	6	describe
gold-db-2 postgresql.gold	backup_20260731_organism	44	geographic_location	CHARACTER VARYING	YES				describe
gold-db-2 postgresql.gold	backup_20260731_organism	45	latitude	DECIMAL	YES		38	6	describe
gold-db-2 postgresql.gold	backup_20260731_organism	46	longitude	DECIMAL	YES		38	6	describe
gold-db-2 postgresql.gold	backup_20260731_organism	47	lat_long_inferred	CHARACTER VARYING	YES				describe
gold-db-2 postgresql.gold	backup_20260731_organism	48	isolation_publication_id	DECIMAL	YES		38	0	describe
gold-db-2 postgresql.gold	backup_20260731_organism	49	isolation_pubmed_id	DECIMAL	YES		38	6	describe
gold-db-2 postgresql.gold	backup_20260731_organism	50	sample_isolation_comments	CHARACTER VARYING	YES				describe
gold-db-2 postgresql.gold	backup_20260731_organism	51	sample_collection_day	DECIMAL	YES		38	0	describe
gold-db-2 postgresql.gold	backup_20260731_organism	52	sample_collection_month	DECIMAL	YES		38	0	describe
gold-db-2 postgresql.gold	backup_20260731_organism	53	sample_collection_year	DECIMAL	YES		38	0	describe
gold-db-2 postgresql.gold	backup_20260731_organism	54	sample_collection_hour	DECIMAL	YES		2	0	describe
gold-db-2 postgresql.gold	backup_20260731_organism	55	sample_collection_minute	DECIMAL	YES		2	0	describe
gold-db-2 postgresql.gold	backup_20260731_organism	56	ecosystem_path_id	DECIMAL	YES		38	0	describe
gold-db-2 postgresql.gold	backup_20260731_organism	57	ecosystem	CHARACTER VARYING	YES				describe
gold-db-2 postgresql.gold	backup_20260731_organism	58	ecosystem_category	CHARACTER VARYING	YES				describe
gold-db-2 postgresql.gold	backup_20260731_organism	59	ecosystem_type	CHARACTER VARYING	YES				describe
gold-db-2 postgresql.gold	backup_20260731_organism	60	ecosystem_subtype	CHARACTER VARYING	YES				describe
gold-db-2 postgresql.gold	backup_20260731_organism	61	specific_ecosystem	CHARACTER VARYING	YES				describe
gold-db-2 postgresql.gold	backup_20260731_organism	62	other_ecosystem	CHARACTER VARYING	YES				describe
gold-db-2 postgresql.gold	backup_20260731_organism	63	gram_stain	CHARACTER VARYING	YES				describe
gold-db-2 postgresql.gold	backup_20260731_organism	64	oxygen_requirement	CHARACTER VARYING	YES				describe
gold-db-2 postgresql.gold	backup_20260731_organism	65	carbon_source	CHARACTER VARYING	YES				describe
gold-db-2 postgresql.gold	backup_20260731_organism	66	cell_shape	CHARACTER VARYING	YES				describe
gold-db-2 postgresql.gold	backup_20260731_organism	67	cell_length	CHARACTER VARYING	YES				describe
gold-db-2 postgresql.gold	backup_20260731_organism	68	motility	CHARACTER VARYING	YES				describe
gold-db-2 postgresql.gold	backup_20260731_organism	69	sporulation	CHARACTER VARYING	YES				describe
gold-db-2 postgresql.gold	backup_20260731_organism	70	cell_diameter	CHARACTER VARYING	YES				describe
gold-db-2 postgresql.gold	backup_20260731_organism	71	temperature_range	CHARACTER VARYING	YES				describe
gold-db-2 postgresql.gold	backup_20260731_organism	72	growth_temperature	DECIMAL	YES		38	6	describe
gold-db-2 postgresql.gold	backup_20260731_organism	73	growth_temperature2	DECIMAL	YES		38	6	describe
gold-db-2 postgresql.gold	backup_20260731_organism	74	sample_collection_temperature	DECIMAL	YES		38	6	describe
gold-db-2 postgresql.gold	backup_20260731_organism	75	sample_collection_temperature2	DECIMAL	YES		38	6	describe
gold-db-2 postgresql.gold	backup_20260731_organism	76	color	CHARACTER VARYING	YES				describe
gold-db-2 postgresql.gold	backup_20260731_organism	77	depth	DECIMAL	YES		38	6	describe
gold-db-2 postgresql.gold	backup_20260731_organism	78	depth2	DECIMAL	YES		38	6	describe
gold-db-2 postgresql.gold	backup_20260731_organism	79	subsurface_depth1	DECIMAL	YES		38	6	describe
gold-db-2 postgresql.gold	backup_20260731_organism	80	subsurface_depth2	DECIMAL	YES		38	6	describe
gold-db-2 postgresql.gold	backup_20260731_organism	81	altitude	DECIMAL	YES		38	6	describe
gold-db-2 postgresql.gold	backup_20260731_organism	82	altitude2	DECIMAL	YES		38	6	describe
gold-db-2 postgresql.gold	backup_20260731_organism	83	elevation	DECIMAL	YES		38	6	describe
gold-db-2 postgresql.gold	backup_20260731_organism	84	elevation2	DECIMAL	YES		38	6	describe
gold-db-2 postgresql.gold	backup_20260731_organism	85	ph1	DECIMAL	YES		38	6	describe
gold-db-2 postgresql.gold	backup_20260731_organism	86	ph2	DECIMAL	YES		38	6	describe
gold-db-2 postgresql.gold	backup_20260731_organism	87	salinity	CHARACTER VARYING	YES				describe
gold-db-2 postgresql.gold	backup_20260731_organism	88	pressure	CHARACTER VARYING	YES				describe
gold-db-2 postgresql.gold	backup_20260731_organism	89	chlorophyll_concentration	CHARACTER VARYING	YES				describe
gold-db-2 postgresql.gold	backup_20260731_organism	90	nitrate_concentration	CHARACTER VARYING	YES				describe
gold-db-2 postgresql.gold	backup_20260731_organism	91	oxygen_concentration	CHARACTER VARYING	YES				describe
gold-db-2 postgresql.gold	backup_20260731_organism	92	salinity_concentration	CHARACTER VARYING	YES				describe
gold-db-2 postgresql.gold	backup_20260731_organism	93	growth_conditions	CHARACTER VARYING	YES				describe
gold-db-2 postgresql.gold	backup_20260731_organism	94	tot_org_carbon	DECIMAL	YES		38	6	describe
gold-db-2 postgresql.gold	backup_20260731_organism	95	tot_nitrogen	CHARACTER VARYING	YES				describe
gold-db-2 postgresql.gold	backup_20260731_organism	96	bicarbonate_millimol	DECIMAL	YES		38	6	describe
gold-db-2 postgresql.gold	backup_20260731_organism	97	soluble_iron_micromol	DECIMAL	YES		38	6	describe
gold-db-2 postgresql.gold	backup_20260731_organism	98	h2s_millimol	DECIMAL	YES		38	6	describe
gold-db-2 postgresql.gold	backup_20260731_organism	99	h2s_present	CHARACTER VARYING	YES				describe
gold-db-2 postgresql.gold	backup_20260731_organism	100	irradiance	CHARACTER VARYING	YES				describe
gold-db-2 postgresql.gold	backup_20260731_organism	101	methane_conc_millimol	DECIMAL	YES		38	6	describe
gold-db-2 postgresql.gold	backup_20260731_organism	102	sample_conductivity	CHARACTER VARYING	YES				describe
gold-db-2 postgresql.gold	backup_20260731_organism	103	env_broad_scale	CHARACTER VARYING	YES				describe
gold-db-2 postgresql.gold	backup_20260731_organism	104	env_local_scale	CHARACTER VARYING	YES				describe
gold-db-2 postgresql.gold	backup_20260731_organism	105	env_medium	CHARACTER VARYING	YES				describe
gold-db-2 postgresql.gold	backup_20260731_organism	106	host_name	CHARACTER VARYING	YES				describe
gold-db-2 postgresql.gold	backup_20260731_organism	107	host_taxonomy_id	DECIMAL	YES		38	0	describe
gold-db-2 postgresql.gold	backup_20260731_organism	108	host_gender	CHARACTER VARYING	YES				describe
gold-db-2 postgresql.gold	backup_20260731_organism	109	host_race	CHARACTER VARYING	YES				describe
gold-db-2 postgresql.gold	backup_20260731_organism	110	host_age	CHARACTER VARYING	YES				describe
gold-db-2 postgresql.gold	backup_20260731_organism	111	host_health_condition	CHARACTER VARYING	YES				describe
gold-db-2 postgresql.gold	backup_20260731_organism	112	host_medication	CHARACTER VARYING	YES				describe
gold-db-2 postgresql.gold	backup_20260731_organism	113	host_body_site	CHARACTER VARYING	YES				describe
gold-db-2 postgresql.gold	backup_20260731_organism	114	host_body_subsite	CHARACTER VARYING	YES				describe
gold-db-2 postgresql.gold	backup_20260731_organism	115	host_body_product	CHARACTER VARYING	YES				describe
gold-db-2 postgresql.gold	backup_20260731_organism	116	host_body_site_id	DECIMAL	YES		38	6	describe
gold-db-2 postgresql.gold	backup_20260731_organism	117	host_body_subsite_id	DECIMAL	YES		38	6	describe
gold-db-2 postgresql.gold	backup_20260731_organism	118	host_body_product_id	DECIMAL	YES		38	6	describe
gold-db-2 postgresql.gold	backup_20260731_organism	119	host_specificity	CHARACTER VARYING	YES				describe
gold-db-2 postgresql.gold	backup_20260731_organism	120	host_comments	CHARACTER VARYING	YES				describe
gold-db-2 postgresql.gold	backup_20260731_organism	121	patient_visit_number	DECIMAL	YES		38	0	describe
gold-db-2 postgresql.gold	backup_20260731_organism	122	mrn	CHARACTER VARYING	YES				describe
gold-db-2 postgresql.gold	backup_20260731_organism	123	known_non_hosts	CHARACTER VARYING	YES				describe
gold-db-2 postgresql.gold	backup_20260731_organism	124	other_hosts	CHARACTER VARYING	YES				describe
gold-db-2 postgresql.gold	backup_20260731_organism	125	viral_group	CHARACTER VARYING	YES				describe
gold-db-2 postgresql.gold	backup_20260731_organism	126	viral_subgroup	CHARACTER VARYING	YES				describe
gold-db-2 postgresql.gold	backup_20260731_organism	127	virus_enrich_appr	CHARACTER VARYING	YES				describe
gold-db-2 postgresql.gold	backup_20260731_organism	128	propagation	CHARACTER VARYING	YES				describe
gold-db-2 postgresql.gold	backup_20260731_organism	129	ploidy	CHARACTER VARYING	YES				describe
gold-db-2 postgresql.gold	backup_20260731_organism	130	pathogenicity	CHARACTER VARYING	YES				describe
gold-db-2 postgresql.gold	backup_20260731_organism	131	health_disease_stat	CHARACTER VARYING	YES				describe
gold-db-2 postgresql.gold	backup_20260731_organism	132	encoded_traits	CHARACTER VARYING	YES				describe
gold-db-2 postgresql.gold	backup_20260731_organism	133	tax_ident	CHARACTER VARYING	YES				describe
gold-db-2 postgresql.gold	backup_20260731_organism	134	comments	CHARACTER VARYING	YES				describe
gold-db-2 postgresql.gold	backup_20260731_organism	135	annotator_comments	CHARACTER VARYING	YES				describe
gold-db-2 postgresql.gold	backup_20260731_organism	136	sample_contact_name	CHARACTER VARYING	YES				describe
gold-db-2 postgresql.gold	backup_20260731_organism	137	sample_contact_email	CHARACTER VARYING	YES				describe
gold-db-2 postgresql.gold	backup_20260731_organism	138	sampling_strategy	CHARACTER VARYING	YES				describe
gold-db-2 postgresql.gold	backup_20260731_organism	139	replicate_number	DECIMAL	YES		38	0	describe
gold-db-2 postgresql.gold	backup_20260731_organism	140	symbiotic_relationship	CHARACTER VARYING	YES				describe
gold-db-2 postgresql.gold	backup_20260731_organism	141	symbiotic_physical_interaction	CHARACTER VARYING	YES				describe
gold-db-2 postgresql.gold	backup_20260731_organism	142	symbiont_name	CHARACTER VARYING	YES				describe
gold-db-2 postgresql.gold	backup_20260731_organism	143	symbiont_taxon_id	DECIMAL	YES		38	0	describe
gold-db-2 postgresql.gold	backup_20260731_organism	144	commercial	CHARACTER VARYING	YES				describe
gold-db-2 postgresql.gold	backup_20260731_organism	145	commercial_comments	CHARACTER VARYING	YES				describe
gold-db-2 postgresql.gold	backup_20260731_organism	146	subsurface_depth	CHARACTER VARYING	YES				describe
gold-db-2 postgresql.gold	backup_20260731_organism	147	ph	CHARACTER VARYING	YES				describe
gold-db-2 postgresql.gold	backup_20260731_organism	148	is_virocell	CHARACTER VARYING	YES				describe
gold-db-2 postgresql.gold	backup_20260731_organism	149	straininfo_group_id	DECIMAL	YES		38	6	describe
gold-db-2 postgresql.gold	backup_20260731_organism	150	source	CHARACTER VARYING	YES				describe
gold-db-2 postgresql.gold	backup_20260731_organism	151	taxonomy_status	CHARACTER VARYING	YES				describe
gold-db-2 postgresql.gold	backup_20260731_organism	152	legacy_depth_data	CHARACTER VARYING	YES				describe
gold-db-2 postgresql.gold	backup_20260731_organism	153	latitude_test	DECIMAL	YES		38	6	describe
gold-db-2 postgresql.gold	backup_20260731_organism	154	longitude_test	DECIMAL	YES		38	6	describe
gold-db-2 postgresql.gold	backup_20260731_organism	155	soil_curr_land_use	CHARACTER VARYING	YES				describe
gold-db-2 postgresql.gold	backup_20260731_organism	156	soil_curr_vegetation	CHARACTER VARYING	YES				describe
gold-db-2 postgresql.gold	backup_20260731_organism	157	soil_curr_vegetation_method	CHARACTER VARYING	YES				describe
gold-db-2 postgresql.gold	backup_20260731_organism	158	soil_prev_land_use	CHARACTER VARYING	YES				describe
gold-db-2 postgresql.gold	backup_20260731_organism	159	soil_sample_biomass	DECIMAL	YES		38	6	describe
gold-db-2 postgresql.gold	backup_20260731_organism	160	soil_sample_volume	DECIMAL	YES		38	6	describe
gold-db-2 postgresql.gold	backup_20260731_organism	161	img_breadth_calc	DECIMAL	YES		7	4	describe
gold-db-2 postgresql.gold	backup_20260731_organism	162	public_sp_count	DECIMAL	YES		38	6	describe
gold-db-2 postgresql.gold	backup_20260731_organism	163	admin_sp_count	DECIMAL	YES		38	6	describe
gold-db-2 postgresql.gold	backup_20260731_organism	164	public_ap_count	DECIMAL	YES		38	6	describe
gold-db-2 postgresql.gold	backup_20260731_organism	165	admin_ap_count	DECIMAL	YES		38	6	describe
gold-db-2 postgresql.gold	backup_20260731_organism	166	gold_class	CHARACTER VARYING	YES				describe
gold-db-2 postgresql.gold	backup_20260731_organism	167	gold_order	CHARACTER VARYING	YES				describe
gold-db-2 postgresql.gold	backup_20260731_organism	168	gold_family	CHARACTER VARYING	YES				describe
gold-db-2 postgresql.gold	backup_20260731_organism	169	submit_organism_name	CHARACTER VARYING	YES				describe
gold-db-2 postgresql.gold	backup_20260731_organism	170	biosample_id	DECIMAL	YES		38	6	describe
gold-db-2 postgresql.gold	backup_20260731_organism	171	exemplar_doi	CHARACTER VARYING	YES				describe
gold-db-2 postgresql.gold	backup_20260731_organism	172	exemplar_name	CHARACTER VARYING	YES				describe
gold-db-2 postgresql.gold	backup_20260731_organism	173	taxon_doi	CHARACTER VARYING	YES				describe
gold-db-2 postgresql.gold	backup_20260731_organism	174	strain_info_id	DECIMAL	YES		20	0	describe
gold-db-2 postgresql.gold	backup_20260731_organism	175	biosafety_level	CHARACTER VARYING	YES				describe
gold-db-2 postgresql.gold	backup_20260731_organism	176	ncbi_biosample_id	CHARACTER VARYING	YES				describe
gold-db-2 postgresql.gold	backup_20260731_organism	177	longhurst_code	CHARACTER VARYING	YES				describe
gold-db-2 postgresql.gold	backup_20260731_organism	178	cruise_line_name	CHARACTER VARYING	YES				describe
gold-db-2 postgresql.gold	backup_20260731_organism	179	proport_ocean	CHARACTER VARYING	YES				describe
gold-db-2 postgresql.gold	backup_20260731_organism	180	proport_isolation	CHARACTER VARYING	YES				describe
gold-db-2 postgresql.gold	backup_20260731_organism	181	proport_station	CHARACTER VARYING	YES				describe
gold-db-2 postgresql.gold	backup_20260731_organism	182	proport_woa_temperature	DECIMAL	YES		10	5	describe
gold-db-2 postgresql.gold	backup_20260731_organism	183	proport_woa_salinity	DECIMAL	YES		10	5	describe
gold-db-2 postgresql.gold	backup_20260731_organism	184	proport_woa_dissolved_oxygen	DECIMAL	YES		10	5	describe
gold-db-2 postgresql.gold	backup_20260731_organism	185	proport_woa_silicate	DECIMAL	YES		10	5	describe
gold-db-2 postgresql.gold	backup_20260731_organism	186	proport_woa_phosphate	DECIMAL	YES		10	5	describe
gold-db-2 postgresql.gold	backup_20260731_organism	187	proport_woa_nitrate	DECIMAL	YES		10	5	describe
gold-db-2 postgresql.gold	backup_20260731_organism	188	its_growth_conditions	CHARACTER VARYING	YES				describe
gold-db-2 postgresql.gold	backup_20260731_organism	189	project_oid	DECIMAL	YES		38	0	describe
gold-db-2 postgresql.gold	backup_20260731_organism	190	sample_oid	DECIMAL	YES		38	0	describe
gold-db-2 postgresql.gold	backup_20260731_organism	191	specimen	CHARACTER VARYING	YES				describe
gold-db-2 postgresql.gold	backup_20260731_organism	192	submit_biosample_name	CHARACTER VARYING	YES				describe
gold-db-2 postgresql.gold	backup_20260731_organism	193	soil_package_id	DECIMAL	YES		38	6	describe
gold-db-2 postgresql.gold	backup_20260731_organism	194	water_package_id	DECIMAL	YES		38	6	describe
gold-db-2 postgresql.gold	backup_20260731_organism	195	plant_package_id	DECIMAL	YES		38	6	describe
gold-db-2 postgresql.gold	backup_20260731_organism	196	hydrocarbon_fs_package_id	DECIMAL	YES		38	6	describe
gold-db-2 postgresql.gold	backup_20260731_organism	197	hydrocarbon_core_package_id	DECIMAL	YES		38	6	describe
gold-db-2 postgresql.gold	backup_20260731_organism	198	microbial_mat_package_id	DECIMAL	YES		38	6	describe
gold-db-2 postgresql.gold	backup_20260731_organism	199	sediment_package_id	DECIMAL	YES		38	6	describe
gold-db-2 postgresql.gold	backup_20260731_organism	200	package_host_associated_id	DECIMAL	YES		38	6	describe
gold-db-2 postgresql.gold	backup_20260731_organism	201	package_human_associated_id	DECIMAL	YES		38	6	describe
gold-db-2 postgresql.gold	backup_20260731_organism	202	package_wastewater_id	DECIMAL	YES		38	6	describe
gold-db-2 postgresql.gold	backup_20260731_organism	203	package_built_environment_id	DECIMAL	YES		38	6	describe
gold-db-2 postgresql.gold	backup_20260731_organism	204	sample_volume	CHARACTER VARYING	YES				describe
gold-db-2 postgresql.gold	backup_20260731_organism	205	sample_biomass	CHARACTER VARYING	YES				describe
gold-db-2 postgresql.gold	backup_20260731_organism	206	is_draft	CHARACTER VARYING	YES				describe
gold-db-2 postgresql.gold	backup_20260731_organism	207	is_test	CHARACTER VARYING	YES				describe
gold-db-2 postgresql.gold	backup_20260731_project	1	project_id	DECIMAL	YES		38	6	describe
gold-db-2 postgresql.gold	backup_20260731_project	2	active	CHARACTER VARYING	YES				describe
gold-db-2 postgresql.gold	backup_20260731_project	3	is_public	CHARACTER VARYING	YES				describe
gold-db-2 postgresql.gold	backup_20260731_project	4	add_date	TIMESTAMP	YES				describe
gold-db-2 postgresql.gold	backup_20260731_project	5	mod_date	TIMESTAMP	YES				describe
gold-db-2 postgresql.gold	backup_20260731_project	6	mod_by	DECIMAL	YES		38	0	describe
gold-db-2 postgresql.gold	backup_20260731_project	7	its_proposal_id	DECIMAL	YES		38	6	describe
gold-db-2 postgresql.gold	backup_20260731_project	8	pmo_project_id	DECIMAL	YES		38	0	describe
gold-db-2 postgresql.gold	backup_20260731_project	9	its_spid	DECIMAL	YES		38	0	describe
gold-db-2 postgresql.gold	backup_20260731_project	10	its_sample_id	DECIMAL	YES		38	6	describe
gold-db-2 postgresql.gold	backup_20260731_project	11	gold_id	CHARACTER VARYING	YES				describe
gold-db-2 postgresql.gold	backup_20260731_project	12	project_name	CHARACTER VARYING	YES				describe
gold-db-2 postgresql.gold	backup_20260731_project	13	its_project_name	CHARACTER VARYING	YES				describe
gold-db-2 postgresql.gold	backup_20260731_project	14	its_sample_name	CHARACTER VARYING	YES				describe
gold-db-2 postgresql.gold	backup_20260731_project	15	its_sample_group_name	CHARACTER VARYING	YES				describe
gold-db-2 postgresql.gold	backup_20260731_project	16	ncbi_bioproject_id	DECIMAL	YES		38	0	describe
gold-db-2 postgresql.gold	backup_20260731_project	17	ncbi_bioproject_accession	CHARACTER VARYING	YES				describe
gold-db-2 postgresql.gold	backup_20260731_project	18	ncbi_biosample_accession	CHARACTER VARYING	YES				describe
gold-db-2 postgresql.gold	backup_20260731_project	19	ncbi_project_name	CHARACTER VARYING	YES				describe
gold-db-2 postgresql.gold	backup_20260731_project	20	its_sequencing_product_name	CHARACTER VARYING	YES				describe
gold-db-2 postgresql.gold	backup_20260731_project	21	sequencing_strategy	CHARACTER VARYING	YES				describe
gold-db-2 postgresql.gold	backup_20260731_project	22	sequencing_strategy_full	CHARACTER VARYING	YES				describe
gold-db-2 postgresql.gold	backup_20260731_project	23	project_status	CHARACTER VARYING	YES				describe
gold-db-2 postgresql.gold	backup_20260731_project	24	master_study_id	DECIMAL	YES		38	6	describe
gold-db-2 postgresql.gold	backup_20260731_project	25	organism_id	DECIMAL	YES		38	0	describe
gold-db-2 postgresql.gold	backup_20260731_project	26	pi_id	DECIMAL	YES		38	6	describe
gold-db-2 postgresql.gold	backup_20260731_project	27	project_manager_id	DECIMAL	YES		38	6	describe
gold-db-2 postgresql.gold	backup_20260731_project	28	is_single_cell_material	CHARACTER VARYING	YES				describe
gold-db-2 postgresql.gold	backup_20260731_project	29	other_project_names	CHARACTER VARYING	YES				describe
gold-db-2 postgresql.gold	backup_20260731_project	30	description	CHARACTER VARYING	YES				describe
gold-db-2 postgresql.gold	backup_20260731_project	31	specimen_id	DECIMAL	YES		38	0	describe
gold-db-2 postgresql.gold	backup_20260731_project	32	nucleic_acid	CHARACTER VARYING	YES				describe
gold-db-2 postgresql.gold	backup_20260731_project	33	ncbi_sra_id	CHARACTER VARYING	YES				describe
gold-db-2 postgresql.gold	backup_20260731_project	34	ncbi_locus_tag	CHARACTER VARYING	YES				describe
gold-db-2 postgresql.gold	backup_20260731_project	35	organism_type	CHARACTER VARYING	YES				describe
gold-db-2 postgresql.gold	backup_20260731_project	36	sequencing_status_id	DECIMAL	YES		38	0	describe
gold-db-2 postgresql.gold	backup_20260731_project	37	sequencing_quality_id	DECIMAL	YES		38	0	describe
gold-db-2 postgresql.gold	backup_20260731_project	38	low_quality_genome	CHARACTER VARYING	YES				describe
gold-db-2 postgresql.gold	backup_20260731_project	39	sequencing_comments	CHARACTER VARYING	YES				describe
gold-db-2 postgresql.gold	backup_20260731_project	40	chromosome_count	DECIMAL	YES		38	0	describe
gold-db-2 postgresql.gold	backup_20260731_project	41	plasmid_count	DECIMAL	YES		38	0	describe
gold-db-2 postgresql.gold	backup_20260731_project	42	scaffold_count	DECIMAL	YES		38	0	describe
gold-db-2 postgresql.gold	backup_20260731_project	43	est_count	DECIMAL	YES		38	0	describe
gold-db-2 postgresql.gold	backup_20260731_project	44	submitter_id	DECIMAL	YES		38	0	describe
gold-db-2 postgresql.gold	backup_20260731_project	45	project_comments	CHARACTER VARYING	YES				describe
gold-db-2 postgresql.gold	backup_20260731_project	46	annotator_comments	CHARACTER VARYING	YES				describe
gold-db-2 postgresql.gold	backup_20260731_project	47	gpts_proposal_id	DECIMAL	YES		38	6	describe
gold-db-2 postgresql.gold	backup_20260731_project	48	gpts_sample_id	DECIMAL	YES		38	6	describe
gold-db-2 postgresql.gold	backup_20260731_project	49	gpts_disambiguator	CHARACTER VARYING	YES				describe
gold-db-2 postgresql.gold	backup_20260731_project	50	library_method	CHARACTER VARYING	YES				describe
gold-db-2 postgresql.gold	backup_20260731_project	51	read_count	CHARACTER VARYING	YES				describe
gold-db-2 postgresql.gold	backup_20260731_project	52	vector	CHARACTER VARYING	YES				describe
gold-db-2 postgresql.gold	backup_20260731_project	53	read_size	CHARACTER VARYING	YES				describe
gold-db-2 postgresql.gold	backup_20260731_project	54	assembly_accession	CHARACTER VARYING	YES				describe
gold-db-2 postgresql.gold	backup_20260731_project	55	nucleic_acid_id	DECIMAL	YES		38	6	describe
gold-db-2 postgresql.gold	backup_20260731_project	56	gc_percent	DECIMAL	YES		38	6	describe
gold-db-2 postgresql.gold	backup_20260731_project	57	contig_count	DECIMAL	YES		38	0	describe
gold-db-2 postgresql.gold	backup_20260731_project	58	est_size	DECIMAL	YES		38	0	describe
gold-db-2 postgresql.gold	backup_20260731_project	59	completion_date	TIMESTAMP	YES				describe
gold-db-2 postgresql.gold	backup_20260731_project	60	finishing_goal_id	DECIMAL	YES		38	0	describe
gold-db-2 postgresql.gold	backup_20260731_project	61	public_ap_count	DECIMAL	YES		38	6	describe
gold-db-2 postgresql.gold	backup_20260731_project	62	admin_ap_count	DECIMAL	YES		38	6	describe
gold-db-2 postgresql.gold	backup_20260731_project	63	public_dap_count	DECIMAL	YES		38	6	describe
gold-db-2 postgresql.gold	backup_20260731_project	64	admin_dap_count	DECIMAL	YES		38	6	describe
gold-db-2 postgresql.gold	backup_20260731_project	65	sra_srs_accession	CHARACTER VARYING	YES				describe
gold-db-2 postgresql.gold	backup_20260731_project	66	sra_srx_accession	CHARACTER VARYING	YES				describe
gold-db-2 postgresql.gold	backup_20260731_project	67	funding_program	CHARACTER VARYING	YES				describe
gold-db-2 postgresql.gold	backup_20260731_project	68	funding_year	DECIMAL	YES		38	6	describe
gold-db-2 postgresql.gold	backup_20260731_project	69	experimental_conditions	CHARACTER VARYING	YES				describe
gold-db-2 postgresql.gold	backup_20260731_project	70	sample_group_name	CHARACTER VARYING	YES				describe
gold-db-2 postgresql.gold	backup_20260731_project	71	project_subtype	CHARACTER VARYING	YES				describe
gold-db-2 postgresql.gold	backup_20260731_project	72	single_cell_lysis_prot	CHARACTER VARYING	YES				describe
gold-db-2 postgresql.gold	backup_20260731_project	73	wga_amp_appr	CHARACTER VARYING	YES				describe
gold-db-2 postgresql.gold	backup_20260731_project	74	sort_tech	CHARACTER VARYING	YES				describe
gold-db-2 postgresql.gold	backup_20260731_project	75	single_cell_lysis_appr	CHARACTER VARYING	YES				describe
gold-db-2 postgresql.gold	backup_20260731_project	76	library_layout	CHARACTER VARYING	YES				describe
gold-db-2 postgresql.gold	backup_20260731_project	77	contam_screen_input	CHARACTER VARYING	YES				describe
gold-db-2 postgresql.gold	backup_20260731_project	78	wga_amp_kit	CHARACTER VARYING	YES				describe
gold-db-2 postgresql.gold	backup_20260731_project	79	nucl_acid_ext_lit	CHARACTER VARYING	YES				describe
gold-db-2 postgresql.gold	backup_20260731_project	80	nucl_acid_amp_lit	CHARACTER VARYING	YES				describe
gold-db-2 postgresql.gold	backup_20260731_project	81	library_screen	CHARACTER VARYING	YES				describe
gold-db-2 postgresql.gold	backup_20260731_project	82	pcr_primers	CHARACTER VARYING	YES				describe
gold-db-2 postgresql.gold	backup_20260731_project	83	multiplex_identifiers	CHARACTER VARYING	YES				describe
gold-db-2 postgresql.gold	backup_20260731_project	84	adapters	CHARACTER VARYING	YES				describe
gold-db-2 postgresql.gold	backup_20260731_project	85	pcr_cond	CHARACTER VARYING	YES				describe
gold-db-2 postgresql.gold	backup_20260731_project	86	target_gene	CHARACTER VARYING	YES				describe
gold-db-2 postgresql.gold	backup_20260731_project	87	target_subfragment	CHARACTER VARYING	YES				describe
gold-db-2 postgresql.gold	backup_20260731_project	88	its_data_utilization_status	CHARACTER VARYING	YES				describe
gold-db-2 postgresql.gold	backup_20260731_project	89	its_source_sample_pid	CHARACTER VARYING	YES				describe
gold-db-2 postgresql.gold	backup_20260731_project	90	is_jgi	CHARACTER VARYING	YES				describe
gold-db-2 postgresql.gold	backup_20260731_project	91	is_draft	CHARACTER VARYING	YES				describe
gold-db-2 postgresql.gold	backup_20260731_project	92	is_test	CHARACTER VARYING	YES				describe
gold-db-2 postgresql.gold	backup_20260731_project	93	is_approved	CHARACTER VARYING	YES				describe
gold-db-2 postgresql.gold	backup_20260731_project	94	is_locked	CHARACTER VARYING	YES				describe
gold-db-2 postgresql.gold	backup_20260731_project	95	isolation_publication_id	DECIMAL	YES		38	0	describe
gold-db-2 postgresql.gold	backup_20260731_project	96	legacy_gold_id	CHARACTER VARYING	YES				describe
gold-db-2 postgresql.gold	backup_20260731_project	97	old_legacy_gold_id	CHARACTER VARYING	YES				describe
gold-db-2 postgresql.gold	backup_20260731_project	98	project_oid	DECIMAL	YES		38	0	describe
gold-db-2 postgresql.gold	backup_20260731_project	99	sample_oid	DECIMAL	YES		38	0	describe
gold-db-2 postgresql.gold	backup_20260731_shiro_permission	1	shiro_permission_id	DECIMAL	YES		38	6	describe
gold-db-2 postgresql.gold	backup_20260731_shiro_permission	2	contact_id	DECIMAL	YES		38	6	describe
gold-db-2 postgresql.gold	backup_20260731_shiro_permission	3	permission	CHARACTER VARYING	YES				describe
gold-db-2 postgresql.gold	backup_20260731_shiro_permission	4	study_id	DECIMAL	YES		38	6	describe
gold-db-2 postgresql.gold	backup_20260731_shiro_permission	5	project_id	DECIMAL	YES		38	6	describe
gold-db-2 postgresql.gold	backup_20260731_shiro_permission	6	analysis_project_id	DECIMAL	YES		38	6	describe
gold-db-2 postgresql.gold	backup_20260731_shiro_permission	7	biosample_id	DECIMAL	YES		38	6	describe
gold-db-2 postgresql.gold	backup_20260731_shiro_permission	8	shiro_role	CHARACTER VARYING	YES				describe
gold-db-2 postgresql.gold	backup_20260731_shiro_permission	9	organism_id	DECIMAL	YES		38	6	describe
gold-db-2 postgresql.gold	backup_20260731_study	1	study_id	DECIMAL	YES		38	6	describe
gold-db-2 postgresql.gold	backup_20260731_study	2	its_proposal_id	DECIMAL	YES		38	6	describe
gold-db-2 postgresql.gold	backup_20260731_study	3	gpts_proposal_id	DECIMAL	YES		38	6	describe
gold-db-2 postgresql.gold	backup_20260731_study	4	active	CHARACTER VARYING	YES				describe
gold-db-2 postgresql.gold	backup_20260731_study	5	is_public	CHARACTER VARYING	YES				describe
gold-db-2 postgresql.gold	backup_20260731_study	6	add_date	TIMESTAMP	YES				describe
gold-db-2 postgresql.gold	backup_20260731_study	7	mod_date	TIMESTAMP	YES				describe
gold-db-2 postgresql.gold	backup_20260731_study	8	last_mod_by	DECIMAL	YES		38	6	describe
gold-db-2 postgresql.gold	backup_20260731_study	9	gold_id	CHARACTER VARYING	YES				describe
gold-db-2 postgresql.gold	backup_20260731_study	10	study_name	CHARACTER VARYING	YES				describe
gold-db-2 postgresql.gold	backup_20260731_study	11	metagenomic	CHARACTER VARYING	YES				describe
gold-db-2 postgresql.gold	backup_20260731_study	12	ecosystem_path_id	DECIMAL	YES		38	6	describe
gold-db-2 postgresql.gold	backup_20260731_study	13	ecosystem	CHARACTER VARYING	YES				describe
gold-db-2 postgresql.gold	backup_20260731_study	14	ecosystem_category	CHARACTER VARYING	YES				describe
gold-db-2 postgresql.gold	backup_20260731_study	15	ecosystem_type	CHARACTER VARYING	YES				describe
gold-db-2 postgresql.gold	backup_20260731_study	16	ecosystem_subtype	CHARACTER VARYING	YES				describe
gold-db-2 postgresql.gold	backup_20260731_study	17	specific_ecosystem	CHARACTER VARYING	YES				describe
gold-db-2 postgresql.gold	backup_20260731_study	18	project_oid	DECIMAL	YES		38	0	describe
gold-db-2 postgresql.gold	backup_20260731_study	19	legacy_gold_id	CHARACTER VARYING	YES				describe
gold-db-2 postgresql.gold	backup_20260731_study	20	study_type_id	DECIMAL	YES		38	0	describe
gold-db-2 postgresql.gold	backup_20260731_study	21	description	CHARACTER VARYING	YES				describe
gold-db-2 postgresql.gold	backup_20260731_study	22	owner_id	DECIMAL	YES		38	6	describe
gold-db-2 postgresql.gold	backup_20260731_study	23	contact_id	DECIMAL	YES		38	6	describe
gold-db-2 postgresql.gold	backup_20260731_study	24	public_sp_count	DECIMAL	YES		38	6	describe
gold-db-2 postgresql.gold	backup_20260731_study	25	admin_sp_count	DECIMAL	YES		38	6	describe
gold-db-2 postgresql.gold	backup_20260731_study	26	public_ap_count	DECIMAL	YES		38	6	describe
gold-db-2 postgresql.gold	backup_20260731_study	27	admin_ap_count	DECIMAL	YES		38	6	describe
gold-db-2 postgresql.gold	backup_20260731_study	28	public_dap_count	DECIMAL	YES		38	6	describe
gold-db-2 postgresql.gold	backup_20260731_study	29	admin_dap_count	DECIMAL	YES		38	6	describe
gold-db-2 postgresql.gold	backup_20260731_study	30	public_biosample_count	DECIMAL	YES		38	6	describe
gold-db-2 postgresql.gold	backup_20260731_study	31	admin_biosample_count	DECIMAL	YES		38	6	describe
gold-db-2 postgresql.gold	backup_20260731_study	32	is_geba	CHARACTER VARYING	YES				describe
gold-db-2 postgresql.gold	backup_20260731_study	33	is_hmp	CHARACTER VARYING	YES				describe
gold-db-2 postgresql.gold	backup_20260731_study	34	is_draft	CHARACTER VARYING	YES				describe
gold-db-2 postgresql.gold	backup_20260731_study	35	is_test	CHARACTER VARYING	YES				describe
gold-db-2 postgresql.gold	backup_20260731_study	36	gold_study_name	CHARACTER VARYING	YES				describe
gold-db-2 postgresql.gold	bioproject_submission_2	1	id	DECIMAL	YES		38	6	information_schema
gold-db-2 postgresql.gold	bioproject_submission_2	2	ncbi_submission_id	CHARACTER VARYING	YES	65536			information_schema
gold-db-2 postgresql.gold	bioproject_submission_2	3	project_id	DECIMAL	YES		38	6	information_schema
gold-db-2 postgresql.gold	bioproject_submission_2	4	organism_name	CHARACTER VARYING	YES	65536			information_schema
gold-db-2 postgresql.gold	bioproject_submission_2	5	organism_strain	CHARACTER VARYING	YES	65536			information_schema
gold-db-2 postgresql.gold	bioproject_submission_2	6	isolate	CHARACTER VARYING	YES	65536			information_schema
gold-db-2 postgresql.gold	bioproject_submission_2	7	project_title	CHARACTER VARYING	YES	65536			information_schema
gold-db-2 postgresql.gold	bioproject_submission_2	8	project_desc	CHARACTER VARYING	YES	65536			information_schema
gold-db-2 postgresql.gold	bioproject_submission_2	9	locus_tag_prefix	CHARACTER VARYING	YES	65536			information_schema
gold-db-2 postgresql.gold	bioproject_submission_2	10	relevance	CHARACTER VARYING	YES	65536			information_schema
gold-db-2 postgresql.gold	bioproject_submission_2	11	target_capture	CHARACTER VARYING	YES	65536			information_schema
gold-db-2 postgresql.gold	bioproject_submission_2	12	target_material	CHARACTER VARYING	YES	65536			information_schema
gold-db-2 postgresql.gold	bioproject_submission_2	13	sample_scope	CHARACTER VARYING	YES	65536			information_schema
gold-db-2 postgresql.gold	bioproject_submission_2	14	bioproject_method	CHARACTER VARYING	YES	65536			information_schema
gold-db-2 postgresql.gold	bioproject_submission_2	15	objectives	CHARACTER VARYING	YES	65536			information_schema
gold-db-2 postgresql.gold	bioproject_submission_2	16	submission_status	CHARACTER VARYING	YES	65536			information_schema
gold-db-2 postgresql.gold	bioproject_submission_2	17	ncbi_taxon_id	DECIMAL	YES		38	6	information_schema
gold-db-2 postgresql.gold	bioproject_submission_2	18	ncbi_accession_number	CHARACTER VARYING	YES	65536			information_schema
gold-db-2 postgresql.gold	bioproject_submission_2	19	machine	CHARACTER VARYING	YES	65536			information_schema
gold-db-2 postgresql.gold	bioproject_submission_2	20	release_date	TIMESTAMP	YES				information_schema
gold-db-2 postgresql.gold	bioproject_submission_2	21	submission_request_date	TIMESTAMP	YES				information_schema
gold-db-2 postgresql.gold	bioproject_submission_2	22	ncbi_organism_name	CHARACTER VARYING	YES	65536			information_schema
gold-db-2 postgresql.gold	bioproject_submission_2	23	portal_name	CHARACTER VARYING	YES	65536			information_schema
gold-db-2 postgresql.gold	bioproject_submission_2	24	proposal_name	CHARACTER VARYING	YES	65536			information_schema
gold-db-2 postgresql.gold	bioproject_submission_2	25	scientific_program	CHARACTER VARYING	YES	65536			information_schema
gold-db-2 postgresql.gold	bioproject_submission_2	26	project_name	CHARACTER VARYING	YES	65536			information_schema
gold-db-2 postgresql.gold	bioproject_submission_2	27	is_update_for	DECIMAL	YES		38	6	information_schema
gold-db-2 postgresql.gold	bioproject_submission_2	28	intended_data_type_set	CHARACTER VARYING	YES	65536			information_schema
gold-db-2 postgresql.gold	bioproject_submission_2	29	link	CHARACTER VARYING	YES	65536			information_schema
gold-db-2 postgresql.gold	bioproject_submission_2	30	submission_error_message	CHARACTER VARYING	YES	65536			information_schema
gold-db-2 postgresql.gold	bioproject_submission_2	31	cultivar	CHARACTER VARYING	YES	65536			information_schema
gold-db-2 postgresql.gold	bioproject_submission_2	32	ncbi_project_name	CHARACTER VARYING	YES	65536			information_schema
gold-db-2 postgresql.gold	bioproject_submission_2	33	last_updated	TIMESTAMP	YES				information_schema
gold-db-2 postgresql.gold	bioproject_submission_2	34	last_report_num	DECIMAL	YES		38	6	information_schema
gold-db-2 postgresql.gold	bioproject_submission_2	35	local_submission_dir	CHARACTER VARYING	YES	65536			information_schema
gold-db-2 postgresql.gold	bioproject_submission_2	36	is_test_submission	DECIMAL	YES		1	0	information_schema
gold-db-2 postgresql.gold	bioproject_submission_2	37	errors	CHARACTER VARYING	YES	65536			information_schema
gold-db-2 postgresql.gold	bioproject_submission_2	38	submission_xml	CHARACTER VARYING	YES	65536			information_schema
gold-db-2 postgresql.gold	bioproject_submission_2	39	last_report_xml	CHARACTER VARYING	YES	65536			information_schema
gold-db-2 postgresql.gold	bioproject_submission_2	40	umbrella_accession_number	CHARACTER VARYING	YES	65536			information_schema
gold-db-2 postgresql.gold	bioproject_submission_2	41	ncbi_project_id	DECIMAL	YES		38	6	information_schema
gold-db-2 postgresql.gold	bioproject_submission_2	42	is_completion_reported	DECIMAL	YES		38	6	information_schema
gold-db-2 postgresql.gold	bioproject_submission_2	43	report_details	CHARACTER VARYING	YES	65536			information_schema
gold-db-2 postgresql.gold	bioproject_submission_2	44	analysis_project_id	DECIMAL	YES		38	6	information_schema
gold-db-2 postgresql.gold	biosample	1	biosample_id	DECIMAL	YES		38	6	information_schema
gold-db-2 postgresql.gold	biosample	2	active	CHARACTER VARYING	YES	65536			information_schema
gold-db-2 postgresql.gold	biosample	3	is_public	CHARACTER VARYING	YES	65536			information_schema
gold-db-2 postgresql.gold	biosample	4	add_date	TIMESTAMP	YES				information_schema
gold-db-2 postgresql.gold	biosample	5	mod_date	TIMESTAMP	YES				information_schema
gold-db-2 postgresql.gold	biosample	6	mod_by	DECIMAL	YES		38	0	information_schema
gold-db-2 postgresql.gold	biosample	7	gold_id	CHARACTER VARYING	YES	65536			information_schema
gold-db-2 postgresql.gold	biosample	8	biosample_name	CHARACTER VARYING	YES	65536			information_schema
gold-db-2 postgresql.gold	biosample	9	habitat	CHARACTER VARYING	YES	65536			information_schema
gold-db-2 postgresql.gold	biosample	10	community	CHARACTER VARYING	YES	65536			information_schema
gold-db-2 postgresql.gold	biosample	11	location	CHARACTER VARYING	YES	65536			information_schema
gold-db-2 postgresql.gold	biosample	12	identifier	CHARACTER VARYING	YES	65536			information_schema
gold-db-2 postgresql.gold	biosample	13	ncbi_taxonomy_id	DECIMAL	YES		38	0	information_schema
gold-db-2 postgresql.gold	biosample	14	ncbi_taxonomy_name	CHARACTER VARYING	YES	65536			information_schema
gold-db-2 postgresql.gold	biosample	15	geographic_location	CHARACTER VARYING	YES	65536			information_schema
gold-db-2 postgresql.gold	biosample	16	latitude	DECIMAL	YES		38	6	information_schema
gold-db-2 postgresql.gold	biosample	17	longitude	DECIMAL	YES		38	6	information_schema
gold-db-2 postgresql.gold	biosample	18	lat_long_inferred	CHARACTER VARYING	YES	65536			information_schema
gold-db-2 postgresql.gold	biosample	19	sample_isolation_country_id	DECIMAL	YES		38	6	information_schema
gold-db-2 postgresql.gold	biosample	20	description	CHARACTER VARYING	YES	65536			information_schema
gold-db-2 postgresql.gold	biosample	21	sample_collection_site	CHARACTER VARYING	YES	65536			information_schema
gold-db-2 postgresql.gold	biosample	22	isolation_publication_id	DECIMAL	YES		38	0	information_schema
gold-db-2 postgresql.gold	biosample	23	isolation_pubmed_id	DECIMAL	YES		38	6	information_schema
gold-db-2 postgresql.gold	biosample	24	ecosystem_path_id	DECIMAL	YES		38	0	information_schema
gold-db-2 postgresql.gold	biosample	25	ecosystem	CHARACTER VARYING	YES	65536			information_schema
gold-db-2 postgresql.gold	biosample	26	ecosystem_category	CHARACTER VARYING	YES	65536			information_schema
gold-db-2 postgresql.gold	biosample	27	ecosystem_type	CHARACTER VARYING	YES	65536			information_schema
gold-db-2 postgresql.gold	biosample	28	ecosystem_subtype	CHARACTER VARYING	YES	65536			information_schema
gold-db-2 postgresql.gold	biosample	29	specific_ecosystem	CHARACTER VARYING	YES	65536			information_schema
gold-db-2 postgresql.gold	biosample	30	other_ecosystem	CHARACTER VARYING	YES	65536			information_schema
gold-db-2 postgresql.gold	biosample	31	sample_isolation_comments	CHARACTER VARYING	YES	65536			information_schema
gold-db-2 postgresql.gold	biosample	32	submitter_id	DECIMAL	YES		38	0	information_schema
gold-db-2 postgresql.gold	biosample	33	sample_contact_name	CHARACTER VARYING	YES	65536			information_schema
gold-db-2 postgresql.gold	biosample	34	sample_contact_email	CHARACTER VARYING	YES	65536			information_schema
gold-db-2 postgresql.gold	biosample	35	sample_collection_day	DECIMAL	YES		38	0	information_schema
gold-db-2 postgresql.gold	biosample	36	sample_collection_month	DECIMAL	YES		38	0	information_schema
gold-db-2 postgresql.gold	biosample	37	sample_collection_year	DECIMAL	YES		38	0	information_schema
gold-db-2 postgresql.gold	biosample	38	sample_collection_hour	DECIMAL	YES		2	0	information_schema
gold-db-2 postgresql.gold	biosample	39	sample_collection_minute	DECIMAL	YES		2	0	information_schema
gold-db-2 postgresql.gold	biosample	40	env_broad_scale	CHARACTER VARYING	YES	65536			information_schema
gold-db-2 postgresql.gold	biosample	41	env_local_scale	CHARACTER VARYING	YES	65536			information_schema
gold-db-2 postgresql.gold	biosample	42	env_medium	CHARACTER VARYING	YES	65536			information_schema
gold-db-2 postgresql.gold	biosample	43	growth_conditions	CHARACTER VARYING	YES	65536			information_schema
gold-db-2 postgresql.gold	biosample	44	salinity	CHARACTER VARYING	YES	65536			information_schema
gold-db-2 postgresql.gold	biosample	45	pressure	CHARACTER VARYING	YES	65536			information_schema
gold-db-2 postgresql.gold	biosample	46	depth	DECIMAL	YES		38	6	information_schema
gold-db-2 postgresql.gold	biosample	47	depth2	DECIMAL	YES		38	6	information_schema
gold-db-2 postgresql.gold	biosample	48	subsurface_depth	DECIMAL	YES		38	6	information_schema
gold-db-2 postgresql.gold	biosample	49	subsurface_depth2	DECIMAL	YES		38	6	information_schema
gold-db-2 postgresql.gold	biosample	50	altitude	DECIMAL	YES		38	6	information_schema
gold-db-2 postgresql.gold	biosample	51	altitude2	DECIMAL	YES		38	6	information_schema
gold-db-2 postgresql.gold	biosample	52	elevation	DECIMAL	YES		38	6	information_schema
gold-db-2 postgresql.gold	biosample	53	elevation2	DECIMAL	YES		38	6	information_schema
gold-db-2 postgresql.gold	biosample	54	ph1	DECIMAL	YES		38	6	information_schema
gold-db-2 postgresql.gold	biosample	55	ph2	DECIMAL	YES		38	6	information_schema
gold-db-2 postgresql.gold	biosample	56	growth_temperature	DECIMAL	YES		38	6	information_schema
gold-db-2 postgresql.gold	biosample	57	growth_temperature2	DECIMAL	YES		38	6	information_schema
gold-db-2 postgresql.gold	biosample	58	tot_org_carbon	DECIMAL	YES		38	6	information_schema
gold-db-2 postgresql.gold	biosample	59	tot_nitrogen	CHARACTER VARYING	YES	65536			information_schema
gold-db-2 postgresql.gold	biosample	60	soluble_iron_micromol	DECIMAL	YES		38	6	information_schema
gold-db-2 postgresql.gold	biosample	61	bicarbonate_millimol	DECIMAL	YES		38	6	information_schema
gold-db-2 postgresql.gold	biosample	62	h2s_millimol	DECIMAL	YES		38	6	information_schema
gold-db-2 postgresql.gold	biosample	63	h2s_present	CHARACTER VARYING	YES	65536			information_schema
gold-db-2 postgresql.gold	biosample	64	irradiance	CHARACTER VARYING	YES	65536			information_schema
gold-db-2 postgresql.gold	biosample	65	oxygen_presence	CHARACTER VARYING	YES	65536			information_schema
gold-db-2 postgresql.gold	biosample	66	methane_conc_millimol	DECIMAL	YES		38	6	information_schema
gold-db-2 postgresql.gold	biosample	67	chlorophyll_concentration	CHARACTER VARYING	YES	65536			information_schema
gold-db-2 postgresql.gold	biosample	68	nitrate_concentration	CHARACTER VARYING	YES	65536			information_schema
gold-db-2 postgresql.gold	biosample	69	oxygen_concentration	CHARACTER VARYING	YES	65536			information_schema
gold-db-2 postgresql.gold	biosample	70	salinity_concentration	CHARACTER VARYING	YES	65536			information_schema
gold-db-2 postgresql.gold	biosample	71	sample_conductivity	CHARACTER VARYING	YES	65536			information_schema
gold-db-2 postgresql.gold	biosample	72	host_name	CHARACTER VARYING	YES	65536			information_schema
gold-db-2 postgresql.gold	biosample	73	host_taxonomy_id	DECIMAL	YES		38	0	information_schema
gold-db-2 postgresql.gold	biosample	74	host_gender	CHARACTER VARYING	YES	65536			information_schema
gold-db-2 postgresql.gold	biosample	75	host_race	CHARACTER VARYING	YES	65536			information_schema
gold-db-2 postgresql.gold	biosample	76	host_age	CHARACTER VARYING	YES	65536			information_schema
gold-db-2 postgresql.gold	biosample	77	host_health_condition	CHARACTER VARYING	YES	65536			information_schema
gold-db-2 postgresql.gold	biosample	78	host_medication	CHARACTER VARYING	YES	65536			information_schema
gold-db-2 postgresql.gold	biosample	79	host_body_site	CHARACTER VARYING	YES	65536			information_schema
gold-db-2 postgresql.gold	biosample	80	host_body_subsite	CHARACTER VARYING	YES	65536			information_schema
gold-db-2 postgresql.gold	biosample	81	host_body_product	CHARACTER VARYING	YES	65536			information_schema
gold-db-2 postgresql.gold	biosample	82	host_specificity	CHARACTER VARYING	YES	65536			information_schema
gold-db-2 postgresql.gold	biosample	83	host_comments	CHARACTER VARYING	YES	65536			information_schema
gold-db-2 postgresql.gold	biosample	84	patient_visit_number	DECIMAL	YES		38	0	information_schema
gold-db-2 postgresql.gold	biosample	85	mrn	CHARACTER VARYING	YES	65536			information_schema
gold-db-2 postgresql.gold	biosample	86	other_hosts	CHARACTER VARYING	YES	65536			information_schema
gold-db-2 postgresql.gold	biosample	87	known_non_hosts	CHARACTER VARYING	YES	65536			information_schema
gold-db-2 postgresql.gold	biosample	88	host_body_site_id	DECIMAL	YES		38	6	information_schema
gold-db-2 postgresql.gold	biosample	89	host_body_subsite_id	DECIMAL	YES		38	6	information_schema
gold-db-2 postgresql.gold	biosample	90	host_body_product_id	DECIMAL	YES		38	6	information_schema
gold-db-2 postgresql.gold	biosample	91	annotator_comments	CHARACTER VARYING	YES	65536			information_schema
gold-db-2 postgresql.gold	biosample	92	sampling_strategy	CHARACTER VARYING	YES	65536			information_schema
gold-db-2 postgresql.gold	biosample	93	replicate_number	DECIMAL	YES		38	0	information_schema
gold-db-2 postgresql.gold	biosample	94	sample_volume	CHARACTER VARYING	YES	65536			information_schema
gold-db-2 postgresql.gold	biosample	95	sample_biomass	CHARACTER VARYING	YES	65536			information_schema
gold-db-2 postgresql.gold	biosample	96	soil_package_id	DECIMAL	YES		38	6	information_schema
gold-db-2 postgresql.gold	biosample	97	water_package_id	DECIMAL	YES		38	6	information_schema
gold-db-2 postgresql.gold	biosample	98	global_package_id	DECIMAL	YES		38	6	information_schema
gold-db-2 postgresql.gold	biosample	99	package_host_associated_id	DECIMAL	YES		38	6	information_schema
gold-db-2 postgresql.gold	biosample	100	package_human_associated_id	DECIMAL	YES		38	6	information_schema
gold-db-2 postgresql.gold	biosample	101	package_wastewater_id	DECIMAL	YES		38	6	information_schema
gold-db-2 postgresql.gold	biosample	102	package_built_environment_id	DECIMAL	YES		38	6	information_schema
gold-db-2 postgresql.gold	biosample	103	plant_package_id	DECIMAL	YES		38	6	information_schema
gold-db-2 postgresql.gold	biosample	104	hydrocarbon_fs_package_id	DECIMAL	YES		38	6	information_schema
gold-db-2 postgresql.gold	biosample	105	hydrocarbon_core_package_id	DECIMAL	YES		38	6	information_schema
gold-db-2 postgresql.gold	biosample	106	microbial_mat_package_id	DECIMAL	YES		38	6	information_schema
gold-db-2 postgresql.gold	biosample	107	sediment_package_id	DECIMAL	YES		38	6	information_schema
gold-db-2 postgresql.gold	biosample	108	public_sp_count	DECIMAL	YES		38	6	information_schema
gold-db-2 postgresql.gold	biosample	109	admin_sp_count	DECIMAL	YES		38	6	information_schema
gold-db-2 postgresql.gold	biosample	110	public_ap_count	DECIMAL	YES		38	6	information_schema
gold-db-2 postgresql.gold	biosample	111	admin_ap_count	DECIMAL	YES		38	6	information_schema
gold-db-2 postgresql.gold	biosample	112	public_dap_count	DECIMAL	YES		38	6	information_schema
gold-db-2 postgresql.gold	biosample	113	admin_dap_count	DECIMAL	YES		38	6	information_schema
gold-db-2 postgresql.gold	biosample	114	jpa_entity	CHARACTER VARYING	YES	65536			information_schema
gold-db-2 postgresql.gold	biosample	115	project_oid	DECIMAL	YES		38	0	information_schema
gold-db-2 postgresql.gold	biosample	116	sample_oid	DECIMAL	YES		38	0	information_schema
gold-db-2 postgresql.gold	biosample	117	specimen	CHARACTER VARYING	YES	65536			information_schema
gold-db-2 postgresql.gold	biosample	118	submit_biosample_name	CHARACTER VARYING	YES	65536			information_schema
gold-db-2 postgresql.gold	biosample	119	ph	CHARACTER VARYING	YES	65536			information_schema
gold-db-2 postgresql.gold	biosample	120	legacy_depth_data	CHARACTER VARYING	YES	65536			information_schema
gold-db-2 postgresql.gold	biosample	121	latitude_test	DECIMAL	YES		38	6	information_schema
gold-db-2 postgresql.gold	biosample	122	longitude_test	DECIMAL	YES		38	6	information_schema
gold-db-2 postgresql.gold	biosample	123	longhurst_code	CHARACTER VARYING	YES	65536			information_schema
gold-db-2 postgresql.gold	biosample	124	cruise_line_name	CHARACTER VARYING	YES	65536			information_schema
gold-db-2 postgresql.gold	biosample	125	proport_ocean	CHARACTER VARYING	YES	65536			information_schema
gold-db-2 postgresql.gold	biosample	126	proport_isolation	CHARACTER VARYING	YES	65536			information_schema
gold-db-2 postgresql.gold	biosample	127	proport_station	CHARACTER VARYING	YES	65536			information_schema
gold-db-2 postgresql.gold	biosample	128	proport_woa_temperature	DECIMAL	YES		10	5	information_schema
gold-db-2 postgresql.gold	biosample	129	proport_woa_salinity	DECIMAL	YES		10	5	information_schema
gold-db-2 postgresql.gold	biosample	130	proport_woa_dissolved_oxygen	DECIMAL	YES		10	5	information_schema
gold-db-2 postgresql.gold	biosample	131	proport_woa_silicate	DECIMAL	YES		10	5	information_schema
gold-db-2 postgresql.gold	biosample	132	proport_woa_phosphate	DECIMAL	YES		10	5	information_schema
gold-db-2 postgresql.gold	biosample	133	proport_woa_nitrate	DECIMAL	YES		10	5	information_schema
gold-db-2 postgresql.gold	biosample	134	biogas_fed_substrates	CHARACTER VARYING	YES	65536			information_schema
gold-db-2 postgresql.gold	biosample	135	biogas_retention_time	CHARACTER VARYING	YES	65536			information_schema
gold-db-2 postgresql.gold	biosample	136	biogas_temperature	CHARACTER VARYING	YES	65536			information_schema
gold-db-2 postgresql.gold	biosample	137	biogas_yield	CHARACTER VARYING	YES	65536			information_schema
gold-db-2 postgresql.gold	biosample	138	biogas_volatile_organic_acids	CHARACTER VARYING	YES	65536			information_schema
gold-db-2 postgresql.gold	biosample	139	biogas_total_inorganic_carbon	CHARACTER VARYING	YES	65536			information_schema
gold-db-2 postgresql.gold	biosample	140	biogas_voa_tic	CHARACTER VARYING	YES	65536			information_schema
gold-db-2 postgresql.gold	biosample	141	biogas_ammonium_nh4	CHARACTER VARYING	YES	65536			information_schema
gold-db-2 postgresql.gold	biosample	142	biogas_butanol	CHARACTER VARYING	YES	65536			information_schema
gold-db-2 postgresql.gold	biosample	143	biogas_ethanol	CHARACTER VARYING	YES	65536			information_schema
gold-db-2 postgresql.gold	biosample	144	biogas_propanol	CHARACTER VARYING	YES	65536			information_schema
gold-db-2 postgresql.gold	biosample	145	biogas_methanol	CHARACTER VARYING	YES	65536			information_schema
gold-db-2 postgresql.gold	biosample	146	biogas_acetic_acid	CHARACTER VARYING	YES	65536			information_schema
gold-db-2 postgresql.gold	biosample	147	biogas_butyl_acid	CHARACTER VARYING	YES	65536			information_schema
gold-db-2 postgresql.gold	biosample	148	biogas_iso_butyl_acid	CHARACTER VARYING	YES	65536			information_schema
gold-db-2 postgresql.gold	biosample	149	biogas_valeric_acid	CHARACTER VARYING	YES	65536			information_schema
gold-db-2 postgresql.gold	biosample	150	biogas_iso_valeric_acid	CHARACTER VARYING	YES	65536			information_schema
gold-db-2 postgresql.gold	biosample	151	biogas_propionic_acid	CHARACTER VARYING	YES	65536			information_schema
gold-db-2 postgresql.gold	biosample	152	biogas_methane_pct	DECIMAL	YES		5	2	information_schema
gold-db-2 postgresql.gold	biosample	153	size_fraction	CHARACTER VARYING	YES	65536			information_schema
gold-db-2 postgresql.gold	biosample	154	health_disease_stat	CHARACTER VARYING	YES	65536			information_schema
gold-db-2 postgresql.gold	biosample	155	its_growth_conditions	CHARACTER VARYING	YES	65536			information_schema
gold-db-2 postgresql.gold	biosample	156	its_volume_ul	DECIMAL	YES		38	6	information_schema
gold-db-2 postgresql.gold	biosample	157	its_concentration_ng_ul	DECIMAL	YES		38	6	information_schema
gold-db-2 postgresql.gold	biosample	158	its_density_g_ml	DECIMAL	YES		38	6	information_schema
gold-db-2 postgresql.gold	biosample	159	its_sample_group_name	CHARACTER VARYING	YES	65536			information_schema
gold-db-2 postgresql.gold	biosample	160	its_isotope_label	CHARACTER VARYING	YES	65536			information_schema
gold-db-2 postgresql.gold	biosample	161	is_draft	CHARACTER VARYING	YES	65536			information_schema
gold-db-2 postgresql.gold	biosample	162	is_test	CHARACTER VARYING	YES	65536			information_schema
gold-db-2 postgresql.gold	biosample_disease	1	biosample_id	DECIMAL	YES		38	6	information_schema
gold-db-2 postgresql.gold	biosample_disease	2	disease_id	DECIMAL	YES		38	6	information_schema
gold-db-2 postgresql.gold	biosample_submission_2	1	id	DECIMAL	YES		38	6	information_schema
gold-db-2 postgresql.gold	biosample_submission_2	2	project_id	DECIMAL	YES		38	6	information_schema
gold-db-2 postgresql.gold	biosample_submission_2	3	ncbi_submission_id	CHARACTER VARYING	YES	65536			information_schema
gold-db-2 postgresql.gold	biosample_submission_2	4	submission_status	CHARACTER VARYING	YES	65536			information_schema
gold-db-2 postgresql.gold	biosample_submission_2	5	submission_error_message	CHARACTER VARYING	YES	65536			information_schema
gold-db-2 postgresql.gold	biosample_submission_2	6	ncbi_bioproject_id	DECIMAL	YES		38	6	information_schema
gold-db-2 postgresql.gold	biosample_submission_2	7	ncbi_bioproject_accession	CHARACTER VARYING	YES	65536			information_schema
gold-db-2 postgresql.gold	biosample_submission_2	8	biosample_id	DECIMAL	YES		38	6	information_schema
gold-db-2 postgresql.gold	biosample_submission_2	9	ncbi_biosample_accession	CHARACTER VARYING	YES	65536			information_schema
gold-db-2 postgresql.gold	biosample_submission_2	10	biosample_name	CHARACTER VARYING	YES	65536			information_schema
gold-db-2 postgresql.gold	biosample_submission_2	11	biosample_description	CHARACTER VARYING	YES	65536			information_schema
gold-db-2 postgresql.gold	biosample_submission_2	12	link	CHARACTER VARYING	YES	65536			information_schema
gold-db-2 postgresql.gold	biosample_submission_2	13	submission_request_date	TIMESTAMP	YES				information_schema
gold-db-2 postgresql.gold	biosample_submission_2	14	release_date	TIMESTAMP	YES				information_schema
gold-db-2 postgresql.gold	biosample_submission_2	15	organism_tax_id	DECIMAL	YES		38	6	information_schema
gold-db-2 postgresql.gold	biosample_submission_2	16	organism_name	CHARACTER VARYING	YES	65536			information_schema
gold-db-2 postgresql.gold	biosample_submission_2	17	strain	CHARACTER VARYING	YES	65536			information_schema
gold-db-2 postgresql.gold	biosample_submission_2	18	cultivar	CHARACTER VARYING	YES	65536			information_schema
gold-db-2 postgresql.gold	biosample_submission_2	19	model	CHARACTER VARYING	YES	65536			information_schema
gold-db-2 postgresql.gold	biosample_submission_2	20	collection_date	CHARACTER VARYING	YES	65536			information_schema
gold-db-2 postgresql.gold	biosample_submission_2	21	biome	CHARACTER VARYING	YES	65536			information_schema
gold-db-2 postgresql.gold	biosample_submission_2	22	feature	CHARACTER VARYING	YES	65536			information_schema
gold-db-2 postgresql.gold	biosample_submission_2	23	material	CHARACTER VARYING	YES	65536			information_schema
gold-db-2 postgresql.gold	biosample_submission_2	24	estimated_size	CHARACTER VARYING	YES	65536			information_schema
gold-db-2 postgresql.gold	biosample_submission_2	25	geo_location_name	CHARACTER VARYING	YES	65536			information_schema
gold-db-2 postgresql.gold	biosample_submission_2	26	isol_growth_condt	CHARACTER VARYING	YES	65536			information_schema
gold-db-2 postgresql.gold	biosample_submission_2	27	lat_lon	CHARACTER VARYING	YES	65536			information_schema
gold-db-2 postgresql.gold	biosample_submission_2	28	num_replicons	CHARACTER VARYING	YES	65536			information_schema
gold-db-2 postgresql.gold	biosample_submission_2	29	ref_biomaterial	CHARACTER VARYING	YES	65536			information_schema
gold-db-2 postgresql.gold	biosample_submission_2	30	ploidy	CHARACTER VARYING	YES	65536			information_schema
gold-db-2 postgresql.gold	biosample_submission_2	31	propagation	CHARACTER VARYING	YES	65536			information_schema
gold-db-2 postgresql.gold	biosample_submission_2	32	last_updated	TIMESTAMP	YES				information_schema
gold-db-2 postgresql.gold	biosample_submission_2	33	last_report_num	DECIMAL	YES		38	6	information_schema
gold-db-2 postgresql.gold	biosample_submission_2	34	local_submission_dir	CHARACTER VARYING	YES	65536			information_schema
gold-db-2 postgresql.gold	biosample_submission_2	35	is_test_submission	DECIMAL	YES		38	6	information_schema
gold-db-2 postgresql.gold	biosample_submission_2	36	errors	CHARACTER VARYING	YES	65536			information_schema
gold-db-2 postgresql.gold	biosample_submission_2	37	last_report_date	TIMESTAMP	YES				information_schema
gold-db-2 postgresql.gold	biosample_submission_2	38	submission_xml	CHARACTER VARYING	YES	65536			information_schema
gold-db-2 postgresql.gold	biosample_submission_2	39	last_report_xml	CHARACTER VARYING	YES	65536			information_schema
gold-db-2 postgresql.gold	biosample_submission_2	40	host	CHARACTER VARYING	YES	65536			information_schema
gold-db-2 postgresql.gold	biosample_submission_2	41	isolation_source	CHARACTER VARYING	YES	65536			information_schema
gold-db-2 postgresql.gold	biosample_submission_2	42	error_summary	CHARACTER VARYING	YES	65536			information_schema
gold-db-2 postgresql.gold	biosample_submission_2	43	resolution	CHARACTER VARYING	YES	65536			information_schema
gold-db-2 postgresql.gold	biosample_submission_2	44	ncbi_tax_id	DECIMAL	YES		38	6	information_schema
gold-db-2 postgresql.gold	biosample_submission_2	45	ncbi_organism_name	CHARACTER VARYING	YES	65536			information_schema
gold-db-2 postgresql.gold	biosample_submission_2	46	is_completion_reported	DECIMAL	YES		38	6	information_schema
gold-db-2 postgresql.gold	biosample_submission_2	47	report_details	CHARACTER VARYING	YES	65536			information_schema
gold-db-2 postgresql.gold	biosample_submission_2	48	submitted_attributes	CHARACTER VARYING	YES	65536			information_schema
gold-db-2 postgresql.gold	biosample_submission_2	49	analysis_project_id	DECIMAL	YES		38	6	information_schema
gold-db-2 postgresql.gold	biosample_submission_2	50	is_new	CHARACTER VARYING	YES	65536			information_schema
gold-db-2 postgresql.gold	contact	1	contact_id	DECIMAL	YES		16	0	information_schema
gold-db-2 postgresql.gold	contact	2	username	CHARACTER VARYING	YES	65536			information_schema
gold-db-2 postgresql.gold	contact	3	password	CHARACTER VARYING	YES	65536			information_schema
gold-db-2 postgresql.gold	contact	4	name	CHARACTER VARYING	YES	65536			information_schema
gold-db-2 postgresql.gold	contact	5	title	CHARACTER VARYING	YES	65536			information_schema
gold-db-2 postgresql.gold	contact	6	department	CHARACTER VARYING	YES	65536			information_schema
gold-db-2 postgresql.gold	contact	7	email	CHARACTER VARYING	YES	65536			information_schema
gold-db-2 postgresql.gold	contact	8	phone	CHARACTER VARYING	YES	65536			information_schema
gold-db-2 postgresql.gold	contact	9	organization	CHARACTER VARYING	YES	65536			information_schema
gold-db-2 postgresql.gold	contact	10	address	CHARACTER VARYING	YES	65536			information_schema
gold-db-2 postgresql.gold	contact	11	city	CHARACTER VARYING	YES	65536			information_schema
gold-db-2 postgresql.gold	contact	12	state	CHARACTER VARYING	YES	65536			information_schema
gold-db-2 postgresql.gold	contact	13	country	CHARACTER VARYING	YES	65536			information_schema
gold-db-2 postgresql.gold	contact	14	comments	CHARACTER VARYING	YES	65536			information_schema
gold-db-2 postgresql.gold	contact	15	add_date	TIMESTAMP	YES				information_schema
gold-db-2 postgresql.gold	contact	16	jgi_user	CHARACTER VARYING	YES	65536			information_schema
gold-db-2 postgresql.gold	contact	17	caliban_id	DECIMAL	YES		38	0	information_schema
gold-db-2 postgresql.gold	contact	18	url	CHARACTER VARYING	YES	65536			information_schema
gold-db-2 postgresql.gold	contact	19	master_contact_id	DECIMAL	YES		16	0	information_schema
gold-db-2 postgresql.gold	contact	20	user_role	CHARACTER VARYING	YES	65536			information_schema
gold-db-2 postgresql.gold	contact	21	jgi_user_id	CHARACTER VARYING	YES	65536			information_schema
gold-db-2 postgresql.gold	contact	22	orcid_id	CHARACTER VARYING	YES	65536			information_schema
gold-db-2 postgresql.gold	contact	23	jgi_contact_id	DECIMAL	YES		38	0	information_schema
gold-db-2 postgresql.gold	cvaerospace_struc	1	id	DECIMAL	YES		38	6	information_schema
gold-db-2 postgresql.gold	cvaerospace_struc	2	term	CHARACTER VARYING	YES	65536			information_schema
gold-db-2 postgresql.gold	cvaerospace_struc	3	sequence	DECIMAL	YES		38	6	information_schema
gold-db-2 postgresql.gold	cvamplificationmethod	1	id	DECIMAL	YES		38	6	information_schema
gold-db-2 postgresql.gold	cvamplificationmethod	2	term	CHARACTER VARYING	YES	65536			information_schema
gold-db-2 postgresql.gold	cvamplificationmethod	3	sequence	DECIMAL	YES		38	6	information_schema
gold-db-2 postgresql.gold	cvanalysis_system	1	id	DECIMAL	YES		38	6	information_schema
gold-db-2 postgresql.gold	cvanalysis_system	2	term	CHARACTER VARYING	YES	65536			information_schema
gold-db-2 postgresql.gold	cvanalysis_system	3	sequence	DECIMAL	YES		38	6	information_schema
gold-db-2 postgresql.gold	cvap_completion	1	id	DECIMAL	YES		38	6	information_schema
gold-db-2 postgresql.gold	cvap_completion	2	term	CHARACTER VARYING	YES	65536			information_schema
gold-db-2 postgresql.gold	cvap_completion	3	sequence	DECIMAL	YES		38	6	information_schema
gold-db-2 postgresql.gold	cvap_review_status	1	id	DECIMAL	YES		38	6	information_schema
gold-db-2 postgresql.gold	cvap_review_status	2	term	CHARACTER VARYING	YES	65536			information_schema
gold-db-2 postgresql.gold	cvap_review_status	3	sequence	DECIMAL	YES		38	6	information_schema
gold-db-2 postgresql.gold	cvap_status	1	id	DECIMAL	YES		38	6	information_schema
gold-db-2 postgresql.gold	cvap_status	2	term	CHARACTER VARYING	YES	65536			information_schema
gold-db-2 postgresql.gold	cvap_status	3	sequence	DECIMAL	YES		38	6	information_schema
gold-db-2 postgresql.gold	cvap_type	1	id	DECIMAL	YES		38	6	information_schema
gold-db-2 postgresql.gold	cvap_type	2	term	CHARACTER VARYING	YES	65536			information_schema
gold-db-2 postgresql.gold	cvap_type	3	sequence	DECIMAL	YES		38	6	information_schema
gold-db-2 postgresql.gold	cvarch_struc	1	id	DECIMAL	YES		38	6	information_schema
gold-db-2 postgresql.gold	cvarch_struc	2	term	CHARACTER VARYING	YES	65536			information_schema
gold-db-2 postgresql.gold	cvarch_struc	3	sequence	DECIMAL	YES		38	6	information_schema
gold-db-2 postgresql.gold	cvbinningparams	1	id	DECIMAL	YES		38	6	information_schema
gold-db-2 postgresql.gold	cvbinningparams	2	term	CHARACTER VARYING	YES	65536			information_schema
gold-db-2 postgresql.gold	cvbinningparams	3	sequence	DECIMAL	YES		38	6	information_schema
gold-db-2 postgresql.gold	cvbiological_status	1	id	DECIMAL	YES		38	6	information_schema
gold-db-2 postgresql.gold	cvbiological_status	2	term	CHARACTER VARYING	YES	65536			information_schema
gold-db-2 postgresql.gold	cvbiological_status	3	sequence	DECIMAL	YES		38	6	information_schema
gold-db-2 postgresql.gold	cvbiosafety	1	id	DECIMAL	YES		38	6	information_schema
gold-db-2 postgresql.gold	cvbiosafety	2	term	CHARACTER VARYING	YES	65536			information_schema
gold-db-2 postgresql.gold	cvbiosafety	3	sequence	DECIMAL	YES		38	6	information_schema
gold-db-2 postgresql.gold	cvbiotic_relationship	1	id	DECIMAL	YES		38	0	information_schema
gold-db-2 postgresql.gold	cvbiotic_relationship	2	term	CHARACTER VARYING	YES	65536			information_schema
gold-db-2 postgresql.gold	cvbiotic_relationship	3	sequence	DECIMAL	YES		38	0	information_schema
gold-db-2 postgresql.gold	cvbody_product	1	id	DECIMAL	YES		38	0	information_schema
gold-db-2 postgresql.gold	cvbody_product	2	term	CHARACTER VARYING	YES	65536			information_schema
gold-db-2 postgresql.gold	cvbody_product	3	sequence	DECIMAL	YES		38	0	information_schema
gold-db-2 postgresql.gold	cvbody_site	1	id	DECIMAL	YES		38	0	information_schema
gold-db-2 postgresql.gold	cvbody_site	2	term	CHARACTER VARYING	YES	65536			information_schema
gold-db-2 postgresql.gold	cvbody_site	3	sequence	DECIMAL	YES		38	0	information_schema
gold-db-2 postgresql.gold	cvbody_subsite	1	id	DECIMAL	YES		38	0	information_schema
gold-db-2 postgresql.gold	cvbody_subsite	2	term	CHARACTER VARYING	YES	65536			information_schema
gold-db-2 postgresql.gold	cvbody_subsite	3	sequence	DECIMAL	YES		38	0	information_schema
gold-db-2 postgresql.gold	cvbuild_docs	1	id	DECIMAL	YES		38	6	information_schema
gold-db-2 postgresql.gold	cvbuild_docs	2	term	CHARACTER VARYING	YES	65536			information_schema
gold-db-2 postgresql.gold	cvbuild_docs	3	sequence	DECIMAL	YES		38	6	information_schema
gold-db-2 postgresql.gold	cvbuild_occup_type	1	id	DECIMAL	YES		38	6	information_schema
gold-db-2 postgresql.gold	cvbuild_occup_type	2	term	CHARACTER VARYING	YES	65536			information_schema
gold-db-2 postgresql.gold	cvbuild_occup_type	3	sequence	DECIMAL	YES		38	6	information_schema
gold-db-2 postgresql.gold	cvbuilding_setting	1	id	DECIMAL	YES		38	6	information_schema
gold-db-2 postgresql.gold	cvbuilding_setting	2	term	CHARACTER VARYING	YES	65536			information_schema
gold-db-2 postgresql.gold	cvbuilding_setting	3	sequence	DECIMAL	YES		38	6	information_schema
gold-db-2 postgresql.gold	cvbuilt_struc_set	1	id	DECIMAL	YES		38	6	information_schema
gold-db-2 postgresql.gold	cvbuilt_struc_set	2	term	CHARACTER VARYING	YES	65536			information_schema
gold-db-2 postgresql.gold	cvbuilt_struc_set	3	sequence	DECIMAL	YES		38	6	information_schema
gold-db-2 postgresql.gold	cvceiling_finish_mat	1	id	DECIMAL	YES		38	6	information_schema
gold-db-2 postgresql.gold	cvceiling_finish_mat	2	term	CHARACTER VARYING	YES	65536			information_schema
gold-db-2 postgresql.gold	cvceiling_finish_mat	3	sequence	DECIMAL	YES		38	6	information_schema
gold-db-2 postgresql.gold	cvceiling_struc	1	id	DECIMAL	YES		38	6	information_schema
gold-db-2 postgresql.gold	cvceiling_struc	2	term	CHARACTER VARYING	YES	65536			information_schema
gold-db-2 postgresql.gold	cvceiling_struc	3	sequence	DECIMAL	YES		38	6	information_schema
gold-db-2 postgresql.gold	cvceiling_texture	1	id	DECIMAL	YES		38	6	information_schema
gold-db-2 postgresql.gold	cvceiling_texture	2	term	CHARACTER VARYING	YES	65536			information_schema
gold-db-2 postgresql.gold	cvceiling_texture	3	sequence	DECIMAL	YES		38	6	information_schema
gold-db-2 postgresql.gold	cvceiling_type	1	id	DECIMAL	YES		38	6	information_schema
gold-db-2 postgresql.gold	cvceiling_type	2	term	CHARACTER VARYING	YES	65536			information_schema
gold-db-2 postgresql.gold	cvceiling_type	3	sequence	DECIMAL	YES		38	6	information_schema
gold-db-2 postgresql.gold	cvcell_arrangement	1	id	DECIMAL	YES		38	0	information_schema
gold-db-2 postgresql.gold	cvcell_arrangement	2	term	CHARACTER VARYING	YES	65536			information_schema
gold-db-2 postgresql.gold	cvcell_arrangement	3	sequence	DECIMAL	YES		38	0	information_schema
gold-db-2 postgresql.gold	cvcell_shape	1	id	DECIMAL	YES		38	0	information_schema
gold-db-2 postgresql.gold	cvcell_shape	2	term	CHARACTER VARYING	YES	65536			information_schema
gold-db-2 postgresql.gold	cvcell_shape	3	sequence	DECIMAL	YES		38	0	information_schema
gold-db-2 postgresql.gold	cvcelllysisapproach	1	id	DECIMAL	YES		38	6	information_schema
gold-db-2 postgresql.gold	cvcelllysisapproach	2	term	CHARACTER VARYING	YES	65536			information_schema
gold-db-2 postgresql.gold	cvcelllysisapproach	3	sequence	DECIMAL	YES		38	6	information_schema
gold-db-2 postgresql.gold	cvcolor	1	id	DECIMAL	YES		38	0	information_schema
gold-db-2 postgresql.gold	cvcolor	2	term	CHARACTER VARYING	YES	65536			information_schema
gold-db-2 postgresql.gold	cvcolor	3	sequence	DECIMAL	YES		38	0	information_schema
gold-db-2 postgresql.gold	cvcompapproach	1	id	DECIMAL	YES		38	6	information_schema
gold-db-2 postgresql.gold	cvcompapproach	2	term	CHARACTER VARYING	YES	65536			information_schema
gold-db-2 postgresql.gold	cvcompapproach	3	sequence	DECIMAL	YES		38	6	information_schema
gold-db-2 postgresql.gold	cvcontaminant	1	id	DECIMAL	YES		38	6	information_schema
gold-db-2 postgresql.gold	cvcontaminant	2	term	CHARACTER VARYING	YES	65536			information_schema
gold-db-2 postgresql.gold	cvcontaminant	3	sequence	DECIMAL	YES		38	6	information_schema
gold-db-2 postgresql.gold	cvcontaminationscreening	1	id	DECIMAL	YES		38	6	information_schema
gold-db-2 postgresql.gold	cvcontaminationscreening	2	term	CHARACTER VARYING	YES	65536			information_schema
gold-db-2 postgresql.gold	cvcontaminationscreening	3	sequence	DECIMAL	YES		38	6	information_schema
gold-db-2 postgresql.gold	cvcountry	1	id	DECIMAL	YES		38	0	information_schema
gold-db-2 postgresql.gold	cvcountry	2	term	CHARACTER VARYING	YES	65536			information_schema
gold-db-2 postgresql.gold	cvcountry	3	sequence	DECIMAL	YES		38	0	information_schema
gold-db-2 postgresql.gold	cvcoveragesoftware	1	id	DECIMAL	YES		38	6	information_schema
gold-db-2 postgresql.gold	cvcoveragesoftware	2	term	CHARACTER VARYING	YES	65536			information_schema
gold-db-2 postgresql.gold	cvcoveragesoftware	3	sequence	DECIMAL	YES		38	6	information_schema
gold-db-2 postgresql.gold	cvculture_type	1	id	DECIMAL	YES		38	0	information_schema
gold-db-2 postgresql.gold	cvculture_type	2	term	CHARACTER VARYING	YES	65536			information_schema
gold-db-2 postgresql.gold	cvculture_type	3	sequence	DECIMAL	YES		38	0	information_schema
gold-db-2 postgresql.gold	cvcurrent_land_use	1	id	DECIMAL	YES		38	6	information_schema
gold-db-2 postgresql.gold	cvcurrent_land_use	2	term	CHARACTER VARYING	YES	65536			information_schema
gold-db-2 postgresql.gold	cvcurrent_land_use	3	sequence	DECIMAL	YES		38	6	information_schema
gold-db-2 postgresql.gold	cvdamage_condition	1	id	DECIMAL	YES		38	6	information_schema
gold-db-2 postgresql.gold	cvdamage_condition	2	term	CHARACTER VARYING	YES	65536			information_schema
gold-db-2 postgresql.gold	cvdamage_condition	3	sequence	DECIMAL	YES		38	6	information_schema
gold-db-2 postgresql.gold	cvdata_validity_type	1	id	DECIMAL	YES		38	0	information_schema
gold-db-2 postgresql.gold	cvdata_validity_type	2	term	CHARACTER VARYING	YES	65536			information_schema
gold-db-2 postgresql.gold	cvdata_validity_type	3	sequence	DECIMAL	YES		38	0	information_schema
gold-db-2 postgresql.gold	cvday_of_week	1	id	DECIMAL	YES		38	6	information_schema
gold-db-2 postgresql.gold	cvday_of_week	2	term	CHARACTER VARYING	YES	65536			information_schema
gold-db-2 postgresql.gold	cvday_of_week	3	sequence	DECIMAL	YES		38	6	information_schema
gold-db-2 postgresql.gold	cvdeposition_env	1	id	DECIMAL	YES		38	6	information_schema
gold-db-2 postgresql.gold	cvdeposition_env	2	term	CHARACTER VARYING	YES	65536			information_schema
gold-db-2 postgresql.gold	cvdeposition_env	3	sequence	DECIMAL	YES		38	6	information_schema
gold-db-2 postgresql.gold	cvdisease	1	id	DECIMAL	YES		38	0	information_schema
gold-db-2 postgresql.gold	cvdisease	2	term	CHARACTER VARYING	YES	65536			information_schema
gold-db-2 postgresql.gold	cvdisease	3	sequence	DECIMAL	YES		38	0	information_schema
gold-db-2 postgresql.gold	cvdomain	1	id	DECIMAL	YES		38	6	information_schema
gold-db-2 postgresql.gold	cvdomain	2	term	CHARACTER VARYING	YES	65536			information_schema
gold-db-2 postgresql.gold	cvdomain	3	sequence	DECIMAL	YES		38	6	information_schema
gold-db-2 postgresql.gold	cvdoor_comp_type	1	id	DECIMAL	YES		38	6	information_schema
gold-db-2 postgresql.gold	cvdoor_comp_type	2	term	CHARACTER VARYING	YES	65536			information_schema
gold-db-2 postgresql.gold	cvdoor_comp_type	3	sequence	DECIMAL	YES		38	6	information_schema
gold-db-2 postgresql.gold	cvdoor_direction	1	id	DECIMAL	YES		38	6	information_schema
gold-db-2 postgresql.gold	cvdoor_direction	2	term	CHARACTER VARYING	YES	65536			information_schema
gold-db-2 postgresql.gold	cvdoor_direction	3	sequence	DECIMAL	YES		38	6	information_schema
gold-db-2 postgresql.gold	cvdoor_mat	1	id	DECIMAL	YES		38	6	information_schema
gold-db-2 postgresql.gold	cvdoor_mat	2	term	CHARACTER VARYING	YES	65536			information_schema
gold-db-2 postgresql.gold	cvdoor_mat	3	sequence	DECIMAL	YES		38	6	information_schema
gold-db-2 postgresql.gold	cvdoor_movement	1	id	DECIMAL	YES		38	6	information_schema
gold-db-2 postgresql.gold	cvdoor_movement	2	term	CHARACTER VARYING	YES	65536			information_schema
gold-db-2 postgresql.gold	cvdoor_movement	3	sequence	DECIMAL	YES		38	6	information_schema
gold-db-2 postgresql.gold	cvdoor_type	1	id	DECIMAL	YES		38	6	information_schema
gold-db-2 postgresql.gold	cvdoor_type	2	term	CHARACTER VARYING	YES	65536			information_schema
gold-db-2 postgresql.gold	cvdoor_type	3	sequence	DECIMAL	YES		38	6	information_schema
gold-db-2 postgresql.gold	cvdoor_type_metal	1	id	DECIMAL	YES		38	6	information_schema
gold-db-2 postgresql.gold	cvdoor_type_metal	2	term	CHARACTER VARYING	YES	65536			information_schema
gold-db-2 postgresql.gold	cvdoor_type_metal	3	sequence	DECIMAL	YES		38	6	information_schema
gold-db-2 postgresql.gold	cvdoor_type_wood	1	id	DECIMAL	YES		38	6	information_schema
gold-db-2 postgresql.gold	cvdoor_type_wood	2	term	CHARACTER VARYING	YES	65536			information_schema
gold-db-2 postgresql.gold	cvdoor_type_wood	3	sequence	DECIMAL	YES		38	6	information_schema
gold-db-2 postgresql.gold	cvdrainage_class	1	id	DECIMAL	YES		38	6	information_schema
gold-db-2 postgresql.gold	cvdrainage_class	2	term	CHARACTER VARYING	YES	65536			information_schema
gold-db-2 postgresql.gold	cvdrainage_class	3	sequence	DECIMAL	YES		38	6	information_schema
gold-db-2 postgresql.gold	cvdrawings	1	id	DECIMAL	YES		38	6	information_schema
gold-db-2 postgresql.gold	cvdrawings	2	term	CHARACTER VARYING	YES	65536			information_schema
gold-db-2 postgresql.gold	cvdrawings	3	sequence	DECIMAL	YES		38	6	information_schema
gold-db-2 postgresql.gold	cvenergy_source	1	id	DECIMAL	YES		38	0	information_schema
gold-db-2 postgresql.gold	cvenergy_source	2	term	CHARACTER VARYING	YES	65536			information_schema
gold-db-2 postgresql.gold	cvenergy_source	3	sequence	DECIMAL	YES		38	0	information_schema
gold-db-2 postgresql.gold	cvfastadownloadstatus	1	id	DECIMAL	YES		38	6	information_schema
gold-db-2 postgresql.gold	cvfastadownloadstatus	2	term	CHARACTER VARYING	YES	65536			information_schema
gold-db-2 postgresql.gold	cvfastadownloadstatus	3	sequence	DECIMAL	YES		38	6	information_schema
gold-db-2 postgresql.gold	cvfilter_type	1	id	DECIMAL	YES		38	6	information_schema
gold-db-2 postgresql.gold	cvfilter_type	2	term	CHARACTER VARYING	YES	65536			information_schema
gold-db-2 postgresql.gold	cvfilter_type	3	sequence	DECIMAL	YES		38	6	information_schema
gold-db-2 postgresql.gold	cvfinishing_goal	1	id	DECIMAL	YES		38	0	information_schema
gold-db-2 postgresql.gold	cvfinishing_goal	2	term	CHARACTER VARYING	YES	65536			information_schema
gold-db-2 postgresql.gold	cvfinishing_goal	3	sequence	DECIMAL	YES		38	0	information_schema
gold-db-2 postgresql.gold	cvfireplace_type	1	id	DECIMAL	YES		38	6	information_schema
gold-db-2 postgresql.gold	cvfireplace_type	2	term	CHARACTER VARYING	YES	65536			information_schema
gold-db-2 postgresql.gold	cvfireplace_type	3	sequence	DECIMAL	YES		38	6	information_schema
gold-db-2 postgresql.gold	cvfloor_finish_mat	1	id	DECIMAL	YES		38	6	information_schema
gold-db-2 postgresql.gold	cvfloor_finish_mat	2	term	CHARACTER VARYING	YES	65536			information_schema
gold-db-2 postgresql.gold	cvfloor_finish_mat	3	sequence	DECIMAL	YES		38	6	information_schema
gold-db-2 postgresql.gold	cvfloor_struc	1	id	DECIMAL	YES		38	6	information_schema
gold-db-2 postgresql.gold	cvfloor_struc	2	term	CHARACTER VARYING	YES	65536			information_schema
gold-db-2 postgresql.gold	cvfloor_struc	3	sequence	DECIMAL	YES		38	6	information_schema
gold-db-2 postgresql.gold	cvfloor_water_mold	1	id	DECIMAL	YES		38	6	information_schema
gold-db-2 postgresql.gold	cvfloor_water_mold	2	term	CHARACTER VARYING	YES	65536			information_schema
gold-db-2 postgresql.gold	cvfloor_water_mold	3	sequence	DECIMAL	YES		38	6	information_schema
gold-db-2 postgresql.gold	cvfurniture	1	id	DECIMAL	YES		38	6	information_schema
gold-db-2 postgresql.gold	cvfurniture	2	term	CHARACTER VARYING	YES	65536			information_schema
gold-db-2 postgresql.gold	cvfurniture	3	sequence	DECIMAL	YES		38	6	information_schema
gold-db-2 postgresql.gold	cvgender_restroom	1	id	DECIMAL	YES		38	6	information_schema
gold-db-2 postgresql.gold	cvgender_restroom	2	term	CHARACTER VARYING	YES	65536			information_schema
gold-db-2 postgresql.gold	cvgender_restroom	3	sequence	DECIMAL	YES		38	6	information_schema
gold-db-2 postgresql.gold	cvgram_stain	1	id	DECIMAL	YES		38	0	information_schema
gold-db-2 postgresql.gold	cvgram_stain	2	term	CHARACTER VARYING	YES	65536			information_schema
gold-db-2 postgresql.gold	cvgram_stain	3	sequence	DECIMAL	YES		38	0	information_schema
gold-db-2 postgresql.gold	cvgrowth_facility	1	id	DECIMAL	YES		38	6	information_schema
gold-db-2 postgresql.gold	cvgrowth_facility	2	term	CHARACTER VARYING	YES	65536			information_schema
gold-db-2 postgresql.gold	cvgrowth_facility	3	sequence	DECIMAL	YES		38	6	information_schema
gold-db-2 postgresql.gold	cvgrowth_habit	1	id	DECIMAL	YES		38	6	information_schema
gold-db-2 postgresql.gold	cvgrowth_habit	2	term	CHARACTER VARYING	YES	65536			information_schema
gold-db-2 postgresql.gold	cvgrowth_habit	3	sequence	DECIMAL	YES		38	6	information_schema
gold-db-2 postgresql.gold	cvhabitat	1	id	DECIMAL	YES		38	0	information_schema
gold-db-2 postgresql.gold	cvhabitat	2	term	CHARACTER VARYING	YES	65536			information_schema
gold-db-2 postgresql.gold	cvhabitat	3	sequence	DECIMAL	YES		38	0	information_schema
gold-db-2 postgresql.gold	cvhandidness	1	id	DECIMAL	YES		38	6	information_schema
gold-db-2 postgresql.gold	cvhandidness	2	term	CHARACTER VARYING	YES	65536			information_schema
gold-db-2 postgresql.gold	cvhandidness	3	sequence	DECIMAL	YES		38	6	information_schema
gold-db-2 postgresql.gold	cvhealthdiseasestatus	1	id	DECIMAL	YES		38	6	information_schema
gold-db-2 postgresql.gold	cvhealthdiseasestatus	2	term	CHARACTER VARYING	YES	65536			information_schema
gold-db-2 postgresql.gold	cvhealthdiseasestatus	3	sequence	DECIMAL	YES		38	6	information_schema
gold-db-2 postgresql.gold	cvheat_cool_type	1	id	DECIMAL	YES		38	6	information_schema
gold-db-2 postgresql.gold	cvheat_cool_type	2	term	CHARACTER VARYING	YES	65536			information_schema
gold-db-2 postgresql.gold	cvheat_cool_type	3	sequence	DECIMAL	YES		38	6	information_schema
gold-db-2 postgresql.gold	cvheat_system_deliv_meth	1	id	DECIMAL	YES		38	6	information_schema
gold-db-2 postgresql.gold	cvheat_system_deliv_meth	2	term	CHARACTER VARYING	YES	65536			information_schema
gold-db-2 postgresql.gold	cvheat_system_deliv_meth	3	sequence	DECIMAL	YES		38	6	information_schema
gold-db-2 postgresql.gold	cvhorizon	1	id	DECIMAL	YES		38	6	information_schema
gold-db-2 postgresql.gold	cvhorizon	2	term	CHARACTER VARYING	YES	65536			information_schema
gold-db-2 postgresql.gold	cvhorizon	3	sequence	DECIMAL	YES		38	6	information_schema
gold-db-2 postgresql.gold	cvhost_gender	1	id	DECIMAL	YES		38	0	information_schema
gold-db-2 postgresql.gold	cvhost_gender	2	term	CHARACTER VARYING	YES	65536			information_schema
gold-db-2 postgresql.gold	cvhost_gender	3	sequence	DECIMAL	YES		38	0	information_schema
gold-db-2 postgresql.gold	cvhydrocarbon_geologicalage	1	id	DECIMAL	YES		38	6	information_schema
gold-db-2 postgresql.gold	cvhydrocarbon_geologicalage	2	term	CHARACTER VARYING	YES	65536			information_schema
gold-db-2 postgresql.gold	cvhydrocarbon_geologicalage	3	sequence	DECIMAL	YES		38	6	information_schema
gold-db-2 postgresql.gold	cvhydrocarbon_lithology	1	id	DECIMAL	YES		38	6	information_schema
gold-db-2 postgresql.gold	cvhydrocarbon_lithology	2	term	CHARACTER VARYING	YES	65536			information_schema
gold-db-2 postgresql.gold	cvhydrocarbon_lithology	3	sequence	DECIMAL	YES		38	6	information_schema
gold-db-2 postgresql.gold	cvhydrocarbon_produced	1	id	DECIMAL	YES		38	6	information_schema
gold-db-2 postgresql.gold	cvhydrocarbon_produced	2	term	CHARACTER VARYING	YES	65536			information_schema
gold-db-2 postgresql.gold	cvhydrocarbon_produced	3	sequence	DECIMAL	YES		38	6	information_schema
gold-db-2 postgresql.gold	cvhydrocarbon_samplecollpoint	1	id	DECIMAL	YES		38	6	information_schema
gold-db-2 postgresql.gold	cvhydrocarbon_samplecollpoint	2	term	CHARACTER VARYING	YES	65536			information_schema
gold-db-2 postgresql.gold	cvhydrocarbon_samplecollpoint	3	sequence	DECIMAL	YES		38	6	information_schema
gold-db-2 postgresql.gold	cvhydrocarbon_samplesubtype	1	id	DECIMAL	YES		38	6	information_schema
gold-db-2 postgresql.gold	cvhydrocarbon_samplesubtype	2	term	CHARACTER VARYING	YES	65536			information_schema
gold-db-2 postgresql.gold	cvhydrocarbon_samplesubtype	3	sequence	DECIMAL	YES		38	6	information_schema
gold-db-2 postgresql.gold	cvhydrocarbon_sampletype	1	id	DECIMAL	YES		38	6	information_schema
gold-db-2 postgresql.gold	cvhydrocarbon_sampletype	2	term	CHARACTER VARYING	YES	65536			information_schema
gold-db-2 postgresql.gold	cvhydrocarbon_sampletype	3	sequence	DECIMAL	YES		38	6	information_schema
gold-db-2 postgresql.gold	cvhydrocarbon_type	1	id	DECIMAL	YES		38	6	information_schema
gold-db-2 postgresql.gold	cvhydrocarbon_type	2	term	CHARACTER VARYING	YES	65536			information_schema
gold-db-2 postgresql.gold	cvhydrocarbon_type	3	sequence	DECIMAL	YES		38	6	information_schema
gold-db-2 postgresql.gold	cvimguse	1	id	DECIMAL	YES		38	0	information_schema
gold-db-2 postgresql.gold	cvimguse	2	term	CHARACTER VARYING	YES	65536			information_schema
gold-db-2 postgresql.gold	cvimguse	3	sequence	DECIMAL	YES		38	0	information_schema
gold-db-2 postgresql.gold	cvindoor_space	1	id	DECIMAL	YES		38	6	information_schema
gold-db-2 postgresql.gold	cvindoor_space	2	term	CHARACTER VARYING	YES	65536			information_schema
gold-db-2 postgresql.gold	cvindoor_space	3	sequence	DECIMAL	YES		38	6	information_schema
gold-db-2 postgresql.gold	cvindoor_surface	1	id	DECIMAL	YES		38	6	information_schema
gold-db-2 postgresql.gold	cvindoor_surface	2	term	CHARACTER VARYING	YES	65536			information_schema
gold-db-2 postgresql.gold	cvindoor_surface	3	sequence	DECIMAL	YES		38	6	information_schema
gold-db-2 postgresql.gold	cvirradiance	1	id	DECIMAL	YES		38	6	information_schema
gold-db-2 postgresql.gold	cvirradiance	2	term	CHARACTER VARYING	YES	65536			information_schema
gold-db-2 postgresql.gold	cvirradiance	3	sequence	DECIMAL	YES		38	6	information_schema
gold-db-2 postgresql.gold	cvlatlong	1	id	DECIMAL	YES		38	6	information_schema
gold-db-2 postgresql.gold	cvlatlong	2	term	CHARACTER VARYING	YES	65536			information_schema
gold-db-2 postgresql.gold	cvlatlong	3	sequence	DECIMAL	YES		38	6	information_schema
gold-db-2 postgresql.gold	cvlibrarylayout	1	id	DECIMAL	YES		38	6	information_schema
gold-db-2 postgresql.gold	cvlibrarylayout	2	term	CHARACTER VARYING	YES	65536			information_schema
gold-db-2 postgresql.gold	cvlibrarylayout	3	sequence	DECIMAL	YES		38	6	information_schema
gold-db-2 postgresql.gold	cvlight_type	1	id	DECIMAL	YES		38	6	information_schema
gold-db-2 postgresql.gold	cvlight_type	2	term	CHARACTER VARYING	YES	65536			information_schema
gold-db-2 postgresql.gold	cvlight_type	3	sequence	DECIMAL	YES		38	6	information_schema
gold-db-2 postgresql.gold	cvlocation	1	id	DECIMAL	YES		38	6	information_schema
gold-db-2 postgresql.gold	cvlocation	2	term	CHARACTER VARYING	YES	65536			information_schema
gold-db-2 postgresql.gold	cvlocation	3	sequence	DECIMAL	YES		38	6	information_schema
gold-db-2 postgresql.gold	cvmech_struc	1	id	DECIMAL	YES		38	6	information_schema
gold-db-2 postgresql.gold	cvmech_struc	2	term	CHARACTER VARYING	YES	65536			information_schema
gold-db-2 postgresql.gold	cvmech_struc	3	sequence	DECIMAL	YES		38	6	information_schema
gold-db-2 postgresql.gold	cvmetabolism	1	id	DECIMAL	YES		38	0	information_schema
gold-db-2 postgresql.gold	cvmetabolism	2	term	CHARACTER VARYING	YES	65536			information_schema
gold-db-2 postgresql.gold	cvmetabolism	3	sequence	DECIMAL	YES		38	0	information_schema
gold-db-2 postgresql.gold	cvmodel	1	id	DECIMAL	YES		38	6	information_schema
gold-db-2 postgresql.gold	cvmodel	2	term	CHARACTER VARYING	YES	65536			information_schema
gold-db-2 postgresql.gold	cvmodel	3	sequence	DECIMAL	YES		38	6	information_schema
gold-db-2 postgresql.gold	cvmold	1	id	DECIMAL	YES		38	6	information_schema
gold-db-2 postgresql.gold	cvmold	2	term	CHARACTER VARYING	YES	65536			information_schema
gold-db-2 postgresql.gold	cvmold	3	sequence	DECIMAL	YES		38	6	information_schema
gold-db-2 postgresql.gold	cvmonth	1	id	DECIMAL	YES		38	6	information_schema
gold-db-2 postgresql.gold	cvmonth	2	term	CHARACTER VARYING	YES	65536			information_schema
gold-db-2 postgresql.gold	cvmonth	3	sequence	DECIMAL	YES		38	6	information_schema
gold-db-2 postgresql.gold	cvmotility	1	id	DECIMAL	YES		38	0	information_schema
gold-db-2 postgresql.gold	cvmotility	2	term	CHARACTER VARYING	YES	65536			information_schema
gold-db-2 postgresql.gold	cvmotility	3	sequence	DECIMAL	YES		38	0	information_schema
gold-db-2 postgresql.gold	cvnucleic_acid	1	id	DECIMAL	YES		38	6	information_schema
gold-db-2 postgresql.gold	cvnucleic_acid	2	term	CHARACTER VARYING	YES	65536			information_schema
gold-db-2 postgresql.gold	cvnucleic_acid	3	sequence	DECIMAL	YES		38	6	information_schema
gold-db-2 postgresql.gold	cvoccup_document	1	id	DECIMAL	YES		38	6	information_schema
gold-db-2 postgresql.gold	cvoccup_document	2	term	CHARACTER VARYING	YES	65536			information_schema
gold-db-2 postgresql.gold	cvoccup_document	3	sequence	DECIMAL	YES		38	6	information_schema
gold-db-2 postgresql.gold	cvorganism_type	1	id	DECIMAL	YES		38	0	information_schema
gold-db-2 postgresql.gold	cvorganism_type	2	term	CHARACTER VARYING	YES	65536			information_schema
gold-db-2 postgresql.gold	cvorganism_type	3	sequence	DECIMAL	YES		38	0	information_schema
gold-db-2 postgresql.gold	cvorientation	1	id	DECIMAL	YES		38	6	information_schema
gold-db-2 postgresql.gold	cvorientation	2	term	CHARACTER VARYING	YES	65536			information_schema
gold-db-2 postgresql.gold	cvorientation	3	sequence	DECIMAL	YES		38	6	information_schema
gold-db-2 postgresql.gold	cvoxygen	1	id	DECIMAL	YES		38	0	information_schema
gold-db-2 postgresql.gold	cvoxygen	2	term	CHARACTER VARYING	YES	65536			information_schema
gold-db-2 postgresql.gold	cvoxygen	3	sequence	DECIMAL	YES		38	0	information_schema
gold-db-2 postgresql.gold	cvoxygen_presence	1	id	DECIMAL	YES		38	6	information_schema
gold-db-2 postgresql.gold	cvoxygen_presence	2	term	CHARACTER VARYING	YES	65536			information_schema
gold-db-2 postgresql.gold	cvoxygen_presence	3	sequence	DECIMAL	YES		38	6	information_schema
gold-db-2 postgresql.gold	cvoxygen_stat_sample	1	id	DECIMAL	YES		38	6	information_schema
gold-db-2 postgresql.gold	cvoxygen_stat_sample	2	term	CHARACTER VARYING	YES	65536			information_schema
gold-db-2 postgresql.gold	cvoxygen_stat_sample	3	sequence	DECIMAL	YES		38	6	information_schema
gold-db-2 postgresql.gold	cvpackages	1	id	DECIMAL	YES		38	0	information_schema
gold-db-2 postgresql.gold	cvpackages	2	term	CHARACTER VARYING	YES	65536			information_schema
gold-db-2 postgresql.gold	cvpackages	3	sequence	DECIMAL	YES		38	0	information_schema
gold-db-2 postgresql.gold	cvphenotype	1	id	DECIMAL	YES		38	0	information_schema
gold-db-2 postgresql.gold	cvphenotype	2	term	CHARACTER VARYING	YES	65536			information_schema
gold-db-2 postgresql.gold	cvphenotype	3	sequence	DECIMAL	YES		38	0	information_schema
gold-db-2 postgresql.gold	cvphylogeny	1	id	DECIMAL	YES		38	0	information_schema
gold-db-2 postgresql.gold	cvphylogeny	2	term	CHARACTER VARYING	YES	65536			information_schema
gold-db-2 postgresql.gold	cvphylogeny	3	sequence	DECIMAL	YES		38	0	information_schema
gold-db-2 postgresql.gold	cvplant_sex	1	id	DECIMAL	YES		38	6	information_schema
gold-db-2 postgresql.gold	cvplant_sex	2	term	CHARACTER VARYING	YES	65536			information_schema
gold-db-2 postgresql.gold	cvplant_sex	3	sequence	DECIMAL	YES		38	6	information_schema
gold-db-2 postgresql.gold	cvpresence_animal	1	id	DECIMAL	YES		38	6	information_schema
gold-db-2 postgresql.gold	cvpresence_animal	2	term	CHARACTER VARYING	YES	65536			information_schema
gold-db-2 postgresql.gold	cvpresence_animal	3	sequence	DECIMAL	YES		38	6	information_schema
gold-db-2 postgresql.gold	cvprofile_position	1	id	DECIMAL	YES		38	6	information_schema
gold-db-2 postgresql.gold	cvprofile_position	2	term	CHARACTER VARYING	YES	65536			information_schema
gold-db-2 postgresql.gold	cvprofile_position	3	sequence	DECIMAL	YES		38	6	information_schema
gold-db-2 postgresql.gold	cvproject_status	1	id	DECIMAL	YES		38	0	information_schema
gold-db-2 postgresql.gold	cvproject_status	2	term	CHARACTER VARYING	YES	65536			information_schema
gold-db-2 postgresql.gold	cvproject_status	3	sequence	DECIMAL	YES		38	0	information_schema
gold-db-2 postgresql.gold	cvproject_subtype	1	id	DECIMAL	YES		38	0	information_schema
gold-db-2 postgresql.gold	cvproject_subtype	2	term	CHARACTER VARYING	YES	65536			information_schema
gold-db-2 postgresql.gold	cvproject_subtype	3	sequence	DECIMAL	YES		38	0	information_schema
gold-db-2 postgresql.gold	cvproject_type	1	id	DECIMAL	YES		38	0	information_schema
gold-db-2 postgresql.gold	cvproject_type	2	term	CHARACTER VARYING	YES	65536			information_schema
gold-db-2 postgresql.gold	cvproject_type	3	sequence	DECIMAL	YES		38	0	information_schema
gold-db-2 postgresql.gold	cvquadrant_position	1	id	DECIMAL	YES		38	6	information_schema
gold-db-2 postgresql.gold	cvquadrant_position	2	term	CHARACTER VARYING	YES	65536			information_schema
gold-db-2 postgresql.gold	cvquadrant_position	3	sequence	DECIMAL	YES		38	6	information_schema
gold-db-2 postgresql.gold	cvrel_sample_location	1	id	DECIMAL	YES		38	6	information_schema
gold-db-2 postgresql.gold	cvrel_sample_location	2	term	CHARACTER VARYING	YES	65536			information_schema
gold-db-2 postgresql.gold	cvrel_sample_location	3	sequence	DECIMAL	YES		38	6	information_schema
gold-db-2 postgresql.gold	cvrelation	1	id	DECIMAL	YES		38	0	information_schema
gold-db-2 postgresql.gold	cvrelation	2	term	CHARACTER VARYING	YES	65536			information_schema
gold-db-2 postgresql.gold	cvrelation	3	sequence	DECIMAL	YES		38	6	information_schema
gold-db-2 postgresql.gold	cvrelevance	1	id	DECIMAL	YES		38	0	information_schema
gold-db-2 postgresql.gold	cvrelevance	2	term	CHARACTER VARYING	YES	65536			information_schema
gold-db-2 postgresql.gold	cvrelevance	3	sequence	DECIMAL	YES		38	0	information_schema
gold-db-2 postgresql.gold	cvroles	1	id	DECIMAL	YES		38	0	information_schema
gold-db-2 postgresql.gold	cvroles	2	term	CHARACTER VARYING	YES	65536			information_schema
gold-db-2 postgresql.gold	cvroles	3	sequence	DECIMAL	YES		38	0	information_schema
gold-db-2 postgresql.gold	cvroom_condt	1	id	DECIMAL	YES		38	6	information_schema
gold-db-2 postgresql.gold	cvroom_condt	2	term	CHARACTER VARYING	YES	65536			information_schema
gold-db-2 postgresql.gold	cvroom_condt	3	sequence	DECIMAL	YES		38	6	information_schema
gold-db-2 postgresql.gold	cvroom_connected	1	id	DECIMAL	YES		38	6	information_schema
gold-db-2 postgresql.gold	cvroom_connected	2	term	CHARACTER VARYING	YES	65536			information_schema
gold-db-2 postgresql.gold	cvroom_connected	3	sequence	DECIMAL	YES		38	6	information_schema
gold-db-2 postgresql.gold	cvroom_location	1	id	DECIMAL	YES		38	6	information_schema
gold-db-2 postgresql.gold	cvroom_location	2	term	CHARACTER VARYING	YES	65536			information_schema
gold-db-2 postgresql.gold	cvroom_location	3	sequence	DECIMAL	YES		38	6	information_schema
gold-db-2 postgresql.gold	cvroom_samp_position	1	id	DECIMAL	YES		38	6	information_schema
gold-db-2 postgresql.gold	cvroom_samp_position	2	term	CHARACTER VARYING	YES	65536			information_schema
gold-db-2 postgresql.gold	cvroom_samp_position	3	sequence	DECIMAL	YES		38	6	information_schema
gold-db-2 postgresql.gold	cvroom_type	1	id	DECIMAL	YES		38	6	information_schema
gold-db-2 postgresql.gold	cvroom_type	2	term	CHARACTER VARYING	YES	65536			information_schema
gold-db-2 postgresql.gold	cvroom_type	3	sequence	DECIMAL	YES		38	6	information_schema
gold-db-2 postgresql.gold	cvsalinity	1	id	DECIMAL	YES		38	0	information_schema
gold-db-2 postgresql.gold	cvsalinity	2	term	CHARACTER VARYING	YES	65536			information_schema
gold-db-2 postgresql.gold	cvsalinity	3	sequence	DECIMAL	YES		38	0	information_schema
gold-db-2 postgresql.gold	cvsamplecapture_status	1	id	DECIMAL	YES		38	6	information_schema
gold-db-2 postgresql.gold	cvsamplecapture_status	2	term	CHARACTER VARYING	YES	65536			information_schema
gold-db-2 postgresql.gold	cvsamplecapture_status	3	sequence	DECIMAL	YES		38	6	information_schema
gold-db-2 postgresql.gold	cvsampling_floor	1	id	DECIMAL	YES		38	6	information_schema
gold-db-2 postgresql.gold	cvsampling_floor	2	term	CHARACTER VARYING	YES	65536			information_schema
gold-db-2 postgresql.gold	cvsampling_floor	3	sequence	DECIMAL	YES		38	6	information_schema
gold-db-2 postgresql.gold	cvsampling_weather	1	id	DECIMAL	YES		38	6	information_schema
gold-db-2 postgresql.gold	cvsampling_weather	2	term	CHARACTER VARYING	YES	65536			information_schema
gold-db-2 postgresql.gold	cvsampling_weather	3	sequence	DECIMAL	YES		38	6	information_schema
gold-db-2 postgresql.gold	cvseason	1	id	DECIMAL	YES		38	6	information_schema
gold-db-2 postgresql.gold	cvseason	2	term	CHARACTER VARYING	YES	65536			information_schema
gold-db-2 postgresql.gold	cvseason	3	sequence	DECIMAL	YES		38	6	information_schema
gold-db-2 postgresql.gold	cvsediment_type	1	id	DECIMAL	YES		38	6	information_schema
gold-db-2 postgresql.gold	cvsediment_type	2	term	CHARACTER VARYING	YES	65536			information_schema
gold-db-2 postgresql.gold	cvsediment_type	3	sequence	DECIMAL	YES		38	6	information_schema
gold-db-2 postgresql.gold	cvseq_quality	1	id	DECIMAL	YES		38	0	information_schema
gold-db-2 postgresql.gold	cvseq_quality	2	term	CHARACTER VARYING	YES	65536			information_schema
gold-db-2 postgresql.gold	cvseq_quality	3	sequence	DECIMAL	YES		38	0	information_schema
gold-db-2 postgresql.gold	cvseq_status	1	id	DECIMAL	YES		38	0	information_schema
gold-db-2 postgresql.gold	cvseq_status	2	term	CHARACTER VARYING	YES	65536			information_schema
gold-db-2 postgresql.gold	cvseq_status	3	sequence	DECIMAL	YES		38	0	information_schema
gold-db-2 postgresql.gold	cvshading_device_loc	1	id	DECIMAL	YES		38	6	information_schema
gold-db-2 postgresql.gold	cvshading_device_loc	2	term	CHARACTER VARYING	YES	65536			information_schema
gold-db-2 postgresql.gold	cvshading_device_loc	3	sequence	DECIMAL	YES		38	6	information_schema
gold-db-2 postgresql.gold	cvshading_device_type	1	id	DECIMAL	YES		38	6	information_schema
gold-db-2 postgresql.gold	cvshading_device_type	2	term	CHARACTER VARYING	YES	65536			information_schema
gold-db-2 postgresql.gold	cvshading_device_type	3	sequence	DECIMAL	YES		38	6	information_schema
gold-db-2 postgresql.gold	cvsoilfaoclass	1	id	DECIMAL	YES		38	6	information_schema
gold-db-2 postgresql.gold	cvsoilfaoclass	2	term	CHARACTER VARYING	YES	65536			information_schema
gold-db-2 postgresql.gold	cvsoilfaoclass	3	sequence	DECIMAL	YES		38	6	information_schema
gold-db-2 postgresql.gold	cvsortingtechnology	1	id	DECIMAL	YES		38	6	information_schema
gold-db-2 postgresql.gold	cvsortingtechnology	2	term	CHARACTER VARYING	YES	65536			information_schema
gold-db-2 postgresql.gold	cvsortingtechnology	3	sequence	DECIMAL	YES		38	6	information_schema
gold-db-2 postgresql.gold	cvsourcerock_deposition	1	id	DECIMAL	YES		38	6	information_schema
gold-db-2 postgresql.gold	cvsourcerock_deposition	2	term	CHARACTER VARYING	YES	65536			information_schema
gold-db-2 postgresql.gold	cvsourcerock_deposition	3	sequence	DECIMAL	YES		38	6	information_schema
gold-db-2 postgresql.gold	cvsourcerock_geologicalage	1	id	DECIMAL	YES		38	6	information_schema
gold-db-2 postgresql.gold	cvsourcerock_geologicalage	2	term	CHARACTER VARYING	YES	65536			information_schema
gold-db-2 postgresql.gold	cvsourcerock_geologicalage	3	sequence	DECIMAL	YES		38	6	information_schema
gold-db-2 postgresql.gold	cvsourcerock_kerogentype	1	id	DECIMAL	YES		38	6	information_schema
gold-db-2 postgresql.gold	cvsourcerock_kerogentype	2	term	CHARACTER VARYING	YES	65536			information_schema
gold-db-2 postgresql.gold	cvsourcerock_kerogentype	3	sequence	DECIMAL	YES		38	6	information_schema
gold-db-2 postgresql.gold	cvsourcerock_lithology	1	id	DECIMAL	YES		38	6	information_schema
gold-db-2 postgresql.gold	cvsourcerock_lithology	2	term	CHARACTER VARYING	YES	65536			information_schema
gold-db-2 postgresql.gold	cvsourcerock_lithology	3	sequence	DECIMAL	YES		38	6	information_schema
gold-db-2 postgresql.gold	cvspace_typ_state	1	id	DECIMAL	YES		38	6	information_schema
gold-db-2 postgresql.gold	cvspace_typ_state	2	term	CHARACTER VARYING	YES	65536			information_schema
gold-db-2 postgresql.gold	cvspace_typ_state	3	sequence	DECIMAL	YES		38	6	information_schema
gold-db-2 postgresql.gold	cvspecifications	1	id	DECIMAL	YES		38	6	information_schema
gold-db-2 postgresql.gold	cvspecifications	2	term	CHARACTER VARYING	YES	65536			information_schema
gold-db-2 postgresql.gold	cvspecifications	3	sequence	DECIMAL	YES		38	6	information_schema
gold-db-2 postgresql.gold	cvspecimen	1	id	DECIMAL	YES		38	0	information_schema
gold-db-2 postgresql.gold	cvspecimen	2	term	CHARACTER VARYING	YES	65536			information_schema
gold-db-2 postgresql.gold	cvspecimen	3	sequence	CHARACTER VARYING	YES	65536			information_schema
gold-db-2 postgresql.gold	cvsporulation	1	id	DECIMAL	YES		38	0	information_schema
gold-db-2 postgresql.gold	cvsporulation	2	term	CHARACTER VARYING	YES	65536			information_schema
gold-db-2 postgresql.gold	cvsporulation	3	sequence	DECIMAL	YES		38	0	information_schema
gold-db-2 postgresql.gold	cvsubstructure_type	1	id	DECIMAL	YES		38	6	information_schema
gold-db-2 postgresql.gold	cvsubstructure_type	2	term	CHARACTER VARYING	YES	65536			information_schema
gold-db-2 postgresql.gold	cvsubstructure_type	3	sequence	DECIMAL	YES		38	6	information_schema
gold-db-2 postgresql.gold	cvsurface_material	1	id	DECIMAL	YES		38	6	information_schema
gold-db-2 postgresql.gold	cvsurface_material	2	term	CHARACTER VARYING	YES	65536			information_schema
gold-db-2 postgresql.gold	cvsurface_material	3	sequence	DECIMAL	YES		38	6	information_schema
gold-db-2 postgresql.gold	cvtaxidentifiers	1	id	DECIMAL	YES		38	6	information_schema
gold-db-2 postgresql.gold	cvtaxidentifiers	2	term	CHARACTER VARYING	YES	65536			information_schema
gold-db-2 postgresql.gold	cvtaxidentifiers	3	sequence	DECIMAL	YES		38	6	information_schema
gold-db-2 postgresql.gold	cvtemp_range	1	id	DECIMAL	YES		38	0	information_schema
gold-db-2 postgresql.gold	cvtemp_range	2	term	CHARACTER VARYING	YES	65536			information_schema
gold-db-2 postgresql.gold	cvtemp_range	3	sequence	DECIMAL	YES		38	0	information_schema
gold-db-2 postgresql.gold	cvtidal_stage	1	id	DECIMAL	YES		38	6	information_schema
gold-db-2 postgresql.gold	cvtidal_stage	2	term	CHARACTER VARYING	YES	65536			information_schema
gold-db-2 postgresql.gold	cvtidal_stage	3	sequence	DECIMAL	YES		38	6	information_schema
gold-db-2 postgresql.gold	cvtillage	1	id	DECIMAL	YES		38	6	information_schema
gold-db-2 postgresql.gold	cvtillage	2	term	CHARACTER VARYING	YES	65536			information_schema
gold-db-2 postgresql.gold	cvtillage	3	sequence	DECIMAL	YES		38	6	information_schema
gold-db-2 postgresql.gold	cvtrain_line	1	id	DECIMAL	YES		38	6	information_schema
gold-db-2 postgresql.gold	cvtrain_line	2	term	CHARACTER VARYING	YES	65536			information_schema
gold-db-2 postgresql.gold	cvtrain_line	3	sequence	DECIMAL	YES		38	6	information_schema
gold-db-2 postgresql.gold	cvtrain_stat_location	1	id	DECIMAL	YES		38	6	information_schema
gold-db-2 postgresql.gold	cvtrain_stat_location	2	term	CHARACTER VARYING	YES	65536			information_schema
gold-db-2 postgresql.gold	cvtrain_stat_location	3	sequence	DECIMAL	YES		38	6	information_schema
gold-db-2 postgresql.gold	cvtrain_stop_location	1	id	DECIMAL	YES		38	6	information_schema
gold-db-2 postgresql.gold	cvtrain_stop_location	2	term	CHARACTER VARYING	YES	65536			information_schema
gold-db-2 postgresql.gold	cvtrain_stop_location	3	sequence	DECIMAL	YES		38	6	information_schema
gold-db-2 postgresql.gold	cvuncultured_type	1	id	DECIMAL	YES		38	0	information_schema
gold-db-2 postgresql.gold	cvuncultured_type	2	term	CHARACTER VARYING	YES	65536			information_schema
gold-db-2 postgresql.gold	cvuncultured_type	3	sequence	DECIMAL	YES		38	0	information_schema
gold-db-2 postgresql.gold	cvurinecollect	1	id	DECIMAL	YES		38	6	information_schema
gold-db-2 postgresql.gold	cvurinecollect	2	term	CHARACTER VARYING	YES	65536			information_schema
gold-db-2 postgresql.gold	cvurinecollect	3	sequence	DECIMAL	YES		38	6	information_schema
gold-db-2 postgresql.gold	cvvirusenrichmentapproach	1	id	DECIMAL	YES		38	6	information_schema
gold-db-2 postgresql.gold	cvvirusenrichmentapproach	2	term	CHARACTER VARYING	YES	65536			information_schema
gold-db-2 postgresql.gold	cvvirusenrichmentapproach	3	sequence	DECIMAL	YES		38	6	information_schema
gold-db-2 postgresql.gold	cvvis_media	1	id	DECIMAL	YES		38	6	information_schema
gold-db-2 postgresql.gold	cvvis_media	2	term	CHARACTER VARYING	YES	65536			information_schema
gold-db-2 postgresql.gold	cvvis_media	3	sequence	DECIMAL	YES		38	6	information_schema
gold-db-2 postgresql.gold	cvwall_const_type	1	id	DECIMAL	YES		38	6	information_schema
gold-db-2 postgresql.gold	cvwall_const_type	2	term	CHARACTER VARYING	YES	65536			information_schema
gold-db-2 postgresql.gold	cvwall_const_type	3	sequence	DECIMAL	YES		38	6	information_schema
gold-db-2 postgresql.gold	cvwall_finish_mat	1	id	DECIMAL	YES		38	6	information_schema
gold-db-2 postgresql.gold	cvwall_finish_mat	2	term	CHARACTER VARYING	YES	65536			information_schema
gold-db-2 postgresql.gold	cvwall_finish_mat	3	sequence	DECIMAL	YES		38	6	information_schema
gold-db-2 postgresql.gold	cvwall_surface_treatment	1	id	DECIMAL	YES		38	6	information_schema
gold-db-2 postgresql.gold	cvwall_surface_treatment	2	term	CHARACTER VARYING	YES	65536			information_schema
gold-db-2 postgresql.gold	cvwall_surface_treatment	3	sequence	DECIMAL	YES		38	6	information_schema
gold-db-2 postgresql.gold	cvwall_texture	1	id	DECIMAL	YES		38	6	information_schema
gold-db-2 postgresql.gold	cvwall_texture	2	term	CHARACTER VARYING	YES	65536			information_schema
gold-db-2 postgresql.gold	cvwall_texture	3	sequence	DECIMAL	YES		38	6	information_schema
gold-db-2 postgresql.gold	cvwater_feat_type	1	id	DECIMAL	YES		38	6	information_schema
gold-db-2 postgresql.gold	cvwater_feat_type	2	term	CHARACTER VARYING	YES	65536			information_schema
gold-db-2 postgresql.gold	cvwater_feat_type	3	sequence	DECIMAL	YES		38	6	information_schema
gold-db-2 postgresql.gold	cvwindow_cover	1	id	DECIMAL	YES		38	6	information_schema
gold-db-2 postgresql.gold	cvwindow_cover	2	term	CHARACTER VARYING	YES	65536			information_schema
gold-db-2 postgresql.gold	cvwindow_cover	3	sequence	DECIMAL	YES		38	6	information_schema
gold-db-2 postgresql.gold	cvwindow_horiz_pos	1	id	DECIMAL	YES		38	6	information_schema
gold-db-2 postgresql.gold	cvwindow_horiz_pos	2	term	CHARACTER VARYING	YES	65536			information_schema
gold-db-2 postgresql.gold	cvwindow_horiz_pos	3	sequence	DECIMAL	YES		38	6	information_schema
gold-db-2 postgresql.gold	cvwindow_mat	1	id	DECIMAL	YES		38	6	information_schema
gold-db-2 postgresql.gold	cvwindow_mat	2	term	CHARACTER VARYING	YES	65536			information_schema
gold-db-2 postgresql.gold	cvwindow_mat	3	sequence	DECIMAL	YES		38	6	information_schema
gold-db-2 postgresql.gold	cvwindow_status	1	id	DECIMAL	YES		38	6	information_schema
gold-db-2 postgresql.gold	cvwindow_status	2	term	CHARACTER VARYING	YES	65536			information_schema
gold-db-2 postgresql.gold	cvwindow_status	3	sequence	DECIMAL	YES		38	6	information_schema
gold-db-2 postgresql.gold	cvwindow_type	1	id	DECIMAL	YES		38	6	information_schema
gold-db-2 postgresql.gold	cvwindow_type	2	term	CHARACTER VARYING	YES	65536			information_schema
gold-db-2 postgresql.gold	cvwindow_type	3	sequence	DECIMAL	YES		38	6	information_schema
gold-db-2 postgresql.gold	cvwindow_vert_pos	1	id	DECIMAL	YES		38	6	information_schema
gold-db-2 postgresql.gold	cvwindow_vert_pos	2	term	CHARACTER VARYING	YES	65536			information_schema
gold-db-2 postgresql.gold	cvwindow_vert_pos	3	sequence	DECIMAL	YES		38	6	information_schema
gold-db-2 postgresql.gold	cvyes_no	1	id	DECIMAL	YES		38	0	information_schema
gold-db-2 postgresql.gold	cvyes_no	2	term	CHARACTER VARYING	YES	65536			information_schema
gold-db-2 postgresql.gold	cvyes_no	3	sequence	DECIMAL	YES		38	0	information_schema
gold-db-2 postgresql.gold	cvyes_no_only	1	id	DECIMAL	YES		38	0	information_schema
gold-db-2 postgresql.gold	cvyes_no_only	2	term	CHARACTER VARYING	YES	65536			information_schema
gold-db-2 postgresql.gold	cvyes_no_only	3	sequence	DECIMAL	YES		38	0	information_schema
gold-db-2 postgresql.gold	dw_accounts	1	account_id	INTEGER	YES		32	0	describe
gold-db-2 postgresql.gold	dw_accounts	2	date_created	TIMESTAMP	YES				describe
gold-db-2 postgresql.gold	dw_accounts	3	last_updated	TIMESTAMP	YES				describe
gold-db-2 postgresql.gold	dw_accounts	4	created_by_id	INTEGER	YES		32	0	describe
gold-db-2 postgresql.gold	dw_accounts	5	created_by_name	CHARACTER VARYING	YES				describe
gold-db-2 postgresql.gold	dw_accounts	6	last_updated_by_id	INTEGER	YES		32	0	describe
gold-db-2 postgresql.gold	dw_accounts	7	last_updated_by_name	CHARACTER VARYING	YES				describe
gold-db-2 postgresql.gold	dw_accounts	8	scientific_program	CHARACTER VARYING	YES				describe
gold-db-2 postgresql.gold	dw_accounts	9	user_program	CHARACTER VARYING	YES				describe
gold-db-2 postgresql.gold	dw_accounts	10	purpose	CHARACTER VARYING	YES				describe
gold-db-2 postgresql.gold	dw_accounts	11	year	INTEGER	YES		32	0	describe
gold-db-2 postgresql.gold	dw_all_inclusive_report	1	lib_name	CHARACTER VARYING	YES				describe
gold-db-2 postgresql.gold	dw_all_inclusive_report	2	jam_ncbi_sra_accession	CHARACTER VARYING	YES				describe
gold-db-2 postgresql.gold	dw_all_inclusive_report	3	lib_actual_queue	CHARACTER VARYING	YES				describe
gold-db-2 postgresql.gold	dw_all_inclusive_report	4	sdm_actual_seq_model	CHARACTER VARYING	YES				describe
gold-db-2 postgresql.gold	dw_all_inclusive_report	5	sow_lib_creation_specs	CHARACTER VARYING	YES				describe
gold-db-2 postgresql.gold	dw_all_inclusive_report	6	sow_item_id	INTEGER	YES		32	0	describe
gold-db-2 postgresql.gold	dw_analysis_product	1	analysis_product_id	INTEGER	YES		32	0	describe
gold-db-2 postgresql.gold	dw_analysis_product	2	analysis_product_name	CHARACTER VARYING	YES				describe
gold-db-2 postgresql.gold	dw_analysis_product	3	active	CHARACTER VARYING	YES				describe
gold-db-2 postgresql.gold	dw_analysis_project	1	analysis_project_id	INTEGER	YES		32	0	information_schema
gold-db-2 postgresql.gold	dw_analysis_project	2	analysis_project_name	CHARACTER VARYING	YES	65536			information_schema
gold-db-2 postgresql.gold	dw_analysis_project	3	final_deliv_project_id	INTEGER	YES		32	0	information_schema
gold-db-2 postgresql.gold	dw_analysis_project	4	analysis_product_id	INTEGER	YES		32	0	information_schema
gold-db-2 postgresql.gold	dw_analysis_project	5	version_number	DECIMAL	YES		38	6	information_schema
gold-db-2 postgresql.gold	dw_analysis_project	6	current_status	CHARACTER VARYING	YES	65536			information_schema
gold-db-2 postgresql.gold	dw_analysis_project	7	current_status_id	INTEGER	YES		32	0	information_schema
gold-db-2 postgresql.gold	dw_analysis_project	8	rework_of_ap_id	INTEGER	YES		32	0	information_schema
gold-db-2 postgresql.gold	dw_analysis_project	9	ncbi_tax_id	BIGINT	YES		64	0	information_schema
gold-db-2 postgresql.gold	dw_analysis_project	10	ref_genome	CHARACTER VARYING	YES	65536			information_schema
gold-db-2 postgresql.gold	dw_analysis_project	11	ref_genome_type	CHARACTER VARYING	YES	65536			information_schema
gold-db-2 postgresql.gold	dw_analysis_project	12	img_dataset_id	CHARACTER VARYING	YES	65536			information_schema
gold-db-2 postgresql.gold	dw_analysis_project	13	source_analysis_project_id	INTEGER	YES		32	0	information_schema
gold-db-2 postgresql.gold	dw_analysis_project_status_cv	1	status_id	INTEGER	YES		32	0	describe
gold-db-2 postgresql.gold	dw_analysis_project_status_cv	2	status	CHARACTER VARYING	YES				describe
gold-db-2 postgresql.gold	dw_analysis_task	1	analysis_task_id	INTEGER	YES		32	0	describe
gold-db-2 postgresql.gold	dw_analysis_task	2	analysis_task_type	CHARACTER VARYING	YES				describe
gold-db-2 postgresql.gold	dw_analysis_task	3	current_status	CHARACTER VARYING	YES				describe
gold-db-2 postgresql.gold	dw_analysis_task	4	sample_id	INTEGER	YES		32	0	describe
gold-db-2 postgresql.gold	dw_analysis_task	5	analysis_project_id	INTEGER	YES		32	0	describe
gold-db-2 postgresql.gold	dw_ap_data_utilization_status	1	analysis_project_id	INTEGER	YES		32	0	describe
gold-db-2 postgresql.gold	dw_ap_data_utilization_status	2	project_visibility	CHARACTER VARYING	YES				describe
gold-db-2 postgresql.gold	dw_ap_data_utilization_status	3	proposal_immediate_data_release	INTEGER	YES		32	0	describe
gold-db-2 postgresql.gold	dw_ap_data_utilization_status	4	proposal_approval_notified_date	TIMESTAMP	YES				describe
gold-db-2 postgresql.gold	dw_ap_data_utilization_status	5	project_availability_date	TIMESTAMP	YES				describe
gold-db-2 postgresql.gold	dw_ap_data_utilization_status	6	override_data_release	INTEGER	YES		32	0	describe
gold-db-2 postgresql.gold	dw_ap_data_utilization_status	7	data_utilization_status	CHARACTER VARYING	YES				describe
gold-db-2 postgresql.gold	dw_collection_locations_cv	1	collection_location_id	INTEGER	YES		32	0	describe
gold-db-2 postgresql.gold	dw_collection_locations_cv	2	collection_location	CHARACTER VARYING	YES				describe
gold-db-2 postgresql.gold	dw_contact	1	contact_id	BIGINT	YES		64	0	describe
gold-db-2 postgresql.gold	dw_contact	2	orcid_id	CHARACTER VARYING	YES				describe
gold-db-2 postgresql.gold	dw_contact	3	prefix	CHARACTER VARYING	YES				describe
gold-db-2 postgresql.gold	dw_contact	4	first_name	CHARACTER VARYING	YES				describe
gold-db-2 postgresql.gold	dw_contact	5	middle_name	CHARACTER VARYING	YES				describe
gold-db-2 postgresql.gold	dw_contact	6	last_name	CHARACTER VARYING	YES				describe
gold-db-2 postgresql.gold	dw_contact	7	suffix	CHARACTER VARYING	YES				describe
gold-db-2 postgresql.gold	dw_contact	8	gender	CHARACTER VARYING	YES				describe
gold-db-2 postgresql.gold	dw_contact	9	institution	CHARACTER VARYING	YES				describe
gold-db-2 postgresql.gold	dw_contact	10	department	CHARACTER VARYING	YES				describe
gold-db-2 postgresql.gold	dw_contact	11	address_1	CHARACTER VARYING	YES				describe
gold-db-2 postgresql.gold	dw_contact	12	address_2	CHARACTER VARYING	YES				describe
gold-db-2 postgresql.gold	dw_contact	13	city	CHARACTER VARYING	YES				describe
gold-db-2 postgresql.gold	dw_contact	14	state	CHARACTER VARYING	YES				describe
gold-db-2 postgresql.gold	dw_contact	15	postal_code	CHARACTER VARYING	YES				describe
gold-db-2 postgresql.gold	dw_contact	16	country	CHARACTER VARYING	YES				describe
gold-db-2 postgresql.gold	dw_contact	17	phone_number	CHARACTER VARYING	YES				describe
gold-db-2 postgresql.gold	dw_contact	18	fax_number	CHARACTER VARYING	YES				describe
gold-db-2 postgresql.gold	dw_contact	19	email_address	CHARACTER VARYING	YES				describe
gold-db-2 postgresql.gold	dw_contact	20	comments	CHARACTER VARYING	YES				describe
gold-db-2 postgresql.gold	dw_contact	21	created_at	TIMESTAMP	YES				describe
gold-db-2 postgresql.gold	dw_contact	22	updated_at	TIMESTAMP	YES				describe
gold-db-2 postgresql.gold	dw_contact	23	kc_uuid	CHARACTER VARYING	YES				describe
gold-db-2 postgresql.gold	dw_contact	24	caliban_user_extid	DECIMAL	YES		38	6	describe
gold-db-2 postgresql.gold	dw_contact_user	1	contact_id	DECIMAL	YES		38	6	describe
gold-db-2 postgresql.gold	dw_contact_user	2	user_id	DECIMAL	YES		38	6	describe
gold-db-2 postgresql.gold	dw_contact_user	3	orcid_id	CHARACTER VARYING	YES				describe
gold-db-2 postgresql.gold	dw_contact_user	4	email	CHARACTER VARYING	YES				describe
gold-db-2 postgresql.gold	dw_contact_user	5	first_name	CHARACTER VARYING	YES				describe
gold-db-2 postgresql.gold	dw_contact_user	6	middle_name	CHARACTER VARYING	YES				describe
gold-db-2 postgresql.gold	dw_contact_user	7	last_name	CHARACTER VARYING	YES				describe
gold-db-2 postgresql.gold	dw_contact_user	8	replaced_by_id	DECIMAL	YES		38	6	describe
gold-db-2 postgresql.gold	dw_final_deliv_product	1	final_deliv_product_id	INTEGER	YES		32	0	describe
gold-db-2 postgresql.gold	dw_final_deliv_product	2	final_deliv_product_name	CHARACTER VARYING	YES				describe
gold-db-2 postgresql.gold	dw_final_deliv_product	3	final_deliv_product_descr	CHARACTER VARYING	YES				describe
gold-db-2 postgresql.gold	dw_final_deliv_product	4	def_final_deliv_strategy_id	INTEGER	YES		32	0	describe
gold-db-2 postgresql.gold	dw_final_deliv_product	5	active	CHARACTER VARYING	YES				describe
gold-db-2 postgresql.gold	dw_final_deliv_product	6	date_created	TIMESTAMP	YES				describe
gold-db-2 postgresql.gold	dw_final_deliv_product	7	last_updated	TIMESTAMP	YES				describe
gold-db-2 postgresql.gold	dw_final_deliv_product	8	created_by_id	INTEGER	YES		32	0	describe
gold-db-2 postgresql.gold	dw_final_deliv_product	9	created_by_name	CHARACTER VARYING	YES				describe
gold-db-2 postgresql.gold	dw_final_deliv_product	10	last_updated_by_id	INTEGER	YES		32	0	describe
gold-db-2 postgresql.gold	dw_final_deliv_product	11	last_updated_by_name	CHARACTER VARYING	YES				describe
gold-db-2 postgresql.gold	dw_final_deliv_product	12	final_deliv_product_type	CHARACTER VARYING	YES				describe
gold-db-2 postgresql.gold	dw_final_deliv_product	13	spoc_product_category	CHARACTER VARYING	YES				describe
gold-db-2 postgresql.gold	dw_final_deliv_project	1	final_deliv_project_id	INTEGER	YES		32	0	describe
gold-db-2 postgresql.gold	dw_final_deliv_project	2	final_deliv_project_name	CHARACTER VARYING	YES				describe
gold-db-2 postgresql.gold	dw_final_deliv_project	3	final_deliv_product_id	INTEGER	YES		32	0	describe
gold-db-2 postgresql.gold	dw_final_deliv_project	4	proposal_id	INTEGER	YES		32	0	describe
gold-db-2 postgresql.gold	dw_final_deliv_project	5	default_account_id	INTEGER	YES		32	0	describe
gold-db-2 postgresql.gold	dw_final_deliv_project	6	default_project_manager_id	INTEGER	YES		32	0	describe
gold-db-2 postgresql.gold	dw_final_deliv_project	7	final_deliv_project_comments	CHARACTER VARYING	YES				describe
gold-db-2 postgresql.gold	dw_final_deliv_project	8	date_created	TIMESTAMP	YES				describe
gold-db-2 postgresql.gold	dw_final_deliv_project	9	last_updated	TIMESTAMP	YES				describe
gold-db-2 postgresql.gold	dw_final_deliv_project	10	status_date	TIMESTAMP	YES				describe
gold-db-2 postgresql.gold	dw_final_deliv_project	11	status_comments	CHARACTER VARYING	YES				describe
gold-db-2 postgresql.gold	dw_final_deliv_project	12	created_by_id	INTEGER	YES		32	0	describe
gold-db-2 postgresql.gold	dw_final_deliv_project	13	created_by_name	CHARACTER VARYING	YES				describe
gold-db-2 postgresql.gold	dw_final_deliv_project	14	last_updated_by_id	INTEGER	YES		32	0	describe
gold-db-2 postgresql.gold	dw_final_deliv_project	15	last_updated_by_name	CHARACTER VARYING	YES				describe
gold-db-2 postgresql.gold	dw_final_deliv_project	16	current_status	CHARACTER VARYING	YES				describe
gold-db-2 postgresql.gold	dw_final_deliv_project	17	final_deliv_strategy_name	CHARACTER VARYING	YES				describe
gold-db-2 postgresql.gold	dw_m2m_analprojgoldproj	1	id	INTEGER	YES		32	0	describe
gold-db-2 postgresql.gold	dw_m2m_analprojgoldproj	2	analysis_project_id	INTEGER	YES		32	0	describe
gold-db-2 postgresql.gold	dw_m2m_analprojgoldproj	3	gold_project_id	CHARACTER VARYING	YES				describe
gold-db-2 postgresql.gold	dw_m2m_analprojgptsproj	1	id	INTEGER	YES		32	0	describe
gold-db-2 postgresql.gold	dw_m2m_analprojgptsproj	2	analysis_project_id	INTEGER	YES		32	0	describe
gold-db-2 postgresql.gold	dw_m2m_analprojgptsproj	3	gpts_project_id	INTEGER	YES		32	0	describe
gold-db-2 postgresql.gold	dw_m2m_analprojseqproj	1	id	INTEGER	YES		32	0	describe
gold-db-2 postgresql.gold	dw_m2m_analprojseqproj	2	analysis_project_id	INTEGER	YES		32	0	describe
gold-db-2 postgresql.gold	dw_m2m_analprojseqproj	3	sequencing_project_id	INTEGER	YES		32	0	describe
gold-db-2 postgresql.gold	dw_m2m_analprojseqproj	4	aud_last_modified	TIMESTAMP	YES				describe
gold-db-2 postgresql.gold	dw_m2m_analprojseqproj	5	greatest_aud_last_modified	TIMESTAMP	YES				describe
gold-db-2 postgresql.gold	dw_m2m_samplesowitem	1	sample_id	INTEGER	YES		32	0	describe
gold-db-2 postgresql.gold	dw_m2m_samplesowitem	2	sow_item_id	INTEGER	YES		32	0	describe
gold-db-2 postgresql.gold	dw_m2m_samplesowitem	3	greatest_aud_last_modified	TIMESTAMP	YES				describe
gold-db-2 postgresql.gold	dw_m2m_seq_prod_strats	1	id	INTEGER	YES		32	0	describe
gold-db-2 postgresql.gold	dw_m2m_seq_prod_strats	2	sequencing_product_id	INTEGER	YES		32	0	describe
gold-db-2 postgresql.gold	dw_m2m_seq_prod_strats	3	allowed_seq_strat_id	INTEGER	YES		32	0	describe
gold-db-2 postgresql.gold	dw_m2m_seq_prod_strats	4	default_strat_for_product	CHARACTER VARYING	YES				describe
gold-db-2 postgresql.gold	dw_m2m_seq_prod_strats	5	active	CHARACTER VARYING	YES				describe
gold-db-2 postgresql.gold	dw_pmo_migrated_seq_projects	1	migrated_sequencing_project_id	BIGINT	YES		64	0	describe
gold-db-2 postgresql.gold	dw_pmo_migrated_seq_projects	2	pmo_project_id	BIGINT	YES		64	0	describe
gold-db-2 postgresql.gold	dw_pmo_migrated_seq_projects	3	its_project_id	BIGINT	YES		64	0	describe
gold-db-2 postgresql.gold	dw_pmo_migrated_seq_projects	4	created_at	TIMESTAMP	YES				describe
gold-db-2 postgresql.gold	dw_pmo_migrated_seq_projects	5	updated_at	TIMESTAMP	YES				describe
gold-db-2 postgresql.gold	dw_pmo_migrated_seq_projects	6	greatest_aud_last_modified	TIMESTAMP	YES				describe
gold-db-2 postgresql.gold	dw_proposal	1	proposal_id	BIGINT	YES		64	0	describe
gold-db-2 postgresql.gold	dw_proposal	2	gpts_proposal_extid	BIGINT	YES		64	0	describe
gold-db-2 postgresql.gold	dw_proposal	3	current_status	CHARACTER VARYING	YES				describe
gold-db-2 postgresql.gold	dw_proposal	4	status_comments	CHARACTER VARYING	YES				describe
gold-db-2 postgresql.gold	dw_proposal	5	status_date	TIMESTAMP	YES				describe
gold-db-2 postgresql.gold	dw_proposal	6	award_doi	CHARACTER VARYING	YES				describe
gold-db-2 postgresql.gold	dw_proposal	7	title	CHARACTER VARYING	YES				describe
gold-db-2 postgresql.gold	dw_proposal	8	description	CHARACTER VARYING	YES				describe
gold-db-2 postgresql.gold	dw_proposal	9	focus_area	CHARACTER VARYING	YES				describe
gold-db-2 postgresql.gold	dw_proposal	10	project_type	CHARACTER VARYING	YES				describe
gold-db-2 postgresql.gold	dw_proposal	11	justification	CHARACTER VARYING	YES				describe
gold-db-2 postgresql.gold	dw_proposal	12	utilization	CHARACTER VARYING	YES				describe
gold-db-2 postgresql.gold	dw_proposal	13	community_interest	CHARACTER VARYING	YES				describe
gold-db-2 postgresql.gold	dw_proposal	14	doe_mission	CHARACTER VARYING	YES				describe
gold-db-2 postgresql.gold	dw_proposal	15	project_area_comments	CHARACTER VARYING	YES				describe
gold-db-2 postgresql.gold	dw_proposal	16	created_at	TIMESTAMP	YES				describe
gold-db-2 postgresql.gold	dw_proposal	17	updated_at	TIMESTAMP	YES				describe
gold-db-2 postgresql.gold	dw_proposal	18	principal_investigator_id	INTEGER	YES		32	0	describe
gold-db-2 postgresql.gold	dw_proposal	19	principal_investigator_name	CHARACTER VARYING	YES				describe
gold-db-2 postgresql.gold	dw_proposal	20	pmo_type	CHARACTER VARYING	YES				describe
gold-db-2 postgresql.gold	dw_proposal	21	score	DECIMAL	YES		38	6	describe
gold-db-2 postgresql.gold	dw_proposal	22	proposal_cycle_id	BIGINT	YES		64	0	describe
gold-db-2 postgresql.gold	dw_proposal	23	kingdom	CHARACTER VARYING	YES				describe
gold-db-2 postgresql.gold	dw_proposal	24	estimated_number_of_samples	BIGINT	YES		64	0	describe
gold-db-2 postgresql.gold	dw_proposal	25	sample_preparation	CHARACTER VARYING	YES				describe
gold-db-2 postgresql.gold	dw_proposal	26	brc_name	CHARACTER VARYING	YES				describe
gold-db-2 postgresql.gold	dw_proposal	27	resources_requested	CHARACTER VARYING	YES				describe
gold-db-2 postgresql.gold	dw_proposal	28	funding_source	CHARACTER VARYING	YES				describe
gold-db-2 postgresql.gold	dw_proposal	29	embargo_days	BIGINT	YES		64	0	describe
gold-db-2 postgresql.gold	dw_proposal	30	target_completion_date	TIMESTAMP	YES				describe
gold-db-2 postgresql.gold	dw_proposal	31	project_manager_name	CHARACTER VARYING	YES				describe
gold-db-2 postgresql.gold	dw_proposal_doe_tags	1	proposal_id	BIGINT	YES		64	0	describe
gold-db-2 postgresql.gold	dw_proposal_doe_tags	2	tag_name	CHARACTER VARYING	YES				describe
gold-db-2 postgresql.gold	dw_proposal_doe_tags	3	greatest_aud_last_modified	TIMESTAMP	YES				describe
gold-db-2 postgresql.gold	dw_sample_fraction_deleted	1	sample_fraction_id	DECIMAL	YES		38	6	describe
gold-db-2 postgresql.gold	dw_sample_fraction_deleted	2	root_sample_id	DECIMAL	YES		38	6	describe
gold-db-2 postgresql.gold	dw_sample_fraction_deleted	3	fractionated_sample_id	DECIMAL	YES		38	6	describe
gold-db-2 postgresql.gold	dw_sample_fraction_deleted	4	qc_flag	CHARACTER VARYING	YES				describe
gold-db-2 postgresql.gold	dw_sample_fraction_deleted	5	volume_ul	DECIMAL	YES		38	6	describe
gold-db-2 postgresql.gold	dw_sample_fraction_deleted	6	concentration_ng_ul	DECIMAL	YES		38	6	describe
gold-db-2 postgresql.gold	dw_sample_fraction_deleted	7	density_g_ml	DECIMAL	YES		38	6	describe
gold-db-2 postgresql.gold	dw_sample_fraction_deleted	8	sample_group_name	CHARACTER VARYING	YES				describe
gold-db-2 postgresql.gold	dw_sample_fraction_deleted	9	isotope_label	CHARACTER VARYING	YES				describe
gold-db-2 postgresql.gold	dw_sample_mapping_strategy_cv	1	sample_mapping_strategy_id	INTEGER	YES		32	0	describe
gold-db-2 postgresql.gold	dw_sample_mapping_strategy_cv	2	sample_mapping_strategy	CHARACTER VARYING	YES				describe
gold-db-2 postgresql.gold	dw_sample_mapping_strategy_cv	3	active	CHARACTER VARYING	YES				describe
gold-db-2 postgresql.gold	dw_sample_taxonomy_info	1	sample_id	BIGINT	YES		64	0	information_schema
gold-db-2 postgresql.gold	dw_sample_taxonomy_info	2	genus	CHARACTER VARYING	YES	65536			information_schema
gold-db-2 postgresql.gold	dw_sample_taxonomy_info	3	species	CHARACTER VARYING	YES	65536			information_schema
gold-db-2 postgresql.gold	dw_sample_taxonomy_info	4	strain	CHARACTER VARYING	YES	65536			information_schema
gold-db-2 postgresql.gold	dw_sample_taxonomy_info	5	isolate	CHARACTER VARYING	YES	65536			information_schema
gold-db-2 postgresql.gold	dw_sample_taxonomy_info	6	ncbi_tax_id	BIGINT	YES		64	0	information_schema
gold-db-2 postgresql.gold	dw_sample_taxonomy_info	7	repository_id	CHARACTER VARYING	YES	65536			information_schema
gold-db-2 postgresql.gold	dw_sample_taxonomy_info	8	host_genus	CHARACTER VARYING	YES	65536			information_schema
gold-db-2 postgresql.gold	dw_sample_taxonomy_info	9	host_species	CHARACTER VARYING	YES	65536			information_schema
gold-db-2 postgresql.gold	dw_sample_taxonomy_info	10	host_strain	CHARACTER VARYING	YES	65536			information_schema
gold-db-2 postgresql.gold	dw_sample_taxonomy_info	11	host_ncbi_id	CHARACTER VARYING	YES	65536			information_schema
gold-db-2 postgresql.gold	dw_sample_taxonomy_info	12	gc_content_percent	DECIMAL	YES		38	6	information_schema
gold-db-2 postgresql.gold	dw_sample_taxonomy_info	13	ploidy_comments	CHARACTER VARYING	YES	65536			information_schema
gold-db-2 postgresql.gold	dw_sample_taxonomy_info	14	reference_genome	CHARACTER VARYING	YES	65536			information_schema
gold-db-2 postgresql.gold	dw_samples	1	sample_id	INTEGER	YES		32	0	information_schema
gold-db-2 postgresql.gold	dw_samples	2	gls_sample_id	CHARACTER VARYING	YES	65536			information_schema
gold-db-2 postgresql.gold	dw_samples	3	sample_name	CHARACTER VARYING	YES	65536			information_schema
gold-db-2 postgresql.gold	dw_samples	4	collection_time	TIMESTAMP	YES				information_schema
gold-db-2 postgresql.gold	dw_samples	5	collection_latitude	DECIMAL	YES		38	6	information_schema
gold-db-2 postgresql.gold	dw_samples	6	collection_longitude	DECIMAL	YES		38	6	information_schema
gold-db-2 postgresql.gold	dw_samples	7	collection_altit_depth_meters	DECIMAL	YES		38	6	information_schema
gold-db-2 postgresql.gold	dw_samples	8	min_depth_meters	DECIMAL	YES		38	6	information_schema
gold-db-2 postgresql.gold	dw_samples	9	max_depth_meters	DECIMAL	YES		38	6	information_schema
gold-db-2 postgresql.gold	dw_samples	10	min_elevation_meters	DECIMAL	YES		38	6	information_schema
gold-db-2 postgresql.gold	dw_samples	11	max_elevation_meters	DECIMAL	YES		38	6	information_schema
gold-db-2 postgresql.gold	dw_samples	12	collection_site_growth	CHARACTER VARYING	YES	65536			information_schema
gold-db-2 postgresql.gold	dw_samples	13	dna_isolation_method	CHARACTER VARYING	YES	65536			information_schema
gold-db-2 postgresql.gold	dw_samples	14	current_concentration_ngul	DECIMAL	YES		38	6	information_schema
gold-db-2 postgresql.gold	dw_samples	15	tube_plate_label	CHARACTER VARYING	YES	65536			information_schema
gold-db-2 postgresql.gold	dw_samples	16	plate_location	CHARACTER VARYING	YES	65536			information_schema
gold-db-2 postgresql.gold	dw_samples	17	number_tubes_plates	DECIMAL	YES		38	6	information_schema
gold-db-2 postgresql.gold	dw_samples	18	shipment_storage_comments	CHARACTER VARYING	YES	65536			information_schema
gold-db-2 postgresql.gold	dw_samples	19	dna_treated	CHARACTER VARYING	YES	65536			information_schema
gold-db-2 postgresql.gold	dw_samples	20	starting_culture_pure	CHARACTER VARYING	YES	65536			information_schema
gold-db-2 postgresql.gold	dw_samples	21	culture_strain_pure_descr	CHARACTER VARYING	YES	65536			information_schema
gold-db-2 postgresql.gold	dw_samples	22	tissue_organ_source	CHARACTER VARYING	YES	65536			information_schema
gold-db-2 postgresql.gold	dw_samples	23	developmental_stage_age	CHARACTER VARYING	YES	65536			information_schema
gold-db-2 postgresql.gold	dw_samples	24	sex	CHARACTER VARYING	YES	65536			information_schema
gold-db-2 postgresql.gold	dw_samples	25	in_vivo_conditions	CHARACTER VARYING	YES	65536			information_schema
gold-db-2 postgresql.gold	dw_samples	26	vector_name	CHARACTER VARYING	YES	65536			information_schema
gold-db-2 postgresql.gold	dw_samples	27	date_created	TIMESTAMP	YES				information_schema
gold-db-2 postgresql.gold	dw_samples	28	last_updated	TIMESTAMP	YES				information_schema
gold-db-2 postgresql.gold	dw_samples	29	status_date	TIMESTAMP	YES				information_schema
gold-db-2 postgresql.gold	dw_samples	30	status_comments	CHARACTER VARYING	YES	65536			information_schema
gold-db-2 postgresql.gold	dw_samples	31	absorbance_260_230	DECIMAL	YES		38	6	information_schema
gold-db-2 postgresql.gold	dw_samples	32	sample_isolated_from	CHARACTER VARYING	YES	65536			information_schema
gold-db-2 postgresql.gold	dw_samples	33	qc_total_mass_ng	DECIMAL	YES		38	6	information_schema
gold-db-2 postgresql.gold	dw_samples	34	max_insert_size_kb	DECIMAL	YES		38	6	information_schema
gold-db-2 postgresql.gold	dw_samples	35	qc_status	CHARACTER VARYING	YES	65536			information_schema
gold-db-2 postgresql.gold	dw_samples	36	sample_tube_barcode	CHARACTER VARYING	YES	65536			information_schema
gold-db-2 postgresql.gold	dw_samples	37	collabor_volume_ul	DECIMAL	YES		38	6	information_schema
gold-db-2 postgresql.gold	dw_samples	38	collabor_concentration_ngul	DECIMAL	YES		38	6	information_schema
gold-db-2 postgresql.gold	dw_samples	39	pathogenicity	CHARACTER VARYING	YES	65536			information_schema
gold-db-2 postgresql.gold	dw_samples	40	risk_group_level	INTEGER	YES		32	0	information_schema
gold-db-2 postgresql.gold	dw_samples	41	absorbance_260_280	DECIMAL	YES		38	6	information_schema
gold-db-2 postgresql.gold	dw_samples	42	group_name	CHARACTER VARYING	YES	65536			information_schema
gold-db-2 postgresql.gold	dw_samples	43	created_by_id	INTEGER	YES		32	0	information_schema
gold-db-2 postgresql.gold	dw_samples	44	created_by_name	CHARACTER VARYING	YES	65536			information_schema
gold-db-2 postgresql.gold	dw_samples	45	last_updated_by_id	INTEGER	YES		32	0	information_schema
gold-db-2 postgresql.gold	dw_samples	46	last_updated_by_name	CHARACTER VARYING	YES	65536			information_schema
gold-db-2 postgresql.gold	dw_samples	47	current_status	CHARACTER VARYING	YES	65536			information_schema
gold-db-2 postgresql.gold	dw_samples	48	storage_solution	CHARACTER VARYING	YES	65536			information_schema
gold-db-2 postgresql.gold	dw_samples	49	sample_format	CHARACTER VARYING	YES	65536			information_schema
gold-db-2 postgresql.gold	dw_samples	50	material_type	CHARACTER VARYING	YES	65536			information_schema
gold-db-2 postgresql.gold	dw_samples	51	source_sample_pid	CHARACTER VARYING	YES	65536			information_schema
gold-db-2 postgresql.gold	dw_sequencing_product	1	sequencing_product_id	INTEGER	YES		32	0	information_schema
gold-db-2 postgresql.gold	dw_sequencing_product	2	sequencing_product_name	CHARACTER VARYING	YES	65536			information_schema
gold-db-2 postgresql.gold	dw_sequencing_product	3	active	CHARACTER VARYING	YES	65536			information_schema
gold-db-2 postgresql.gold	dw_sequencing_product	4	date_created	TIMESTAMP	YES				information_schema
gold-db-2 postgresql.gold	dw_sequencing_product	5	last_updated	TIMESTAMP	YES				information_schema
gold-db-2 postgresql.gold	dw_sequencing_product	6	sequencing_product_type_id	INTEGER	YES		32	0	information_schema
gold-db-2 postgresql.gold	dw_sequencing_product	7	description	CHARACTER VARYING	YES	65536			information_schema
gold-db-2 postgresql.gold	dw_sequencing_product	8	notes	CHARACTER VARYING	YES	65536			information_schema
gold-db-2 postgresql.gold	dw_sequencing_product	9	created_by_id	INTEGER	YES		32	0	information_schema
gold-db-2 postgresql.gold	dw_sequencing_product	10	created_by_name	CHARACTER VARYING	YES	65536			information_schema
gold-db-2 postgresql.gold	dw_sequencing_product	11	last_updated_by_id	INTEGER	YES		32	0	information_schema
gold-db-2 postgresql.gold	dw_sequencing_product	12	last_updated_by_name	CHARACTER VARYING	YES	65536			information_schema
gold-db-2 postgresql.gold	dw_sequencing_product	13	sequencing_product_type	CHARACTER VARYING	YES	65536			information_schema
gold-db-2 postgresql.gold	dw_sequencing_project	1	sequencing_project_id	INTEGER	YES		32	0	information_schema
gold-db-2 postgresql.gold	dw_sequencing_project	2	author_names	CHARACTER VARYING	YES	65536			information_schema
gold-db-2 postgresql.gold	dw_sequencing_project	3	created_by_id	INTEGER	YES		32	0	information_schema
gold-db-2 postgresql.gold	dw_sequencing_project	4	created_by_name	CHARACTER VARYING	YES	65536			information_schema
gold-db-2 postgresql.gold	dw_sequencing_project	5	current_status	CHARACTER VARYING	YES	65536			information_schema
gold-db-2 postgresql.gold	dw_sequencing_project	6	current_status_id	INTEGER	YES		32	0	information_schema
gold-db-2 postgresql.gold	dw_sequencing_project	7	date_created	TIMESTAMP	YES				information_schema
gold-db-2 postgresql.gold	dw_sequencing_project	8	eligible_public_release	CHARACTER VARYING	YES	65536			information_schema
gold-db-2 postgresql.gold	dw_sequencing_project	9	embargo_days	INTEGER	YES		32	0	information_schema
gold-db-2 postgresql.gold	dw_sequencing_project	10	embargo_start_date	TIMESTAMP	YES				information_schema
gold-db-2 postgresql.gold	dw_sequencing_project	11	sp_visibility	CHARACTER VARYING	YES	65536			information_schema
gold-db-2 postgresql.gold	dw_sequencing_project	12	availability_date	TIMESTAMP	YES				information_schema
gold-db-2 postgresql.gold	dw_sequencing_project	13	expected_num_samples	DECIMAL	YES		38	6	information_schema
gold-db-2 postgresql.gold	dw_sequencing_project	14	genomic_resources	CHARACTER VARYING	YES	65536			information_schema
gold-db-2 postgresql.gold	dw_sequencing_project	15	gls_sequencing_project_id	CHARACTER VARYING	YES	65536			information_schema
gold-db-2 postgresql.gold	dw_sequencing_project	16	last_updated	TIMESTAMP	YES				information_schema
gold-db-2 postgresql.gold	dw_sequencing_project	17	last_updated_by_id	INTEGER	YES		32	0	information_schema
gold-db-2 postgresql.gold	dw_sequencing_project	18	last_updated_by_name	CHARACTER VARYING	YES	65536			information_schema
gold-db-2 postgresql.gold	dw_sequencing_project	19	literature_references	CHARACTER VARYING	YES	65536			information_schema
gold-db-2 postgresql.gold	dw_sequencing_project	20	material_type	CHARACTER VARYING	YES	65536			information_schema
gold-db-2 postgresql.gold	dw_sequencing_project	21	other_groups_info	CHARACTER VARYING	YES	65536			information_schema
gold-db-2 postgresql.gold	dw_sequencing_project	22	sample_contact_id	INTEGER	YES		32	0	information_schema
gold-db-2 postgresql.gold	dw_sequencing_project	23	seq_proj_manager_name	CHARACTER VARYING	YES	65536			information_schema
gold-db-2 postgresql.gold	dw_sequencing_project	24	sequencing_product_id	INTEGER	YES		32	0	information_schema
gold-db-2 postgresql.gold	dw_sequencing_project	25	actual_sequencing_product_id	INTEGER	YES		32	0	information_schema
gold-db-2 postgresql.gold	dw_sequencing_project	26	sequencing_project_comments	CHARACTER VARYING	YES	65536			information_schema
gold-db-2 postgresql.gold	dw_sequencing_project	27	sequencing_project_contact_id	INTEGER	YES		32	0	information_schema
gold-db-2 postgresql.gold	dw_sequencing_project	28	sequencing_project_manager_id	INTEGER	YES		32	0	information_schema
gold-db-2 postgresql.gold	dw_sequencing_project	29	sequencing_project_name	CHARACTER VARYING	YES	65536			information_schema
gold-db-2 postgresql.gold	dw_sequencing_project	30	sp_project_visibility	CHARACTER VARYING	YES	65536			information_schema
gold-db-2 postgresql.gold	dw_sequencing_project	31	status_comments	CHARACTER VARYING	YES	65536			information_schema
gold-db-2 postgresql.gold	dw_sequencing_project	32	status_date	TIMESTAMP	YES				information_schema
gold-db-2 postgresql.gold	dw_sequencing_project	33	url_other_resources	CHARACTER VARYING	YES	65536			information_schema
gold-db-2 postgresql.gold	dw_sequencing_project	34	default_account_id	INTEGER	YES		32	0	information_schema
gold-db-2 postgresql.gold	dw_sequencing_project	35	final_deliv_project_id	INTEGER	YES		32	0	information_schema
gold-db-2 postgresql.gold	dw_sequencing_project	36	sequencing_strategy_id	INTEGER	YES		32	0	information_schema
gold-db-2 postgresql.gold	dw_sequencing_strategy	1	sequencing_strategy_id	INTEGER	YES		32	0	describe
gold-db-2 postgresql.gold	dw_sequencing_strategy	2	sequencing_strategy_name	CHARACTER VARYING	YES				describe
gold-db-2 postgresql.gold	dw_sequencing_strategy	3	sample_mapping_strategy_id	INTEGER	YES		32	0	describe
gold-db-2 postgresql.gold	dw_sequencing_strategy	4	active	CHARACTER VARYING	YES				describe
gold-db-2 postgresql.gold	dw_sow_item	1	sow_item_id	INTEGER	YES		32	0	describe
gold-db-2 postgresql.gold	dw_sow_item	2	sequencing_project_id	INTEGER	YES		32	0	describe
gold-db-2 postgresql.gold	dw_sow_item	3	comments	CHARACTER VARYING	YES				describe
gold-db-2 postgresql.gold	dw_sow_item	4	account_id	INTEGER	YES		32	0	describe
gold-db-2 postgresql.gold	dw_sow_item	5	degree_of_pooling_id	INTEGER	YES		32	0	describe
gold-db-2 postgresql.gold	dw_sow_item	6	date_created	TIMESTAMP	YES				describe
gold-db-2 postgresql.gold	dw_sow_item	7	last_updated	TIMESTAMP	YES				describe
gold-db-2 postgresql.gold	dw_sow_item	8	status_date	TIMESTAMP	YES				describe
gold-db-2 postgresql.gold	dw_sow_item	9	status_comments	CHARACTER VARYING	YES				describe
gold-db-2 postgresql.gold	dw_sow_item	10	current_status_id	INTEGER	YES		32	0	describe
gold-db-2 postgresql.gold	dw_sow_item	11	sow_item_number	INTEGER	YES		32	0	describe
gold-db-2 postgresql.gold	dw_sow_item	12	created_by_id	INTEGER	YES		32	0	describe
gold-db-2 postgresql.gold	dw_sow_item	13	created_by_name	CHARACTER VARYING	YES				describe
gold-db-2 postgresql.gold	dw_sow_item	14	last_updated_by_id	INTEGER	YES		32	0	describe
gold-db-2 postgresql.gold	dw_sow_item	15	last_updated_by_name	CHARACTER VARYING	YES				describe
gold-db-2 postgresql.gold	dw_sow_item	16	logical_amount_units	CHARACTER VARYING	YES				describe
gold-db-2 postgresql.gold	dw_sow_item	17	sow_item_type	CHARACTER VARYING	YES				describe
gold-db-2 postgresql.gold	dw_sow_item	18	degree_of_pooling	DECIMAL	YES		38	6	describe
gold-db-2 postgresql.gold	dw_sow_item	19	current_status	CHARACTER VARYING	YES				describe
gold-db-2 postgresql.gold	dw_sow_item	20	platform	CHARACTER VARYING	YES				describe
gold-db-2 postgresql.gold	dw_sow_item	21	sequencer_model	CHARACTER VARYING	YES				describe
gold-db-2 postgresql.gold	dw_sow_item	22	read_total	DECIMAL	YES		38	6	describe
gold-db-2 postgresql.gold	dw_sow_item	23	read_length_bp	DECIMAL	YES		38	6	describe
gold-db-2 postgresql.gold	dw_sow_item	24	run_mode	CHARACTER VARYING	YES				describe
gold-db-2 postgresql.gold	dw_sow_item	25	library_protocol	CHARACTER VARYING	YES				describe
gold-db-2 postgresql.gold	dw_sow_item	26	qc_type	CHARACTER VARYING	YES				describe
gold-db-2 postgresql.gold	dw_sow_segment	1	sow_segment_id	BIGINT	YES		64	0	describe
gold-db-2 postgresql.gold	dw_sow_segment	2	created_by_id	INTEGER	YES		32	0	describe
gold-db-2 postgresql.gold	dw_sow_segment	3	created_by_name	CHARACTER VARYING	YES				describe
gold-db-2 postgresql.gold	dw_sow_segment	4	current_status	CHARACTER VARYING	YES				describe
gold-db-2 postgresql.gold	dw_sow_segment	5	current_status_id	INTEGER	YES		32	0	describe
gold-db-2 postgresql.gold	dw_sow_segment	6	date_created	TIMESTAMP	YES				describe
gold-db-2 postgresql.gold	dw_sow_segment	7	last_updated	TIMESTAMP	YES				describe
gold-db-2 postgresql.gold	dw_sow_segment	8	last_updated_by_id	INTEGER	YES		32	0	describe
gold-db-2 postgresql.gold	dw_sow_segment	9	last_updated_by_name	CHARACTER VARYING	YES				describe
gold-db-2 postgresql.gold	dw_sow_segment	10	status_comments	CHARACTER VARYING	YES				describe
gold-db-2 postgresql.gold	dw_sow_segment	11	status_date	TIMESTAMP	YES				describe
gold-db-2 postgresql.gold	dw_sow_segment	12	target_pooling_equiv_units	DECIMAL	YES		38	6	describe
gold-db-2 postgresql.gold	dw_sow_segment	13	account_id	INTEGER	YES		32	0	describe
gold-db-2 postgresql.gold	dw_sow_segment	14	sow_item_id	INTEGER	YES		32	0	describe
gold-db-2 postgresql.gold	dw_sp_data_utilization_status	1	sequencing_project_id	INTEGER	YES		32	0	describe
gold-db-2 postgresql.gold	dw_sp_data_utilization_status	2	project_visibility	CHARACTER VARYING	YES				describe
gold-db-2 postgresql.gold	dw_sp_data_utilization_status	3	proposal_immediate_data_release	INTEGER	YES		32	0	describe
gold-db-2 postgresql.gold	dw_sp_data_utilization_status	4	proposal_approval_notified_date	TIMESTAMP	YES				describe
gold-db-2 postgresql.gold	dw_sp_data_utilization_status	5	project_availability_date	TIMESTAMP	YES				describe
gold-db-2 postgresql.gold	dw_sp_data_utilization_status	6	override_data_release	INTEGER	YES		32	0	describe
gold-db-2 postgresql.gold	dw_sp_data_utilization_status	7	data_utilization_status	CHARACTER VARYING	YES				describe
gold-db-2 postgresql.gold	dw_taxonomy_info	1	taxonomy_info_id	INTEGER	YES		32	0	describe
gold-db-2 postgresql.gold	dw_taxonomy_info	2	gc_content_percent	DECIMAL	YES		38	6	describe
gold-db-2 postgresql.gold	dw_taxonomy_info	3	genome_size_estimated_mb	DECIMAL	YES		38	6	describe
gold-db-2 postgresql.gold	dw_taxonomy_info	4	genome_size_method	CHARACTER VARYING	YES				describe
gold-db-2 postgresql.gold	dw_taxonomy_info	5	genus	CHARACTER VARYING	YES				describe
gold-db-2 postgresql.gold	dw_taxonomy_info	6	ncbi_organism_name	CHARACTER VARYING	YES				describe
gold-db-2 postgresql.gold	dw_taxonomy_info	7	ncbi_tax_id	BIGINT	YES		64	0	describe
gold-db-2 postgresql.gold	dw_taxonomy_info	8	repository_id	CHARACTER VARYING	YES				describe
gold-db-2 postgresql.gold	dw_taxonomy_info	9	species	CHARACTER VARYING	YES				describe
gold-db-2 postgresql.gold	dw_taxonomy_info	10	strain	CHARACTER VARYING	YES				describe
gold-db-2 postgresql.gold	dw_taxonomy_info	11	isolate	CHARACTER VARYING	YES				describe
gold-db-2 postgresql.gold	dw_taxonomy_info	12	host_genus	CHARACTER VARYING	YES				describe
gold-db-2 postgresql.gold	dw_taxonomy_info	13	host_species	CHARACTER VARYING	YES				describe
gold-db-2 postgresql.gold	dw_taxonomy_info	14	host_strain	CHARACTER VARYING	YES				describe
gold-db-2 postgresql.gold	dw_taxonomy_info	15	host_ncbi_tax_id	CHARACTER VARYING	YES				describe
gold-db-2 postgresql.gold	dw_vw_api_sample_fractions	1	fractional_sample_id	INTEGER	YES		32	0	describe
gold-db-2 postgresql.gold	dw_vw_api_sample_fractions	2	sample_id	INTEGER	YES		32	0	describe
gold-db-2 postgresql.gold	dw_vw_api_sample_fractions	3	fraction_volume_ul	DECIMAL	YES		38	6	describe
gold-db-2 postgresql.gold	dw_vw_api_sample_fractions	4	current_concentration_ngul	DECIMAL	YES		38	6	describe
gold-db-2 postgresql.gold	dw_vw_api_sample_fractions	5	density_g_ml	DECIMAL	YES		38	6	describe
gold-db-2 postgresql.gold	dw_vw_api_sample_fractions	6	sample_group_name	CHARACTER VARYING	YES				describe
gold-db-2 postgresql.gold	dw_vw_api_sample_fractions	7	isotope_label	CHARACTER VARYING	YES				describe
gold-db-2 postgresql.gold	dw_vw_contact_user	1	contact_id	BIGINT	YES		64	0	information_schema
gold-db-2 postgresql.gold	dw_vw_contact_user	2	user_id	INTEGER	YES		32	0	information_schema
gold-db-2 postgresql.gold	dw_vw_contact_user	3	orcid_id	CHARACTER VARYING	YES	65536			information_schema
gold-db-2 postgresql.gold	dw_vw_contact_user	4	email	CHARACTER VARYING	YES	65536			information_schema
gold-db-2 postgresql.gold	dw_vw_contact_user	5	first_name	CHARACTER VARYING	YES	65536			information_schema
gold-db-2 postgresql.gold	dw_vw_contact_user	6	middle_name	CHARACTER VARYING	YES	65536			information_schema
gold-db-2 postgresql.gold	dw_vw_contact_user	7	last_name	CHARACTER VARYING	YES	65536			information_schema
gold-db-2 postgresql.gold	dw_vw_contact_user	8	suffix	CHARACTER VARYING	YES	65536			information_schema
gold-db-2 postgresql.gold	dw_vw_contact_user	9	replaced_by_id	INTEGER	YES		32	0	information_schema
gold-db-2 postgresql.gold	ecosystem_classification_2	1	ecosystem_id	DECIMAL	YES		38	6	information_schema
gold-db-2 postgresql.gold	ecosystem_classification_2	2	ecosystem	CHARACTER VARYING	YES	65536			information_schema
gold-db-2 postgresql.gold	ecosystem_classification_2	3	parent	DECIMAL	YES		38	0	information_schema
gold-db-2 postgresql.gold	ecosystem_classification_2	4	type	CHARACTER VARYING	YES	65536			information_schema
gold-db-2 postgresql.gold	ecosystem_view	1	ecosystem_id	DECIMAL	YES		38	6	information_schema
gold-db-2 postgresql.gold	ecosystem_view	2	root	CHARACTER VARYING	YES	65536			information_schema
gold-db-2 postgresql.gold	ecosystem_view	3	ecosystem	CHARACTER VARYING	YES	65536			information_schema
gold-db-2 postgresql.gold	ecosystem_view	4	ecosystem_category	CHARACTER VARYING	YES	65536			information_schema
gold-db-2 postgresql.gold	ecosystem_view	5	ecosystem_type	CHARACTER VARYING	YES	65536			information_schema
gold-db-2 postgresql.gold	ecosystem_view	6	ecosystem_subtype	CHARACTER VARYING	YES	65536			information_schema
gold-db-2 postgresql.gold	ecosystem_view	7	specific_ecosystem	CHARACTER VARYING	YES	65536			information_schema
gold-db-2 postgresql.gold	ecosystem_view	8	path	CHARACTER VARYING	YES	65536			information_schema
gold-db-2 postgresql.gold	ecosystem_view	9	is_leaf	BOOLEAN	YES				information_schema
gold-db-2 postgresql.gold	ena	1	spin_submission_id	DECIMAL	YES		38	0	information_schema
gold-db-2 postgresql.gold	ena	2	accession	CHARACTER VARYING	YES	65536			information_schema
gold-db-2 postgresql.gold	ena	3	contig_accession	CHARACTER VARYING	YES	65536			information_schema
gold-db-2 postgresql.gold	ena	4	chromosome_accession	CHARACTER VARYING	YES	65536			information_schema
gold-db-2 postgresql.gold	ena	5	receipt_date	TIMESTAMP	YES				information_schema
gold-db-2 postgresql.gold	ena	6	acceptance_date	TIMESTAMP	YES				information_schema
gold-db-2 postgresql.gold	ena	7	submission_accession	CHARACTER VARYING	YES	65536			information_schema
gold-db-2 postgresql.gold	ena	8	ena_study_accession	CHARACTER VARYING	YES	65536			information_schema
gold-db-2 postgresql.gold	ena	9	ena_study_id	CHARACTER VARYING	YES	65536			information_schema
gold-db-2 postgresql.gold	ena	10	ena_sample_id	CHARACTER VARYING	YES	65536			information_schema
gold-db-2 postgresql.gold	ena	11	submission_status	CHARACTER VARYING	YES	65536			information_schema
gold-db-2 postgresql.gold	ena	12	analysis_project_id	DECIMAL	YES		38	0	information_schema
gold-db-2 postgresql.gold	ena	13	assembly_accession	CHARACTER VARYING	YES	65536			information_schema
gold-db-2 postgresql.gold	envo_terms_labels	1	envo_term_id	CHARACTER VARYING	YES	65536			information_schema
gold-db-2 postgresql.gold	envo_terms_labels	2	envo_term_label	CHARACTER VARYING	YES	65536			information_schema
gold-db-2 postgresql.gold	excel	1	id	DECIMAL	YES		38	6	information_schema
gold-db-2 postgresql.gold	excel	2	add_date	TIMESTAMP	YES				information_schema
gold-db-2 postgresql.gold	excel	3	title	CHARACTER VARYING	YES	65536			information_schema
gold-db-2 postgresql.gold	excel	4	filename	CHARACTER VARYING	YES	65536			information_schema
gold-db-2 postgresql.gold	excel	5	file1	BINARY VARYING	YES	65536			information_schema
gold-db-2 postgresql.gold	genbank	1	id	DECIMAL	YES		38	6	information_schema
gold-db-2 postgresql.gold	genbank	2	analysis_project_id	DECIMAL	YES		38	6	information_schema
gold-db-2 postgresql.gold	genbank	3	genbank_id	CHARACTER VARYING	YES	65536			information_schema
gold-db-2 postgresql.gold	genbank	4	assembly_accession	CHARACTER VARYING	YES	65536			information_schema
gold-db-2 postgresql.gold	genbank	5	assembly_accession_no_version	CHARACTER VARYING	YES	65536			information_schema
gold-db-2 postgresql.gold	genbank	6	release_date	TIMESTAMP	YES				information_schema
gold-db-2 postgresql.gold	genbank	7	ncbi_genbank_version	CHARACTER VARYING	YES	65536			information_schema
gold-db-2 postgresql.gold	genbank	8	is_ncbi_public	CHARACTER VARYING	YES	65536			information_schema
gold-db-2 postgresql.gold	genbank	9	type	CHARACTER VARYING	YES	65536			information_schema
gold-db-2 postgresql.gold	genbank	10	ncbi_taxonomy_id	DECIMAL	YES		38	6	information_schema
gold-db-2 postgresql.gold	genbank	11	anomalous_assembly	CHARACTER VARYING	YES	65536			information_schema
gold-db-2 postgresql.gold	genbank	12	anomalous_reason	CHARACTER VARYING	YES	65536			information_schema
gold-db-2 postgresql.gold	genbank_ena_registration	1	spin_submission_id	DECIMAL	YES		38	6	describe
gold-db-2 postgresql.gold	genbank_ena_registration	2	analysis_project_id	DECIMAL	YES		38	6	describe
gold-db-2 postgresql.gold	genbank_ena_registration	3	submission_status	CHARACTER VARYING	YES				describe
gold-db-2 postgresql.gold	genbank_ena_registration	4	genbank_submission_id	CHARACTER VARYING	YES				describe
gold-db-2 postgresql.gold	genbank_ena_registration	5	ena_submission_id	CHARACTER VARYING	YES				describe
gold-db-2 postgresql.gold	genbank_ena_registration	6	receipt_date	TIMESTAMP	YES				describe
gold-db-2 postgresql.gold	genbank_ena_registration	7	release_date	TIMESTAMP	YES				describe
gold-db-2 postgresql.gold	genbank_ena_registration	8	accession	CHARACTER VARYING	YES				describe
gold-db-2 postgresql.gold	genbank_ena_registration	9	assembly_accession	CHARACTER VARYING	YES				describe
gold-db-2 postgresql.gold	genbank_ena_registration	10	contig_accession	CHARACTER VARYING	YES				describe
gold-db-2 postgresql.gold	genbank_ena_registration	11	chromosome_accession	CHARACTER VARYING	YES				describe
gold-db-2 postgresql.gold	genbank_ena_registration	12	ena_study_accession	CHARACTER VARYING	YES				describe
gold-db-2 postgresql.gold	genbank_ena_registration	13	ena_study_id	CHARACTER VARYING	YES				describe
gold-db-2 postgresql.gold	genbank_ena_registration	14	ena_sample_id	CHARACTER VARYING	YES				describe
gold-db-2 postgresql.gold	gold_img_submission_meta	1	gold_img_submission_meta_id	DECIMAL	YES		38	6	describe
gold-db-2 postgresql.gold	gold_img_submission_meta	2	process_name	CHARACTER VARYING	YES				describe
gold-db-2 postgresql.gold	gold_img_submission_meta	3	last_run	TIMESTAMP	YES				describe
gold-db-2 postgresql.gold	gold_img_submission_processing	1	gold_img_submission_id	DECIMAL	YES		38	6	describe
gold-db-2 postgresql.gold	gold_img_submission_processing	2	ap_gold_id	CHARACTER VARYING	YES				describe
gold-db-2 postgresql.gold	gold_img_submission_processing	3	organism_id	DECIMAL	YES		38	6	describe
gold-db-2 postgresql.gold	gold_img_submission_processing	4	analysis_project_name	CHARACTER VARYING	YES				describe
gold-db-2 postgresql.gold	gold_img_submission_processing	5	genbank_id	CHARACTER VARYING	YES				describe
gold-db-2 postgresql.gold	gold_img_submission_processing	6	submission_date	TIMESTAMP	YES				describe
gold-db-2 postgresql.gold	gold_img_submission_processing	7	fasta_download_status	CHARACTER VARYING	YES				describe
gold-db-2 postgresql.gold	gold_img_submission_processing	8	fasta_file_path	CHARACTER VARYING	YES				describe
gold-db-2 postgresql.gold	gold_img_submission_processing	9	add_date	TIMESTAMP	YES				describe
gold-db-2 postgresql.gold	gold_img_submission_processing	10	img_submission_id	CHARACTER VARYING	YES				describe
gold-db-2 postgresql.gold	gold_img_submission_processing	11	priority_flag	CHARACTER VARYING	YES				describe
gold-db-2 postgresql.gold	gold_img_submission_processing	12	img_breadth_calc	DECIMAL	YES		7	4	describe
gold-db-2 postgresql.gold	gold_img_submission_processing	13	is_public	CHARACTER VARYING	YES				describe
gold-db-2 postgresql.gold	gold_img_submission_processing	14	active	CHARACTER VARYING	YES				describe
gold-db-2 postgresql.gold	gold_img_submission_processing	15	project_status	CHARACTER VARYING	YES				describe
gold-db-2 postgresql.gold	gold_img_submission_processing	16	replaces_ap_id	DECIMAL	YES		38	6	describe
gold-db-2 postgresql.gold	gold_img_submission_processing	17	species	CHARACTER VARYING	YES				describe
gold-db-2 postgresql.gold	gold_img_submission_processing	18	subspecies	CHARACTER VARYING	YES				describe
gold-db-2 postgresql.gold	gold_img_submission_processing	19	img_genus_count	DECIMAL	YES		38	6	describe
gold-db-2 postgresql.gold	gold_img_submission_processing	20	img_species_count	DECIMAL	YES		38	6	describe
gold-db-2 postgresql.gold	gold_img_submission_processing	21	assembly_accession	CHARACTER VARYING	YES				describe
gold-db-2 postgresql.gold	gold_img_submission_processing	22	genus	CHARACTER VARYING	YES				describe
gold-db-2 postgresql.gold	gold_master_analysis_project	1	analysis_project_id	DECIMAL	YES		38	6	describe
gold-db-2 postgresql.gold	gold_master_analysis_project	2	gold_id	CHARACTER VARYING	YES				describe
gold-db-2 postgresql.gold	gold_master_analysis_project	3	organism_id	DECIMAL	YES		38	6	describe
gold-db-2 postgresql.gold	gold_master_analysis_project	4	external	CHARACTER VARYING	YES				describe
gold-db-2 postgresql.gold	gold_master_analysis_project	5	its_analysis_project_id	DECIMAL	YES		38	6	describe
gold-db-2 postgresql.gold	gold_master_analysis_project	6	analysis_project_name	CHARACTER VARYING	YES				describe
gold-db-2 postgresql.gold	gold_master_analysis_project	7	img_taxon_id	DECIMAL	YES		38	6	describe
gold-db-2 postgresql.gold	gold_master_analysis_project	8	its_product_name	CHARACTER VARYING	YES				describe
gold-db-2 postgresql.gold	gold_master_analysis_project	9	is_public	CHARACTER VARYING	YES				describe
gold-db-2 postgresql.gold	gold_master_analysis_project	10	analysis_project_type	CHARACTER VARYING	YES				describe
gold-db-2 postgresql.gold	gold_master_analysis_project	11	ecosystem	CHARACTER VARYING	YES				describe
gold-db-2 postgresql.gold	gold_master_analysis_project	12	ecosystem_category	CHARACTER VARYING	YES				describe
gold-db-2 postgresql.gold	gold_master_analysis_project	13	ecosystem_type	CHARACTER VARYING	YES				describe
gold-db-2 postgresql.gold	gold_master_analysis_project	14	ecosystem_subtype	CHARACTER VARYING	YES				describe
gold-db-2 postgresql.gold	gold_master_analysis_project	15	specific_ecosystem	CHARACTER VARYING	YES				describe
gold-db-2 postgresql.gold	gold_master_analysis_project	16	specimen	CHARACTER VARYING	YES				describe
gold-db-2 postgresql.gold	gold_master_analysis_project	17	comments	CHARACTER VARYING	YES				describe
gold-db-2 postgresql.gold	gold_master_analysis_project	18	est_size	DECIMAL	YES		38	6	describe
gold-db-2 postgresql.gold	gold_master_analysis_project	19	gene_count	DECIMAL	YES		38	6	describe
gold-db-2 postgresql.gold	gold_master_analysis_project	20	scaffold_count	DECIMAL	YES		38	6	describe
gold-db-2 postgresql.gold	gold_master_analysis_project	21	its_analysis_project_name	CHARACTER VARYING	YES				describe
gold-db-2 postgresql.gold	gold_master_analysis_project	22	contig_count	DECIMAL	YES		38	6	describe
gold-db-2 postgresql.gold	gold_master_analysis_project	23	genbank_low_quality_annotation	CHARACTER VARYING	YES				describe
gold-db-2 postgresql.gold	gold_master_analysis_project	24	completion_date	TIMESTAMP	YES				describe
gold-db-2 postgresql.gold	gold_master_analysis_project	25	binning_method	CHARACTER VARYING	YES				describe
gold-db-2 postgresql.gold	gold_master_analysis_project	26	gene_calling_method	CHARACTER VARYING	YES				describe
gold-db-2 postgresql.gold	gold_master_analysis_project	27	submission_id	DECIMAL	YES		38	6	describe
gold-db-2 postgresql.gold	gold_master_analysis_project	28	status_id	DECIMAL	YES		38	6	describe
gold-db-2 postgresql.gold	gold_master_analysis_project	29	is_decontamination	CHARACTER VARYING	YES				describe
gold-db-2 postgresql.gold	gold_master_analysis_project	30	its_annotation_at_id	DECIMAL	YES		38	6	describe
gold-db-2 postgresql.gold	gold_master_analysis_project	31	study_id	DECIMAL	YES		38	6	describe
gold-db-2 postgresql.gold	gold_master_analysis_project	32	reference_ap_id	DECIMAL	YES		38	6	describe
gold-db-2 postgresql.gold	gold_master_analysis_project	33	mod_date	TIMESTAMP	YES				describe
gold-db-2 postgresql.gold	gold_master_analysis_project	34	is_primary	CHARACTER VARYING	YES				describe
gold-db-2 postgresql.gold	gold_master_analysis_project	35	review_status	CHARACTER VARYING	YES				describe
gold-db-2 postgresql.gold	gold_master_analysis_project	36	sequencing_depth	CHARACTER VARYING	YES				describe
gold-db-2 postgresql.gold	gold_master_analysis_project	37	img_use	CHARACTER VARYING	YES				describe
gold-db-2 postgresql.gold	gold_master_analysis_project	38	pipeline_annotation_method	CHARACTER VARYING	YES				describe
gold-db-2 postgresql.gold	gold_master_analysis_project	39	replaces_ap_id	DECIMAL	YES		38	6	describe
gold-db-2 postgresql.gold	gold_master_analysis_project	40	img_annotation_version	CHARACTER VARYING	YES				describe
gold-db-2 postgresql.gold	gold_master_analysis_project	41	is_mag_or_meg	CHARACTER VARYING	YES				describe
gold-db-2 postgresql.gold	gold_master_analysis_project_publication	1	analysis_project_id	DECIMAL	YES		38	0	describe
gold-db-2 postgresql.gold	gold_master_analysis_project_publication	2	publication_id	DECIMAL	YES		38	0	describe
gold-db-2 postgresql.gold	gold_master_analysis_project_sra_run	1	analysis_project_id	DECIMAL	YES		38	6	describe
gold-db-2 postgresql.gold	gold_master_analysis_project_sra_run	2	sra_run_id	CHARACTER VARYING	YES				describe
gold-db-2 postgresql.gold	gold_master_assembly	1	analysis_project_id	DECIMAL	YES		38	6	information_schema
gold-db-2 postgresql.gold	gold_master_assembly	2	method	CHARACTER VARYING	YES	65536			information_schema
gold-db-2 postgresql.gold	gold_master_biosample	1	biosample_id	DECIMAL	YES		38	6	describe
gold-db-2 postgresql.gold	gold_master_biosample	2	gold_id	CHARACTER VARYING	YES				describe
gold-db-2 postgresql.gold	gold_master_biosample	3	active	CHARACTER VARYING	YES				describe
gold-db-2 postgresql.gold	gold_master_biosample	4	is_public	CHARACTER VARYING	YES				describe
gold-db-2 postgresql.gold	gold_master_biosample	5	ncbi_taxonomy_id	DECIMAL	YES		38	0	describe
gold-db-2 postgresql.gold	gold_master_biosample	6	sample_collection_site	CHARACTER VARYING	YES				describe
gold-db-2 postgresql.gold	gold_master_biosample	7	sample_isolation_country_id	DECIMAL	YES		38	6	describe
gold-db-2 postgresql.gold	gold_master_biosample	8	sample_collection_year	DECIMAL	YES		38	0	describe
gold-db-2 postgresql.gold	gold_master_biosample	9	sample_collection_month	DECIMAL	YES		38	0	describe
gold-db-2 postgresql.gold	gold_master_biosample	10	sample_collection_day	DECIMAL	YES		38	0	describe
gold-db-2 postgresql.gold	gold_master_biosample	11	geographic_location	CHARACTER VARYING	YES				describe
gold-db-2 postgresql.gold	gold_master_biosample	12	latitude	DECIMAL	YES		38	6	describe
gold-db-2 postgresql.gold	gold_master_biosample	13	longitude	DECIMAL	YES		38	6	describe
gold-db-2 postgresql.gold	gold_master_biosample	14	host_name	CHARACTER VARYING	YES				describe
gold-db-2 postgresql.gold	gold_master_biosample	15	host_gender	CHARACTER VARYING	YES				describe
gold-db-2 postgresql.gold	gold_master_biosample	16	host_taxonomy_id	DECIMAL	YES		38	0	describe
gold-db-2 postgresql.gold	gold_master_biosample	17	ecosystem	CHARACTER VARYING	YES				describe
gold-db-2 postgresql.gold	gold_master_biosample	18	ecosystem_category	CHARACTER VARYING	YES				describe
gold-db-2 postgresql.gold	gold_master_biosample	19	ecosystem_type	CHARACTER VARYING	YES				describe
gold-db-2 postgresql.gold	gold_master_biosample	20	ecosystem_subtype	CHARACTER VARYING	YES				describe
gold-db-2 postgresql.gold	gold_master_biosample	21	specific_ecosystem	CHARACTER VARYING	YES				describe
gold-db-2 postgresql.gold	gold_master_biosample	22	host_body_site	CHARACTER VARYING	YES				describe
gold-db-2 postgresql.gold	gold_master_biosample	23	host_body_subsite	CHARACTER VARYING	YES				describe
gold-db-2 postgresql.gold	gold_master_biosample	24	mrn	CHARACTER VARYING	YES				describe
gold-db-2 postgresql.gold	gold_master_biosample	25	patient_visit_number	DECIMAL	YES		38	0	describe
gold-db-2 postgresql.gold	gold_master_biosample	26	longhurst_code	CHARACTER VARYING	YES				describe
gold-db-2 postgresql.gold	gold_master_biosample	27	proport_ocean	CHARACTER VARYING	YES				describe
gold-db-2 postgresql.gold	gold_master_biosample	28	proport_isolation	CHARACTER VARYING	YES				describe
gold-db-2 postgresql.gold	gold_master_biosample	29	proport_station	CHARACTER VARYING	YES				describe
gold-db-2 postgresql.gold	gold_master_biosample	30	proport_woa_temperature	DECIMAL	YES		10	5	describe
gold-db-2 postgresql.gold	gold_master_biosample	31	proport_woa_salinity	DECIMAL	YES		10	5	describe
gold-db-2 postgresql.gold	gold_master_biosample	32	proport_woa_dissolved_oxygen	DECIMAL	YES		10	5	describe
gold-db-2 postgresql.gold	gold_master_biosample	33	proport_woa_silicate	DECIMAL	YES		10	5	describe
gold-db-2 postgresql.gold	gold_master_biosample	34	proport_woa_phosphate	DECIMAL	YES		10	5	describe
gold-db-2 postgresql.gold	gold_master_biosample	35	proport_woa_nitrate	DECIMAL	YES		10	5	describe
gold-db-2 postgresql.gold	gold_master_biosample	36	growth_temperature	DECIMAL	YES		38	6	describe
gold-db-2 postgresql.gold	gold_master_biosample	37	pressure	CHARACTER VARYING	YES				describe
gold-db-2 postgresql.gold	gold_master_biosample	38	chlorophyll_concentration	CHARACTER VARYING	YES				describe
gold-db-2 postgresql.gold	gold_master_biosample	39	oxygen_concentration	CHARACTER VARYING	YES				describe
gold-db-2 postgresql.gold	gold_master_biosample	40	salinity_concentration	CHARACTER VARYING	YES				describe
gold-db-2 postgresql.gold	gold_master_biosample	41	nitrate_concentration	CHARACTER VARYING	YES				describe
gold-db-2 postgresql.gold	gold_master_biosample	42	ph1	DECIMAL	YES		38	6	describe
gold-db-2 postgresql.gold	gold_master_biosample	43	ph2	DECIMAL	YES		38	6	describe
gold-db-2 postgresql.gold	gold_master_biosample	44	depth	DECIMAL	YES		38	6	describe
gold-db-2 postgresql.gold	gold_master_biosample	45	depth2	DECIMAL	YES		38	6	describe
gold-db-2 postgresql.gold	gold_master_biosample	46	altitude	DECIMAL	YES		38	6	describe
gold-db-2 postgresql.gold	gold_master_biosample	47	altitude2	DECIMAL	YES		38	6	describe
gold-db-2 postgresql.gold	gold_master_biosample	48	elevation	DECIMAL	YES		38	6	describe
gold-db-2 postgresql.gold	gold_master_biosample	49	elevation2	DECIMAL	YES		38	6	describe
gold-db-2 postgresql.gold	gold_master_biosample	50	subsurface_depth	DECIMAL	YES		38	6	describe
gold-db-2 postgresql.gold	gold_master_biosample	51	subsurface_depth2	DECIMAL	YES		38	6	describe
gold-db-2 postgresql.gold	gold_master_biosample	52	habitat	CHARACTER VARYING	YES				describe
gold-db-2 postgresql.gold	gold_master_contact	1	contact_id	DECIMAL	YES		16	0	describe
gold-db-2 postgresql.gold	gold_master_contact	2	name	CHARACTER VARYING	YES				describe
gold-db-2 postgresql.gold	gold_master_contact	3	email	CHARACTER VARYING	YES				describe
gold-db-2 postgresql.gold	gold_master_contact	4	caliban_id	DECIMAL	YES		38	0	describe
gold-db-2 postgresql.gold	gold_master_contact	5	orcid_id	CHARACTER VARYING	YES				describe
gold-db-2 postgresql.gold	gold_master_contact	6	chariel_id	DECIMAL	YES		38	0	describe
gold-db-2 postgresql.gold	gold_master_cvap_status	1	id	DECIMAL	YES		38	6	describe
gold-db-2 postgresql.gold	gold_master_cvap_status	2	term	CHARACTER VARYING	YES				describe
gold-db-2 postgresql.gold	gold_master_cvbiotic_relationship	1	id	DECIMAL	YES		38	0	describe
gold-db-2 postgresql.gold	gold_master_cvbiotic_relationship	2	term	CHARACTER VARYING	YES				describe
gold-db-2 postgresql.gold	gold_master_cvcell_arrangement	1	id	DECIMAL	YES		38	0	describe
gold-db-2 postgresql.gold	gold_master_cvcell_arrangement	2	term	CHARACTER VARYING	YES				describe
gold-db-2 postgresql.gold	gold_master_cvcountry	1	id	DECIMAL	YES		38	0	describe
gold-db-2 postgresql.gold	gold_master_cvcountry	2	term	CHARACTER VARYING	YES				describe
gold-db-2 postgresql.gold	gold_master_cvdisease	1	id	DECIMAL	YES		38	0	describe
gold-db-2 postgresql.gold	gold_master_cvdisease	2	term	CHARACTER VARYING	YES				describe
gold-db-2 postgresql.gold	gold_master_cvenergy_source	1	id	DECIMAL	YES		38	0	describe
gold-db-2 postgresql.gold	gold_master_cvenergy_source	2	term	CHARACTER VARYING	YES				describe
gold-db-2 postgresql.gold	gold_master_cvhabitat	1	id	DECIMAL	YES		38	0	describe
gold-db-2 postgresql.gold	gold_master_cvhabitat	2	term	CHARACTER VARYING	YES				describe
gold-db-2 postgresql.gold	gold_master_cvmetabolism	1	id	DECIMAL	YES		38	0	describe
gold-db-2 postgresql.gold	gold_master_cvmetabolism	2	term	CHARACTER VARYING	YES				describe
gold-db-2 postgresql.gold	gold_master_cvphenotype	1	id	DECIMAL	YES		38	0	information_schema
gold-db-2 postgresql.gold	gold_master_cvphenotype	2	term	CHARACTER VARYING	YES	65536			information_schema
gold-db-2 postgresql.gold	gold_master_cvrelevance	1	id	DECIMAL	YES		38	0	describe
gold-db-2 postgresql.gold	gold_master_cvrelevance	2	term	CHARACTER VARYING	YES				describe
gold-db-2 postgresql.gold	gold_master_cvseq_quality	1	id	DECIMAL	YES		38	0	describe
gold-db-2 postgresql.gold	gold_master_cvseq_quality	2	term	CHARACTER VARYING	YES				describe
gold-db-2 postgresql.gold	gold_master_cvseq_status	1	id	DECIMAL	YES		38	0	describe
gold-db-2 postgresql.gold	gold_master_cvseq_status	2	term	CHARACTER VARYING	YES				describe
gold-db-2 postgresql.gold	gold_master_genbank	1	analysis_project_id	DECIMAL	YES		38	6	describe
gold-db-2 postgresql.gold	gold_master_genbank	2	genbank_id	CHARACTER VARYING	YES				describe
gold-db-2 postgresql.gold	gold_master_genbank	3	assembly_accession	CHARACTER VARYING	YES				describe
gold-db-2 postgresql.gold	gold_master_genbank	4	type	CHARACTER VARYING	YES				describe
gold-db-2 postgresql.gold	gold_master_genbank	5	is_ncbi_public	CHARACTER VARYING	YES				describe
gold-db-2 postgresql.gold	gold_master_genbank	6	anomalous_assembly	CHARACTER VARYING	YES				describe
gold-db-2 postgresql.gold	gold_master_genbank	7	anomalous_reason	CHARACTER VARYING	YES				describe
gold-db-2 postgresql.gold	gold_master_hmp_project	1	project_id	DECIMAL	YES		38	0	describe
gold-db-2 postgresql.gold	gold_master_hmp_project	2	hmp_id	DECIMAL	YES		38	0	describe
gold-db-2 postgresql.gold	gold_master_institution	1	id	DECIMAL	YES		38	6	information_schema
gold-db-2 postgresql.gold	gold_master_institution	2	name	CHARACTER VARYING	YES	65536			information_schema
gold-db-2 postgresql.gold	gold_master_institution	3	country	CHARACTER VARYING	YES	65536			information_schema
gold-db-2 postgresql.gold	gold_master_institution	4	url	CHARACTER VARYING	YES	65536			information_schema
gold-db-2 postgresql.gold	gold_master_its_proposal	1	its_proposal_id	DECIMAL	YES		38	6	information_schema
gold-db-2 postgresql.gold	gold_master_its_proposal	2	proposal_name	CHARACTER VARYING	YES	65536			information_schema
gold-db-2 postgresql.gold	gold_master_its_proposal	3	award_doi	CHARACTER VARYING	YES	65536			information_schema
gold-db-2 postgresql.gold	gold_master_journal	1	journal_id	DECIMAL	YES		38	0	describe
gold-db-2 postgresql.gold	gold_master_journal	2	title	CHARACTER VARYING	YES				describe
gold-db-2 postgresql.gold	gold_master_longhurst_code	1	id	DECIMAL	YES		38	6	describe
gold-db-2 postgresql.gold	gold_master_longhurst_code	2	term	CHARACTER VARYING	YES				describe
gold-db-2 postgresql.gold	gold_master_longhurst_code	3	description	CHARACTER VARYING	YES				describe
gold-db-2 postgresql.gold	gold_master_organism	1	organism_id	DECIMAL	YES		38	0	information_schema
gold-db-2 postgresql.gold	gold_master_organism	2	gold_id	CHARACTER VARYING	YES	65536			information_schema
gold-db-2 postgresql.gold	gold_master_organism	3	active	CHARACTER VARYING	YES	65536			information_schema
gold-db-2 postgresql.gold	gold_master_organism	4	is_public	CHARACTER VARYING	YES	65536			information_schema
gold-db-2 postgresql.gold	gold_master_organism	5	ncbi_taxonomy_id	DECIMAL	YES		20	0	information_schema
gold-db-2 postgresql.gold	gold_master_organism	6	domain	CHARACTER VARYING	YES	65536			information_schema
gold-db-2 postgresql.gold	gold_master_organism	7	ncbi_superkingdom	CHARACTER VARYING	YES	65536			information_schema
gold-db-2 postgresql.gold	gold_master_organism	8	ncbi_kingdom	CHARACTER VARYING	YES	65536			information_schema
gold-db-2 postgresql.gold	gold_master_organism	9	ncbi_phylum	CHARACTER VARYING	YES	65536			information_schema
gold-db-2 postgresql.gold	gold_master_organism	10	ncbi_class	CHARACTER VARYING	YES	65536			information_schema
gold-db-2 postgresql.gold	gold_master_organism	11	ncbi_order	CHARACTER VARYING	YES	65536			information_schema
gold-db-2 postgresql.gold	gold_master_organism	12	ncbi_family	CHARACTER VARYING	YES	65536			information_schema
gold-db-2 postgresql.gold	gold_master_organism	13	ncbi_genus	CHARACTER VARYING	YES	65536			information_schema
gold-db-2 postgresql.gold	gold_master_organism	14	ncbi_species	CHARACTER VARYING	YES	65536			information_schema
gold-db-2 postgresql.gold	gold_master_organism	15	cultured	CHARACTER VARYING	YES	65536			information_schema
gold-db-2 postgresql.gold	gold_master_organism	16	strain	CHARACTER VARYING	YES	65536			information_schema
gold-db-2 postgresql.gold	gold_master_organism	17	genus	CHARACTER VARYING	YES	65536			information_schema
gold-db-2 postgresql.gold	gold_master_organism	18	species	CHARACTER VARYING	YES	65536			information_schema
gold-db-2 postgresql.gold	gold_master_organism	19	gold_phylogeny	CHARACTER VARYING	YES	65536			information_schema
gold-db-2 postgresql.gold	gold_master_organism	20	uncultured_type	CHARACTER VARYING	YES	65536			information_schema
gold-db-2 postgresql.gold	gold_master_organism	21	culture_type	CHARACTER VARYING	YES	65536			information_schema
gold-db-2 postgresql.gold	gold_master_organism	22	latitude	DECIMAL	YES		38	6	information_schema
gold-db-2 postgresql.gold	gold_master_organism	23	longitude	DECIMAL	YES		38	6	information_schema
gold-db-2 postgresql.gold	gold_master_organism	24	altitude	DECIMAL	YES		38	6	information_schema
gold-db-2 postgresql.gold	gold_master_organism	25	altitude2	DECIMAL	YES		38	6	information_schema
gold-db-2 postgresql.gold	gold_master_organism	26	depth	DECIMAL	YES		38	6	information_schema
gold-db-2 postgresql.gold	gold_master_organism	27	depth2	DECIMAL	YES		38	6	information_schema
gold-db-2 postgresql.gold	gold_master_organism	28	elevation	DECIMAL	YES		38	6	information_schema
gold-db-2 postgresql.gold	gold_master_organism	29	elevation2	DECIMAL	YES		38	6	information_schema
gold-db-2 postgresql.gold	gold_master_organism	30	subsurface_depth1	DECIMAL	YES		38	6	information_schema
gold-db-2 postgresql.gold	gold_master_organism	31	subsurface_depth2	DECIMAL	YES		38	6	information_schema
gold-db-2 postgresql.gold	gold_master_organism	32	clade	CHARACTER VARYING	YES	65536			information_schema
gold-db-2 postgresql.gold	gold_master_organism	33	sample_collection_site	CHARACTER VARYING	YES	65536			information_schema
gold-db-2 postgresql.gold	gold_master_organism	34	oxygen_concentration	CHARACTER VARYING	YES	65536			information_schema
gold-db-2 postgresql.gold	gold_master_organism	35	oxygen_requirement	CHARACTER VARYING	YES	65536			information_schema
gold-db-2 postgresql.gold	gold_master_organism	36	cell_shape	CHARACTER VARYING	YES	65536			information_schema
gold-db-2 postgresql.gold	gold_master_organism	37	motility	CHARACTER VARYING	YES	65536			information_schema
gold-db-2 postgresql.gold	gold_master_organism	38	sporulation	CHARACTER VARYING	YES	65536			information_schema
gold-db-2 postgresql.gold	gold_master_organism	39	temperature_range	CHARACTER VARYING	YES	65536			information_schema
gold-db-2 postgresql.gold	gold_master_organism	40	salinity	CHARACTER VARYING	YES	65536			information_schema
gold-db-2 postgresql.gold	gold_master_organism	41	sample_isolation_country_id	DECIMAL	YES		38	6	information_schema
gold-db-2 postgresql.gold	gold_master_organism	42	geographic_location	CHARACTER VARYING	YES	65536			information_schema
gold-db-2 postgresql.gold	gold_master_organism	43	gram_stain	CHARACTER VARYING	YES	65536			information_schema
gold-db-2 postgresql.gold	gold_master_organism	44	host_name	CHARACTER VARYING	YES	65536			information_schema
gold-db-2 postgresql.gold	gold_master_organism	45	type_strain	CHARACTER VARYING	YES	65536			information_schema
gold-db-2 postgresql.gold	gold_master_organism	46	ecosystem	CHARACTER VARYING	YES	65536			information_schema
gold-db-2 postgresql.gold	gold_master_organism	47	ecosystem_category	CHARACTER VARYING	YES	65536			information_schema
gold-db-2 postgresql.gold	gold_master_organism	48	ecosystem_type	CHARACTER VARYING	YES	65536			information_schema
gold-db-2 postgresql.gold	gold_master_organism	49	ecosystem_subtype	CHARACTER VARYING	YES	65536			information_schema
gold-db-2 postgresql.gold	gold_master_organism	50	specific_ecosystem	CHARACTER VARYING	YES	65536			information_schema
gold-db-2 postgresql.gold	gold_master_organism	51	host_body_site	CHARACTER VARYING	YES	65536			information_schema
gold-db-2 postgresql.gold	gold_master_organism	52	host_body_subsite	CHARACTER VARYING	YES	65536			information_schema
gold-db-2 postgresql.gold	gold_master_organism	53	ecotype	CHARACTER VARYING	YES	65536			information_schema
gold-db-2 postgresql.gold	gold_master_organism	54	proport_ocean	CHARACTER VARYING	YES	65536			information_schema
gold-db-2 postgresql.gold	gold_master_organism	55	proport_isolation	CHARACTER VARYING	YES	65536			information_schema
gold-db-2 postgresql.gold	gold_master_organism	56	proport_station	CHARACTER VARYING	YES	65536			information_schema
gold-db-2 postgresql.gold	gold_master_organism	57	proport_woa_temperature	DECIMAL	YES		10	5	information_schema
gold-db-2 postgresql.gold	gold_master_organism	58	proport_woa_salinity	DECIMAL	YES		10	5	information_schema
gold-db-2 postgresql.gold	gold_master_organism	59	proport_woa_dissolved_oxygen	DECIMAL	YES		10	5	information_schema
gold-db-2 postgresql.gold	gold_master_organism	60	proport_woa_silicate	DECIMAL	YES		10	5	information_schema
gold-db-2 postgresql.gold	gold_master_organism	61	proport_woa_phosphate	DECIMAL	YES		10	5	information_schema
gold-db-2 postgresql.gold	gold_master_organism	62	proport_woa_nitrate	DECIMAL	YES		10	5	information_schema
gold-db-2 postgresql.gold	gold_master_organism	63	viral_group	CHARACTER VARYING	YES	65536			information_schema
gold-db-2 postgresql.gold	gold_master_organism	64	viral_subgroup	CHARACTER VARYING	YES	65536			information_schema
gold-db-2 postgresql.gold	gold_master_organism	65	sample_collection_temperature	DECIMAL	YES		38	6	information_schema
gold-db-2 postgresql.gold	gold_master_organism	66	pressure	CHARACTER VARYING	YES	65536			information_schema
gold-db-2 postgresql.gold	gold_master_organism	67	chlorophyll_concentration	CHARACTER VARYING	YES	65536			information_schema
gold-db-2 postgresql.gold	gold_master_organism	68	salinity_concentration	CHARACTER VARYING	YES	65536			information_schema
gold-db-2 postgresql.gold	gold_master_organism	69	nitrate_concentration	CHARACTER VARYING	YES	65536			information_schema
gold-db-2 postgresql.gold	gold_master_organism	70	ph1	DECIMAL	YES		38	6	information_schema
gold-db-2 postgresql.gold	gold_master_organism	71	ph2	DECIMAL	YES		38	6	information_schema
gold-db-2 postgresql.gold	gold_master_organism_biotic_rel	1	organism_id	DECIMAL	YES		38	0	describe
gold-db-2 postgresql.gold	gold_master_organism_biotic_rel	2	biotic_relationship_id	DECIMAL	YES		38	0	describe
gold-db-2 postgresql.gold	gold_master_organism_cell_arrangement	1	organism_id	DECIMAL	YES		38	0	describe
gold-db-2 postgresql.gold	gold_master_organism_cell_arrangement	2	cell_arrangement_id	DECIMAL	YES		38	0	describe
gold-db-2 postgresql.gold	gold_master_organism_disease	1	organism_id	DECIMAL	YES		38	0	describe
gold-db-2 postgresql.gold	gold_master_organism_disease	2	disease_id	DECIMAL	YES		38	0	describe
gold-db-2 postgresql.gold	gold_master_organism_energy_source	1	organism_id	DECIMAL	YES		38	0	describe
gold-db-2 postgresql.gold	gold_master_organism_energy_source	2	energy_source_id	DECIMAL	YES		38	0	describe
gold-db-2 postgresql.gold	gold_master_organism_habitat	1	organism_id	DECIMAL	YES		38	0	describe
gold-db-2 postgresql.gold	gold_master_organism_habitat	2	habitat_id	DECIMAL	YES		38	0	describe
gold-db-2 postgresql.gold	gold_master_organism_metabolism	1	organism_id	DECIMAL	YES		38	0	describe
gold-db-2 postgresql.gold	gold_master_organism_metabolism	2	metabolism_id	DECIMAL	YES		38	0	describe
gold-db-2 postgresql.gold	gold_master_organism_phenotype	1	organism_id	DECIMAL	YES		38	0	information_schema
gold-db-2 postgresql.gold	gold_master_organism_phenotype	2	phenotype_id	DECIMAL	YES		38	0	information_schema
gold-db-2 postgresql.gold	gold_master_permission	1	permission_id	DECIMAL	YES		38	6	describe
gold-db-2 postgresql.gold	gold_master_permission	2	contact_id	DECIMAL	YES		38	6	describe
gold-db-2 postgresql.gold	gold_master_permission	3	user_role	CHARACTER VARYING	YES				describe
gold-db-2 postgresql.gold	gold_master_permission	4	study_id	DECIMAL	YES		38	6	describe
gold-db-2 postgresql.gold	gold_master_permission	5	project_id	DECIMAL	YES		38	6	describe
gold-db-2 postgresql.gold	gold_master_permission	6	analysis_project_id	DECIMAL	YES		38	6	describe
gold-db-2 postgresql.gold	gold_master_permission	7	biosample_id	DECIMAL	YES		38	6	describe
gold-db-2 postgresql.gold	gold_master_permission	8	organism_id	DECIMAL	YES		38	6	describe
gold-db-2 postgresql.gold	gold_master_project	1	project_id	DECIMAL	YES		38	6	information_schema
gold-db-2 postgresql.gold	gold_master_project	2	gold_id	CHARACTER VARYING	YES	65536			information_schema
gold-db-2 postgresql.gold	gold_master_project	3	project_name	CHARACTER VARYING	YES	65536			information_schema
gold-db-2 postgresql.gold	gold_master_project	4	active	CHARACTER VARYING	YES	65536			information_schema
gold-db-2 postgresql.gold	gold_master_project	5	is_public	CHARACTER VARYING	YES	65536			information_schema
gold-db-2 postgresql.gold	gold_master_project	6	add_date	TIMESTAMP	YES				information_schema
gold-db-2 postgresql.gold	gold_master_project	7	mod_date	TIMESTAMP	YES				information_schema
gold-db-2 postgresql.gold	gold_master_project	8	master_study_id	DECIMAL	YES		38	6	information_schema
gold-db-2 postgresql.gold	gold_master_project	9	organism_id	DECIMAL	YES		38	0	information_schema
gold-db-2 postgresql.gold	gold_master_project	10	ncbi_bioproject_id	DECIMAL	YES		38	0	information_schema
gold-db-2 postgresql.gold	gold_master_project	11	its_proposal_id	DECIMAL	YES		38	6	information_schema
gold-db-2 postgresql.gold	gold_master_project	12	gpts_proposal_id	DECIMAL	YES		38	6	information_schema
gold-db-2 postgresql.gold	gold_master_project	13	its_spid	DECIMAL	YES		38	0	information_schema
gold-db-2 postgresql.gold	gold_master_project	14	its_sample_id	DECIMAL	YES		38	6	information_schema
gold-db-2 postgresql.gold	gold_master_project	15	pmo_project_id	DECIMAL	YES		38	0	information_schema
gold-db-2 postgresql.gold	gold_master_project	16	sequencing_strategy	CHARACTER VARYING	YES	65536			information_schema
gold-db-2 postgresql.gold	gold_master_project	17	project_status	CHARACTER VARYING	YES	65536			information_schema
gold-db-2 postgresql.gold	gold_master_project	18	ncbi_bioproject_accession	CHARACTER VARYING	YES	65536			information_schema
gold-db-2 postgresql.gold	gold_master_project	19	ncbi_biosample_accession	CHARACTER VARYING	YES	65536			information_schema
gold-db-2 postgresql.gold	gold_master_project	20	its_data_utilization_status	CHARACTER VARYING	YES	65536			information_schema
gold-db-2 postgresql.gold	gold_master_project	21	sequencing_status_id	DECIMAL	YES		38	0	information_schema
gold-db-2 postgresql.gold	gold_master_project	22	sequencing_quality_id	DECIMAL	YES		38	0	information_schema
gold-db-2 postgresql.gold	gold_master_project	23	ncbi_locus_tag	CHARACTER VARYING	YES	65536			information_schema
gold-db-2 postgresql.gold	gold_master_project	24	description	CHARACTER VARYING	YES	65536			information_schema
gold-db-2 postgresql.gold	gold_master_project	25	funding_program	CHARACTER VARYING	YES	65536			information_schema
gold-db-2 postgresql.gold	gold_master_project	26	funding_year	DECIMAL	YES		38	6	information_schema
gold-db-2 postgresql.gold	gold_master_project	27	project_oid	DECIMAL	YES		38	0	information_schema
gold-db-2 postgresql.gold	gold_master_project	28	sample_oid	DECIMAL	YES		38	0	information_schema
gold-db-2 postgresql.gold	gold_master_project_analysis_project	1	project_id	DECIMAL	YES		38	6	describe
gold-db-2 postgresql.gold	gold_master_project_analysis_project	2	analysis_project_id	DECIMAL	YES		38	6	describe
gold-db-2 postgresql.gold	gold_master_project_biosample	1	project_id	DECIMAL	YES		38	0	describe
gold-db-2 postgresql.gold	gold_master_project_biosample	2	biosample_id	DECIMAL	YES		38	0	describe
gold-db-2 postgresql.gold	gold_master_project_collaborator	1	project_id	DECIMAL	YES		38	6	describe
gold-db-2 postgresql.gold	gold_master_project_collaborator	2	institution_id	DECIMAL	YES		38	6	describe
gold-db-2 postgresql.gold	gold_master_project_genome_publication	1	project_id	DECIMAL	YES		38	0	describe
gold-db-2 postgresql.gold	gold_master_project_genome_publication	2	publication_id	DECIMAL	YES		38	0	describe
gold-db-2 postgresql.gold	gold_master_project_relevance	1	project_id	DECIMAL	YES		38	6	describe
gold-db-2 postgresql.gold	gold_master_project_relevance	2	relevance_id	DECIMAL	YES		38	6	describe
gold-db-2 postgresql.gold	gold_master_project_sequencing_center	1	project_id	DECIMAL	YES		38	0	information_schema
gold-db-2 postgresql.gold	gold_master_project_sequencing_center	2	institution_id	DECIMAL	YES		38	0	information_schema
gold-db-2 postgresql.gold	gold_master_project_sequencing_method	1	project_id	DECIMAL	YES		38	6	describe
gold-db-2 postgresql.gold	gold_master_project_sequencing_method	2	sequencing_method_id	DECIMAL	YES		38	6	describe
gold-db-2 postgresql.gold	gold_master_publication	1	publication_id	DECIMAL	YES		38	0	describe
gold-db-2 postgresql.gold	gold_master_publication	2	pubmed_id	DECIMAL	YES		38	0	describe
gold-db-2 postgresql.gold	gold_master_publication	3	journal_id	DECIMAL	YES		38	0	describe
gold-db-2 postgresql.gold	gold_master_publication	4	volume	CHARACTER VARYING	YES				describe
gold-db-2 postgresql.gold	gold_master_publication	5	issue	CHARACTER VARYING	YES				describe
gold-db-2 postgresql.gold	gold_master_publication	6	page	CHARACTER VARYING	YES				describe
gold-db-2 postgresql.gold	gold_master_publication	7	title	CHARACTER VARYING	YES				describe
gold-db-2 postgresql.gold	gold_master_publication	8	publication_date	TIMESTAMP	YES				describe
gold-db-2 postgresql.gold	gold_master_publication	9	doi	CHARACTER VARYING	YES				describe
gold-db-2 postgresql.gold	gold_master_sequencing_method	1	id	DECIMAL	YES		38	6	information_schema
gold-db-2 postgresql.gold	gold_master_sequencing_method	2	term	CHARACTER VARYING	YES	65536			information_schema
gold-db-2 postgresql.gold	gold_master_sra_experiment	1	project_id	DECIMAL	YES		38	6	describe
gold-db-2 postgresql.gold	gold_master_sra_experiment	2	sra_experiment_id	CHARACTER VARYING	YES				describe
gold-db-2 postgresql.gold	gold_master_study	1	study_id	DECIMAL	YES		38	6	describe
gold-db-2 postgresql.gold	gold_master_study	2	gold_id	CHARACTER VARYING	YES				describe
gold-db-2 postgresql.gold	gold_master_study	3	study_name	CHARACTER VARYING	YES				describe
gold-db-2 postgresql.gold	gold_master_study	4	active	CHARACTER VARYING	YES				describe
gold-db-2 postgresql.gold	gold_master_study	5	add_date	TIMESTAMP	YES				describe
gold-db-2 postgresql.gold	gold_master_study	6	mod_date	TIMESTAMP	YES				describe
gold-db-2 postgresql.gold	gold_master_study	7	is_public	CHARACTER VARYING	YES				describe
gold-db-2 postgresql.gold	gold_master_study	8	contact_id	DECIMAL	YES		38	6	describe
gold-db-2 postgresql.gold	gold_master_study	9	ecosystem	CHARACTER VARYING	YES				describe
gold-db-2 postgresql.gold	gold_master_study	10	ecosystem_category	CHARACTER VARYING	YES				describe
gold-db-2 postgresql.gold	gold_master_study	11	ecosystem_type	CHARACTER VARYING	YES				describe
gold-db-2 postgresql.gold	gold_master_study	12	ecosystem_subtype	CHARACTER VARYING	YES				describe
gold-db-2 postgresql.gold	gold_master_study	13	specific_ecosystem	CHARACTER VARYING	YES				describe
gold-db-2 postgresql.gold	gold_master_timestamp	1	id	INTEGER	YES		32	0	describe
gold-db-2 postgresql.gold	gold_master_timestamp	2	last_synced	TIMESTAMP	YES				describe
gold-db-2 postgresql.gold	gpts_accounts	1	account_id	DECIMAL	YES		38	6	describe
gold-db-2 postgresql.gold	gpts_accounts	2	program_name	CHARACTER VARYING	YES				describe
gold-db-2 postgresql.gold	gpts_accounts	3	year	DECIMAL	YES		38	6	describe
gold-db-2 postgresql.gold	gpts_accounts	4	account_name	CHARACTER VARYING	YES				describe
gold-db-2 postgresql.gold	gpts_accounts	5	funding_source	CHARACTER VARYING	YES				describe
gold-db-2 postgresql.gold	gpts_accounts	6	program_description	CHARACTER VARYING	YES				describe
gold-db-2 postgresql.gold	gpts_accounts	7	modification_user	CHARACTER VARYING	YES				describe
gold-db-2 postgresql.gold	gpts_accounts	8	modification_user_id	DECIMAL	YES		38	6	describe
gold-db-2 postgresql.gold	gpts_accounts	9	modification_date	TIMESTAMP	YES				describe
gold-db-2 postgresql.gold	gpts_accounts	10	active	CHARACTER VARYING	YES				describe
gold-db-2 postgresql.gold	gpts_accounts	11	total_seq_budget	DECIMAL	YES		38	6	describe
gold-db-2 postgresql.gold	gpts_accounts	12	default_visibility	CHARACTER VARYING	YES				describe
gold-db-2 postgresql.gold	gpts_pmo_projects	1	pmo_project_id	DECIMAL	YES		38	6	describe
gold-db-2 postgresql.gold	gpts_pmo_projects	2	proposal_id	DECIMAL	YES		38	6	describe
gold-db-2 postgresql.gold	gpts_pmo_projects	3	planned_454_runs	DECIMAL	YES		38	6	describe
gold-db-2 postgresql.gold	gpts_pmo_projects	4	biosafety_level_collaborator	CHARACTER VARYING	YES				describe
gold-db-2 postgresql.gold	gpts_pmo_projects	5	embargo_start_date	TIMESTAMP	YES				describe
gold-db-2 postgresql.gold	gpts_pmo_projects	6	embargo_days	DECIMAL	YES		38	6	describe
gold-db-2 postgresql.gold	gpts_pmo_projects	7	final_annotation_start_date	TIMESTAMP	YES				describe
gold-db-2 postgresql.gold	gpts_pmo_projects	8	final_annotation_end_date	TIMESTAMP	YES				describe
gold-db-2 postgresql.gold	gpts_pmo_projects	9	finishing_qa_start_date	TIMESTAMP	YES				describe
gold-db-2 postgresql.gold	gpts_pmo_projects	10	finishing_qa_end_date	TIMESTAMP	YES				describe
gold-db-2 postgresql.gold	gpts_pmo_projects	11	final_asm_gbk_start_date	TIMESTAMP	YES				describe
gold-db-2 postgresql.gold	gpts_pmo_projects	12	final_asm_gbk_end_date	TIMESTAMP	YES				describe
gold-db-2 postgresql.gold	gpts_pmo_projects	13	draft_asm_gbk_start_date	TIMESTAMP	YES				describe
gold-db-2 postgresql.gold	gpts_pmo_projects	14	draft_asm_gbk_end_date	TIMESTAMP	YES				describe
gold-db-2 postgresql.gold	gpts_pmo_projects	15	phase	CHARACTER VARYING	YES				describe
gold-db-2 postgresql.gold	gpts_pmo_projects	16	phase_status_date	TIMESTAMP	YES				describe
gold-db-2 postgresql.gold	gpts_pmo_projects	17	final_qd_report_date	TIMESTAMP	YES				describe
gold-db-2 postgresql.gold	gpts_pmo_projects	18	project_category	CHARACTER VARYING	YES				describe
gold-db-2 postgresql.gold	gpts_pmo_projects	19	report_quarter	CHARACTER VARYING	YES				describe
gold-db-2 postgresql.gold	gpts_pmo_projects	20	gc_content_pi	DECIMAL	YES		38	6	describe
gold-db-2 postgresql.gold	gpts_pmo_projects	21	comments	CHARACTER VARYING	YES				describe
gold-db-2 postgresql.gold	gpts_pmo_projects	22	genome_size_pi	DECIMAL	YES		38	6	describe
gold-db-2 postgresql.gold	gpts_pmo_projects	23	genome_size_qd	DECIMAL	YES		38	6	describe
gold-db-2 postgresql.gold	gpts_pmo_projects	24	genus	CHARACTER VARYING	YES				describe
gold-db-2 postgresql.gold	gpts_pmo_projects	25	jgi_species_code	CHARACTER VARYING	YES				describe
gold-db-2 postgresql.gold	gpts_pmo_projects	26	allocation_mb	DECIMAL	YES		38	6	describe
gold-db-2 postgresql.gold	gpts_pmo_projects	27	ncbi_organism_name	CHARACTER VARYING	YES				describe
gold-db-2 postgresql.gold	gpts_pmo_projects	28	deadline	TIMESTAMP	YES				describe
gold-db-2 postgresql.gold	gpts_pmo_projects	29	scope	CHARACTER VARYING	YES				describe
gold-db-2 postgresql.gold	gpts_pmo_projects	30	risk_group_pi	CHARACTER VARYING	YES				describe
gold-db-2 postgresql.gold	gpts_pmo_projects	31	species	CHARACTER VARYING	YES				describe
gold-db-2 postgresql.gold	gpts_pmo_projects	32	spid	DECIMAL	YES		38	6	describe
gold-db-2 postgresql.gold	gpts_pmo_projects	33	status_color	CHARACTER VARYING	YES				describe
gold-db-2 postgresql.gold	gpts_pmo_projects	34	strain	CHARACTER VARYING	YES				describe
gold-db-2 postgresql.gold	gpts_pmo_projects	35	subspecies	CHARACTER VARYING	YES				describe
gold-db-2 postgresql.gold	gpts_pmo_projects	36	taxa	CHARACTER VARYING	YES				describe
gold-db-2 postgresql.gold	gpts_pmo_projects	37	name	CHARACTER VARYING	YES				describe
gold-db-2 postgresql.gold	gpts_pmo_projects	38	xx_gptsproject_id	CHARACTER VARYING	YES				describe
gold-db-2 postgresql.gold	gpts_pmo_projects	39	rr_microbial_project_flag	CHARACTER VARYING	YES				describe
gold-db-2 postgresql.gold	gpts_pmo_projects	40	modification_user	CHARACTER VARYING	YES				describe
gold-db-2 postgresql.gold	gpts_pmo_projects	41	modification_user_id	DECIMAL	YES		38	6	describe
gold-db-2 postgresql.gold	gpts_pmo_projects	42	modification_date	TIMESTAMP	YES				describe
gold-db-2 postgresql.gold	gpts_pmo_projects	43	show_to_collaborator	CHARACTER VARYING	YES				describe
gold-db-2 postgresql.gold	gpts_pmo_projects	44	active	CHARACTER VARYING	YES				describe
gold-db-2 postgresql.gold	gpts_pmo_projects	45	co_collaborator	CHARACTER VARYING	YES				describe
gold-db-2 postgresql.gold	gpts_pmo_projects	46	genome_size_finished	DECIMAL	YES		38	6	describe
gold-db-2 postgresql.gold	gpts_pmo_projects	47	est_status	CHARACTER VARYING	YES				describe
gold-db-2 postgresql.gold	gpts_pmo_projects	48	planned_public_release_date	TIMESTAMP	YES				describe
gold-db-2 postgresql.gold	gpts_pmo_projects	49	finishing_start_date	TIMESTAMP	YES				describe
gold-db-2 postgresql.gold	gpts_pmo_projects	50	in_progress	CHARACTER VARYING	YES				describe
gold-db-2 postgresql.gold	gpts_pmo_projects	51	bio_classification_type	CHARACTER VARYING	YES				describe
gold-db-2 postgresql.gold	gpts_pmo_projects	52	bio_classification_name	CHARACTER VARYING	YES				describe
gold-db-2 postgresql.gold	gpts_pmo_projects	53	portal_announcement_date	TIMESTAMP	YES				describe
gold-db-2 postgresql.gold	gpts_pmo_projects	54	biosafety_level_lbnl	CHARACTER VARYING	YES				describe
gold-db-2 postgresql.gold	gpts_pmo_projects	55	draft_annotation_avail_date	TIMESTAMP	YES				describe
gold-db-2 postgresql.gold	gpts_pmo_projects	56	planned_est_lanes	DECIMAL	YES		38	6	describe
gold-db-2 postgresql.gold	gpts_pmo_projects	57	planned_shotgun_fosmid_clones	DECIMAL	YES		38	6	describe
gold-db-2 postgresql.gold	gpts_pmo_projects	58	planned_shotgun_bac_clones	DECIMAL	YES		38	6	describe
gold-db-2 postgresql.gold	gpts_pmo_projects	59	planned_est_rna_cdna_samples	DECIMAL	YES		38	6	describe
gold-db-2 postgresql.gold	gpts_pmo_projects	60	geba_authors	CHARACTER VARYING	YES				describe
gold-db-2 postgresql.gold	gpts_pmo_projects	61	phase_status	CHARACTER VARYING	YES				describe
gold-db-2 postgresql.gold	gpts_pmo_projects	62	kingdom	CHARACTER VARYING	YES				describe
gold-db-2 postgresql.gold	gpts_pmo_projects	63	common_name	CHARACTER VARYING	YES				describe
gold-db-2 postgresql.gold	gpts_pmo_projects	64	final_annot_qa_start_date	TIMESTAMP	YES				describe
gold-db-2 postgresql.gold	gpts_pmo_projects	65	final_annot_qa_end_date	TIMESTAMP	YES				describe
gold-db-2 postgresql.gold	gpts_pmo_projects	66	final_seq_asm_to_annot_date	TIMESTAMP	YES				describe
gold-db-2 postgresql.gold	gpts_pmo_projects	67	ckpt_asm_pi_notified_date	TIMESTAMP	YES				describe
gold-db-2 postgresql.gold	gpts_pmo_projects	68	final_asm_pi_notified_date	TIMESTAMP	YES				describe
gold-db-2 postgresql.gold	gpts_pmo_projects	69	annot_internal_release_date	TIMESTAMP	YES				describe
gold-db-2 postgresql.gold	gpts_pmo_projects	70	lib_qc_pass_pi_notified_date	TIMESTAMP	YES				describe
gold-db-2 postgresql.gold	gpts_pmo_projects	71	on_hold	CHARACTER VARYING	YES				describe
gold-db-2 postgresql.gold	gpts_pmo_projects	72	executive_comments	CHARACTER VARYING	YES				describe
gold-db-2 postgresql.gold	gpts_pmo_projects	73	finishing_planned	CHARACTER VARYING	YES				describe
gold-db-2 postgresql.gold	gpts_pmo_projects	74	finishing_center	CHARACTER VARYING	YES				describe
gold-db-2 postgresql.gold	gpts_pmo_projects	75	phylum	CHARACTER VARYING	YES				describe
gold-db-2 postgresql.gold	gpts_pmo_projects	76	analysis_status	CHARACTER VARYING	YES				describe
gold-db-2 postgresql.gold	gpts_pmo_projects	77	priority	DECIMAL	YES		38	6	describe
gold-db-2 postgresql.gold	gpts_pmo_projects	78	geba_purpose	CHARACTER VARYING	YES				describe
gold-db-2 postgresql.gold	gpts_pmo_projects	79	isolate	CHARACTER VARYING	YES				describe
gold-db-2 postgresql.gold	gpts_pmo_projects	80	four54_status	CHARACTER VARYING	YES				describe
gold-db-2 postgresql.gold	gpts_pmo_projects	81	finishing_sow	CHARACTER VARYING	YES				describe
gold-db-2 postgresql.gold	gpts_pmo_projects	82	subclone_status	CHARACTER VARYING	YES				describe
gold-db-2 postgresql.gold	gpts_pmo_projects	83	ncbi_tax_id	DECIMAL	YES		38	6	describe
gold-db-2 postgresql.gold	gpts_pmo_projects	84	img_oid	DECIMAL	YES		38	6	describe
gold-db-2 postgresql.gold	gpts_pmo_projects	85	gold_id	CHARACTER VARYING	YES				describe
gold-db-2 postgresql.gold	gpts_pmo_projects	86	bio_classification_id	DECIMAL	YES		38	6	describe
gold-db-2 postgresql.gold	gpts_pmo_projects	87	visibility	CHARACTER VARYING	YES				describe
gold-db-2 postgresql.gold	gpts_pmo_projects	88	annotator_user_id	DECIMAL	YES		38	6	describe
gold-db-2 postgresql.gold	gpts_pmo_projects	89	data_release_control	CHARACTER VARYING	YES				describe
gold-db-2 postgresql.gold	gpts_pmo_projects	90	ncbi_project_id	DECIMAL	YES		38	6	describe
gold-db-2 postgresql.gold	gpts_pmo_projects	91	expected_final_asm_avail_date	TIMESTAMP	YES				describe
gold-db-2 postgresql.gold	gpts_pmo_projects	92	expected_annotation_avail_date	TIMESTAMP	YES				describe
gold-db-2 postgresql.gold	gpts_pmo_projects	93	released_annotation_version	CHARACTER VARYING	YES				describe
gold-db-2 postgresql.gold	gpts_pmo_projects	94	expected_next_annot_vers_date	TIMESTAMP	YES				describe
gold-db-2 postgresql.gold	gpts_pmo_projects	95	gi_rank	CHARACTER VARYING	YES				describe
gold-db-2 postgresql.gold	gpts_pmo_projects	96	gi_ext_ests	CHARACTER VARYING	YES				describe
gold-db-2 postgresql.gold	gpts_pmo_projects	97	gi_ext_ests_comments	CHARACTER VARYING	YES				describe
gold-db-2 postgresql.gold	gpts_pmo_projects	98	gi_bac_lib	CHARACTER VARYING	YES				describe
gold-db-2 postgresql.gold	gpts_pmo_projects	99	gi_bac_lib_status	CHARACTER VARYING	YES				describe
gold-db-2 postgresql.gold	gpts_pmo_projects	100	gi_bac_lib_comments	CHARACTER VARYING	YES				describe
gold-db-2 postgresql.gold	gpts_pmo_projects	101	gi_phys_map	CHARACTER VARYING	YES				describe
gold-db-2 postgresql.gold	gpts_pmo_projects	102	gi_phys_map_comments	CHARACTER VARYING	YES				describe
gold-db-2 postgresql.gold	gpts_pmo_projects	103	gi_genetic_map	CHARACTER VARYING	YES				describe
gold-db-2 postgresql.gold	gpts_pmo_projects	104	gi_genetic_map_comments	CHARACTER VARYING	YES				describe
gold-db-2 postgresql.gold	gpts_pmo_projects	105	gi_status	CHARACTER VARYING	YES				describe
gold-db-2 postgresql.gold	gpts_pmo_projects	106	gi_location	CHARACTER VARYING	YES				describe
gold-db-2 postgresql.gold	gpts_pmo_projects	107	gi_comments	CHARACTER VARYING	YES				describe
gold-db-2 postgresql.gold	gpts_pmo_projects	108	gi_full_len_clones	CHARACTER VARYING	YES				describe
gold-db-2 postgresql.gold	gpts_pmo_projects	109	gi_full_len_clones_comments	CHARACTER VARYING	YES				describe
gold-db-2 postgresql.gold	gpts_pmo_projects	110	ploidy_comments	CHARACTER VARYING	YES				describe
gold-db-2 postgresql.gold	gpts_pmo_projects	111	jgi_release_site	CHARACTER VARYING	YES				describe
gold-db-2 postgresql.gold	gpts_pmo_projects	112	analyst_contact_id	DECIMAL	YES		38	6	describe
gold-db-2 postgresql.gold	gpts_pmo_projects	113	awaiting_material	CHARACTER VARYING	YES				describe
gold-db-2 postgresql.gold	gpts_pmo_projects	114	estimated_release_to_pi_date	TIMESTAMP	YES				describe
gold-db-2 postgresql.gold	gpts_pmo_projects	115	product_catalog_id	DECIMAL	YES		38	6	describe
gold-db-2 postgresql.gold	gpts_pmo_projects	116	expected_sample_count	DECIMAL	YES		38	6	describe
gold-db-2 postgresql.gold	gpts_pmo_projects	117	estimated_sample_arrival_date	TIMESTAMP	YES				describe
gold-db-2 postgresql.gold	gpts_product_catalog	1	product_catalog_id	DECIMAL	YES		38	6	describe
gold-db-2 postgresql.gold	gpts_product_catalog	2	program	CHARACTER VARYING	YES				describe
gold-db-2 postgresql.gold	gpts_product_catalog	3	product	CHARACTER VARYING	YES				describe
gold-db-2 postgresql.gold	gpts_product_catalog	4	product_description	CHARACTER VARYING	YES				describe
gold-db-2 postgresql.gold	gpts_product_catalog	5	starting_material	CHARACTER VARYING	YES				describe
gold-db-2 postgresql.gold	gpts_product_catalog	6	genome_structure	CHARACTER VARYING	YES				describe
gold-db-2 postgresql.gold	gpts_product_catalog	7	external_dependencies	CHARACTER VARYING	YES				describe
gold-db-2 postgresql.gold	gpts_product_catalog	8	final_product_specification	CHARACTER VARYING	YES				describe
gold-db-2 postgresql.gold	gpts_product_catalog	9	sequencing_task	CHARACTER VARYING	YES				describe
gold-db-2 postgresql.gold	gpts_product_catalog	10	assembly_task	CHARACTER VARYING	YES				describe
gold-db-2 postgresql.gold	gpts_product_catalog	11	analysis_task	CHARACTER VARYING	YES				describe
gold-db-2 postgresql.gold	gpts_product_catalog	12	annotation_task	CHARACTER VARYING	YES				describe
gold-db-2 postgresql.gold	gpts_product_catalog	13	final_product	CHARACTER VARYING	YES				describe
gold-db-2 postgresql.gold	gpts_product_catalog	14	final_product_comment	CHARACTER VARYING	YES				describe
gold-db-2 postgresql.gold	gpts_product_catalog	15	note	CHARACTER VARYING	YES				describe
gold-db-2 postgresql.gold	gpts_product_catalog	16	difficulty	DECIMAL	YES		38	6	describe
gold-db-2 postgresql.gold	gpts_product_catalog	17	days_brc	DECIMAL	YES		38	6	describe
gold-db-2 postgresql.gold	gpts_product_catalog	18	days_non_brc	DECIMAL	YES		38	6	describe
gold-db-2 postgresql.gold	gpts_product_catalog	19	active	CHARACTER VARYING	YES				describe
gold-db-2 postgresql.gold	gpts_product_catalog	20	standard_product	CHARACTER VARYING	YES				describe
gold-db-2 postgresql.gold	gpts_proposals	1	proposal_id	DECIMAL	YES		38	6	describe
gold-db-2 postgresql.gold	gpts_proposals	2	title	CHARACTER VARYING	YES				describe
gold-db-2 postgresql.gold	gpts_proposals	3	account_id	DECIMAL	YES		38	6	describe
gold-db-2 postgresql.gold	gpts_proposals	4	allocation_mb	DECIMAL	YES		38	6	describe
gold-db-2 postgresql.gold	gpts_proposals	5	pi_contact_id	DECIMAL	YES		38	6	describe
gold-db-2 postgresql.gold	gpts_proposals	6	project_manager_user_id	DECIMAL	YES		38	6	describe
gold-db-2 postgresql.gold	gpts_proposals	7	ua_jgi_signed_date	TIMESTAMP	YES				describe
gold-db-2 postgresql.gold	gpts_proposals	8	ua_to_accounting_date	TIMESTAMP	YES				describe
gold-db-2 postgresql.gold	gpts_proposals	9	ua_received_date	TIMESTAMP	YES				describe
gold-db-2 postgresql.gold	gpts_proposals	10	ua_comments	CHARACTER VARYING	YES				describe
gold-db-2 postgresql.gold	gpts_proposals	11	ua_receipt_comments	CHARACTER VARYING	YES				describe
gold-db-2 postgresql.gold	gpts_proposals	12	ua_received_method	CHARACTER VARYING	YES				describe
gold-db-2 postgresql.gold	gpts_proposals	13	ua_status	CHARACTER VARYING	YES				describe
gold-db-2 postgresql.gold	gpts_proposals	14	poe_proposal_id	DECIMAL	YES		38	6	describe
gold-db-2 postgresql.gold	gpts_proposals	15	name	CHARACTER VARYING	YES				describe
gold-db-2 postgresql.gold	gpts_proposals	16	xx_gptsproject_id	CHARACTER VARYING	YES				describe
gold-db-2 postgresql.gold	gpts_proposals	17	active	CHARACTER VARYING	YES				describe
gold-db-2 postgresql.gold	gpts_proposals	18	modification_user	CHARACTER VARYING	YES				describe
gold-db-2 postgresql.gold	gpts_proposals	19	modification_user_id	DECIMAL	YES		38	6	describe
gold-db-2 postgresql.gold	gpts_proposals	20	modification_date	TIMESTAMP	YES				describe
gold-db-2 postgresql.gold	gpts_proposals	21	ua_copy_sent_to_pi_date	TIMESTAMP	YES				describe
gold-db-2 postgresql.gold	gpts_proposals	22	ua_status_code	CHARACTER VARYING	YES				describe
gold-db-2 postgresql.gold	gpts_proposals	23	ua_original_received	CHARACTER VARYING	YES				describe
gold-db-2 postgresql.gold	gpts_proposals	24	sow_status	CHARACTER VARYING	YES				describe
gold-db-2 postgresql.gold	gpts_proposals	25	sow_status_comments	CHARACTER VARYING	YES				describe
gold-db-2 postgresql.gold	gpts_proposals	26	comments	CHARACTER VARYING	YES				describe
gold-db-2 postgresql.gold	gpts_proposals	27	csp_proposal_id	CHARACTER VARYING	YES				describe
gold-db-2 postgresql.gold	gpts_proposals	28	wip_proposal_id	DECIMAL	YES		38	6	describe
gold-db-2 postgresql.gold	gtdb	1	gtdb_id	DECIMAL	YES		38	6	information_schema
gold-db-2 postgresql.gold	gtdb	2	accession	CHARACTER VARYING	YES	65536			information_schema
gold-db-2 postgresql.gold	gtdb	3	ambiguous_bases	DECIMAL	YES		38	6	information_schema
gold-db-2 postgresql.gold	gtdb	4	checkm2_completeness	DECIMAL	YES		38	6	information_schema
gold-db-2 postgresql.gold	gtdb	5	checkm2_contamination	DECIMAL	YES		38	6	information_schema
gold-db-2 postgresql.gold	gtdb	6	checkm2_model	CHARACTER VARYING	YES	65536			information_schema
gold-db-2 postgresql.gold	gtdb	7	checkm_completeness	DECIMAL	YES		38	6	information_schema
gold-db-2 postgresql.gold	gtdb	8	checkm_contamination	DECIMAL	YES		38	6	information_schema
gold-db-2 postgresql.gold	gtdb	9	checkm_marker_count	DECIMAL	YES		38	6	information_schema
gold-db-2 postgresql.gold	gtdb	10	checkm_marker_lineage	CHARACTER VARYING	YES	65536			information_schema
gold-db-2 postgresql.gold	gtdb	11	checkm_marker_set_count	DECIMAL	YES		38	6	information_schema
gold-db-2 postgresql.gold	gtdb	12	checkm_strain_heterogeneity	DECIMAL	YES		38	6	information_schema
gold-db-2 postgresql.gold	gtdb	13	coding_bases	DECIMAL	YES		38	6	information_schema
gold-db-2 postgresql.gold	gtdb	14	coding_density	DECIMAL	YES		38	6	information_schema
gold-db-2 postgresql.gold	gtdb	15	contig_count	DECIMAL	YES		38	6	information_schema
gold-db-2 postgresql.gold	gtdb	16	gc_count	DECIMAL	YES		38	6	information_schema
gold-db-2 postgresql.gold	gtdb	17	gc_percentage	DECIMAL	YES		38	6	information_schema
gold-db-2 postgresql.gold	gtdb	18	genome_size	DECIMAL	YES		38	6	information_schema
gold-db-2 postgresql.gold	gtdb	19	gtdb_genome_representative	CHARACTER VARYING	YES	65536			information_schema
gold-db-2 postgresql.gold	gtdb	20	gtdb_representative	CHARACTER VARYING	YES	65536			information_schema
gold-db-2 postgresql.gold	gtdb	21	gtdb_taxonomy	CHARACTER VARYING	YES	65536			information_schema
gold-db-2 postgresql.gold	gtdb	22	gtdb_type_desi_ncbi_taxa	CHARACTER VARYING	YES	65536			information_schema
gold-db-2 postgresql.gold	gtdb	23	gtdb_type_desi_ncbi_tax_source	CHARACTER VARYING	YES	65536			information_schema
gold-db-2 postgresql.gold	gtdb	24	gtdb_type_species_of_genus	CHARACTER VARYING	YES	65536			information_schema
gold-db-2 postgresql.gold	gtdb	25	l50_contigs	DECIMAL	YES		38	6	information_schema
gold-db-2 postgresql.gold	gtdb	26	l50_scaffolds	DECIMAL	YES		38	6	information_schema
gold-db-2 postgresql.gold	gtdb	27	longest_contig	DECIMAL	YES		38	6	information_schema
gold-db-2 postgresql.gold	gtdb	28	longest_scaffold	DECIMAL	YES		38	6	information_schema
gold-db-2 postgresql.gold	gtdb	29	lsu_23s_contig_len	DECIMAL	YES		38	6	information_schema
gold-db-2 postgresql.gold	gtdb	30	lsu_23s_count	DECIMAL	YES		38	6	information_schema
gold-db-2 postgresql.gold	gtdb	31	lsu_23s_length	DECIMAL	YES		38	6	information_schema
gold-db-2 postgresql.gold	gtdb	32	lsu_23s_query_id	CHARACTER VARYING	YES	65536			information_schema
gold-db-2 postgresql.gold	gtdb	33	lsu_5s_contig_len	DECIMAL	YES		38	6	information_schema
gold-db-2 postgresql.gold	gtdb	34	lsu_5s_count	DECIMAL	YES		38	6	information_schema
gold-db-2 postgresql.gold	gtdb	35	lsu_5s_length	DECIMAL	YES		38	6	information_schema
gold-db-2 postgresql.gold	gtdb	36	lsu_5s_query_id	CHARACTER VARYING	YES	65536			information_schema
gold-db-2 postgresql.gold	gtdb	37	lsu_silva_23s_blast_align_len	DECIMAL	YES		38	6	information_schema
gold-db-2 postgresql.gold	gtdb	38	lsu_silva_23s_blast_bitscore	DECIMAL	YES		38	6	information_schema
gold-db-2 postgresql.gold	gtdb	39	lsu_silva_23s_blast_evalue	CHARACTER VARYING	YES	65536			information_schema
gold-db-2 postgresql.gold	gtdb	40	lsu_silva_23s_blast_perc_ident	DECIMAL	YES		38	6	information_schema
gold-db-2 postgresql.gold	gtdb	41	lsu_silva_23s_blast_subject_id	CHARACTER VARYING	YES	65536			information_schema
gold-db-2 postgresql.gold	gtdb	42	lsu_silva_23s_taxonomy	CHARACTER VARYING	YES	65536			information_schema
gold-db-2 postgresql.gold	gtdb	43	mean_contig_length	DECIMAL	YES		38	6	information_schema
gold-db-2 postgresql.gold	gtdb	44	mean_scaffold_length	DECIMAL	YES		38	6	information_schema
gold-db-2 postgresql.gold	gtdb	45	mimag_high_quality	CHARACTER VARYING	YES	65536			information_schema
gold-db-2 postgresql.gold	gtdb	46	mimag_low_quality	CHARACTER VARYING	YES	65536			information_schema
gold-db-2 postgresql.gold	gtdb	47	mimag_medium_quality	CHARACTER VARYING	YES	65536			information_schema
gold-db-2 postgresql.gold	gtdb	48	n50_contigs	DECIMAL	YES		38	6	information_schema
gold-db-2 postgresql.gold	gtdb	49	n50_scaffolds	DECIMAL	YES		38	6	information_schema
gold-db-2 postgresql.gold	gtdb	50	ncbi_assembly_level	CHARACTER VARYING	YES	65536			information_schema
gold-db-2 postgresql.gold	gtdb	51	ncbi_assembly_name	CHARACTER VARYING	YES	65536			information_schema
gold-db-2 postgresql.gold	gtdb	52	ncbi_assembly_type	CHARACTER VARYING	YES	65536			information_schema
gold-db-2 postgresql.gold	gtdb	53	ncbi_bioproject	CHARACTER VARYING	YES	65536			information_schema
gold-db-2 postgresql.gold	gtdb	54	ncbi_biosample	CHARACTER VARYING	YES	65536			information_schema
gold-db-2 postgresql.gold	gtdb	55	ncbi_contig_count	DECIMAL	YES		38	6	information_schema
gold-db-2 postgresql.gold	gtdb	56	ncbi_contig_n50	DECIMAL	YES		38	6	information_schema
gold-db-2 postgresql.gold	gtdb	57	ncbi_country	CHARACTER VARYING	YES	65536			information_schema
gold-db-2 postgresql.gold	gtdb	58	ncbi_date	TIMESTAMP	YES				information_schema
gold-db-2 postgresql.gold	gtdb	59	ncbi_gb_assembly_accession	CHARACTER VARYING	YES	65536			information_schema
gold-db-2 postgresql.gold	gtdb	60	ncbi_genome_category	CHARACTER VARYING	YES	65536			information_schema
gold-db-2 postgresql.gold	gtdb	61	ncbi_genome_representation	CHARACTER VARYING	YES	65536			information_schema
gold-db-2 postgresql.gold	gtdb	62	ncbi_isolate	CHARACTER VARYING	YES	65536			information_schema
gold-db-2 postgresql.gold	gtdb	63	ncbi_isolation_source	CHARACTER VARYING	YES	65536			information_schema
gold-db-2 postgresql.gold	gtdb	64	ncbi_lat_lon	CHARACTER VARYING	YES	65536			information_schema
gold-db-2 postgresql.gold	gtdb	65	ncbi_molecule_count	DECIMAL	YES		38	6	information_schema
gold-db-2 postgresql.gold	gtdb	66	ncbi_ncrna_count	DECIMAL	YES		38	6	information_schema
gold-db-2 postgresql.gold	gtdb	67	ncbi_organism_name	CHARACTER VARYING	YES	65536			information_schema
gold-db-2 postgresql.gold	gtdb	68	ncbi_protein_count	DECIMAL	YES		38	6	information_schema
gold-db-2 postgresql.gold	gtdb	69	ncbi_refseq_category	CHARACTER VARYING	YES	65536			information_schema
gold-db-2 postgresql.gold	gtdb	70	ncbi_rrna_count	DECIMAL	YES		38	6	information_schema
gold-db-2 postgresql.gold	gtdb	71	ncbi_scaffold_count	DECIMAL	YES		38	6	information_schema
gold-db-2 postgresql.gold	gtdb	72	ncbi_scaffold_l50	DECIMAL	YES		38	6	information_schema
gold-db-2 postgresql.gold	gtdb	73	ncbi_scaffold_n50	DECIMAL	YES		38	6	information_schema
gold-db-2 postgresql.gold	gtdb	74	ncbi_scaffold_n75	DECIMAL	YES		38	6	information_schema
gold-db-2 postgresql.gold	gtdb	75	ncbi_scaffold_n90	DECIMAL	YES		38	6	information_schema
gold-db-2 postgresql.gold	gtdb	76	ncbi_seq_rel_date	TIMESTAMP	YES				information_schema
gold-db-2 postgresql.gold	gtdb	77	ncbi_spanned_gaps	DECIMAL	YES		38	6	information_schema
gold-db-2 postgresql.gold	gtdb	78	ncbi_species_taxid	DECIMAL	YES		38	6	information_schema
gold-db-2 postgresql.gold	gtdb	79	ncbi_ssu_count	DECIMAL	YES		38	6	information_schema
gold-db-2 postgresql.gold	gtdb	80	ncbi_strain_identifiers	CHARACTER VARYING	YES	65536			information_schema
gold-db-2 postgresql.gold	gtdb	81	ncbi_submitter	CHARACTER VARYING	YES	65536			information_schema
gold-db-2 postgresql.gold	gtdb	82	ncbi_taxid	DECIMAL	YES		38	6	information_schema
gold-db-2 postgresql.gold	gtdb	83	ncbi_taxonomy	CHARACTER VARYING	YES	65536			information_schema
gold-db-2 postgresql.gold	gtdb	84	ncbi_taxonomy_unfiltered	CHARACTER VARYING	YES	65536			information_schema
gold-db-2 postgresql.gold	gtdb	85	ncbi_total_gap_length	DECIMAL	YES		38	6	information_schema
gold-db-2 postgresql.gold	gtdb	86	ncbi_total_length	DECIMAL	YES		38	6	information_schema
gold-db-2 postgresql.gold	gtdb	87	ncbi_translation_table	DECIMAL	YES		38	6	information_schema
gold-db-2 postgresql.gold	gtdb	88	ncbi_trna_count	DECIMAL	YES		38	6	information_schema
gold-db-2 postgresql.gold	gtdb	89	ncbi_type_material_designation	CHARACTER VARYING	YES	65536			information_schema
gold-db-2 postgresql.gold	gtdb	90	ncbi_ungapped_length	DECIMAL	YES		38	6	information_schema
gold-db-2 postgresql.gold	gtdb	91	ncbi_unspanned_gaps	DECIMAL	YES		38	6	information_schema
gold-db-2 postgresql.gold	gtdb	92	ncbi_wgs_master	CHARACTER VARYING	YES	65536			information_schema
gold-db-2 postgresql.gold	gtdb	93	protein_count	DECIMAL	YES		38	6	information_schema
gold-db-2 postgresql.gold	gtdb	94	scaffold_count	DECIMAL	YES		38	6	information_schema
gold-db-2 postgresql.gold	gtdb	95	ssu_contig_len	DECIMAL	YES		38	6	information_schema
gold-db-2 postgresql.gold	gtdb	96	ssu_count	DECIMAL	YES		38	6	information_schema
gold-db-2 postgresql.gold	gtdb	97	ssu_gg_blast_align_len	DECIMAL	YES		38	6	information_schema
gold-db-2 postgresql.gold	gtdb	98	ssu_gg_blast_bitscore	DECIMAL	YES		38	6	information_schema
gold-db-2 postgresql.gold	gtdb	99	ssu_gg_blast_evalue	CHARACTER VARYING	YES	65536			information_schema
gold-db-2 postgresql.gold	gtdb	100	ssu_gg_blast_perc_identity	DECIMAL	YES		38	6	information_schema
gold-db-2 postgresql.gold	gtdb	101	ssu_gg_blast_subject_id	DECIMAL	YES		38	6	information_schema
gold-db-2 postgresql.gold	gtdb	102	ssu_gg_taxonomy	CHARACTER VARYING	YES	65536			information_schema
gold-db-2 postgresql.gold	gtdb	103	ssu_length	DECIMAL	YES		38	6	information_schema
gold-db-2 postgresql.gold	gtdb	104	ssu_query_id	CHARACTER VARYING	YES	65536			information_schema
gold-db-2 postgresql.gold	gtdb	105	ssu_silva_blast_align_len	DECIMAL	YES		38	6	information_schema
gold-db-2 postgresql.gold	gtdb	106	ssu_silva_blast_bitscore	DECIMAL	YES		38	6	information_schema
gold-db-2 postgresql.gold	gtdb	107	ssu_silva_blast_evalue	CHARACTER VARYING	YES	65536			information_schema
gold-db-2 postgresql.gold	gtdb	108	ssu_silva_blast_perc_identity	DECIMAL	YES		38	6	information_schema
gold-db-2 postgresql.gold	gtdb	109	ssu_silva_blast_subject_id	CHARACTER VARYING	YES	65536			information_schema
gold-db-2 postgresql.gold	gtdb	110	ssu_silva_taxonomy	CHARACTER VARYING	YES	65536			information_schema
gold-db-2 postgresql.gold	gtdb	111	total_gap_length	DECIMAL	YES		38	6	information_schema
gold-db-2 postgresql.gold	gtdb	112	trna_aa_count	DECIMAL	YES		38	6	information_schema
gold-db-2 postgresql.gold	gtdb	113	trna_count	DECIMAL	YES		38	6	information_schema
gold-db-2 postgresql.gold	gtdb	114	trna_selenocysteine_count	DECIMAL	YES		38	6	information_schema
gold-db-2 postgresql.gold	gtdb	115	version_id	CHARACTER VARYING	YES	65536			information_schema
gold-db-2 postgresql.gold	hmp_project	1	project_id	DECIMAL	YES		38	0	describe
gold-db-2 postgresql.gold	hmp_project	2	hmp_id	DECIMAL	YES		38	0	describe
gold-db-2 postgresql.gold	hmp_project	3	show_in_dacc	CHARACTER VARYING	YES				describe
gold-db-2 postgresql.gold	hmp_project	4	hmp_project_status	CHARACTER VARYING	YES				describe
gold-db-2 postgresql.gold	hmp_project	5	repository_submission_status	DECIMAL	YES		38	0	describe
gold-db-2 postgresql.gold	hmp_project	6	ncbi_submission_status	CHARACTER VARYING	YES				describe
gold-db-2 postgresql.gold	hmp_project	7	isolate_suggestion_source	CHARACTER VARYING	YES				describe
gold-db-2 postgresql.gold	hmp_project	8	hmp_isolation_body_site	CHARACTER VARYING	YES				describe
gold-db-2 postgresql.gold	hmp_project	9	hmp_isolation_body_subsite	CHARACTER VARYING	YES				describe
gold-db-2 postgresql.gold	hmp_project	10	hmp_finishing_goal	CHARACTER VARYING	YES				describe
gold-db-2 postgresql.gold	hmp_project	11	hmp_source_comments	CHARACTER VARYING	YES				describe
gold-db-2 postgresql.gold	hmp_project	12	hmp_isolate_avail_comments	CHARACTER VARYING	YES				describe
gold-db-2 postgresql.gold	hmp_project	13	dna_received	CHARACTER VARYING	YES				describe
gold-db-2 postgresql.gold	hmp_project	14	date_dna_received	TIMESTAMP	YES				describe
gold-db-2 postgresql.gold	hmp_project	15	sequencing_start_date	TIMESTAMP	YES				describe
gold-db-2 postgresql.gold	hmp_project	16	sequencing_completion_date	TIMESTAMP	YES				describe
gold-db-2 postgresql.gold	hmp_project	17	homd_id	CHARACTER VARYING	YES				describe
gold-db-2 postgresql.gold	hmp_project	18	hmp_project_comments	CHARACTER VARYING	YES				describe
gold-db-2 postgresql.gold	hmp_project	19	hmp_project_id	DECIMAL	YES		38	0	describe
gold-db-2 postgresql.gold	hmpcv_repository_status	1	id	DECIMAL	YES		38	6	describe
gold-db-2 postgresql.gold	hmpcv_repository_status	2	term	CHARACTER VARYING	YES				describe
gold-db-2 postgresql.gold	hmpcv_repository_status	3	sequence	DECIMAL	YES		38	6	describe
gold-db-2 postgresql.gold	ignored	1	ncbi_bioproject_accession	CHARACTER VARYING	YES				describe
gold-db-2 postgresql.gold	ignored	2	ncbi_biosample_accession	CHARACTER VARYING	YES				describe
gold-db-2 postgresql.gold	ignored	3	ncbi_assembly_accession	CHARACTER VARYING	YES				describe
gold-db-2 postgresql.gold	ignored	4	its_spid	DECIMAL	YES		38	6	describe
gold-db-2 postgresql.gold	ignored	5	its_sample_id	DECIMAL	YES		38	6	describe
gold-db-2 postgresql.gold	ignored	6	analysis_project_id	DECIMAL	YES		38	6	describe
gold-db-2 postgresql.gold	ignored	7	comments	CHARACTER VARYING	YES				describe
gold-db-2 postgresql.gold	img_annotation	1	id	DECIMAL	YES		38	6	describe
gold-db-2 postgresql.gold	img_annotation	2	version	CHARACTER VARYING	YES				describe
gold-db-2 postgresql.gold	img_annotation	3	active	CHARACTER VARYING	YES				describe
gold-db-2 postgresql.gold	img_annotation	4	start_date	TIMESTAMP	YES				describe
gold-db-2 postgresql.gold	img_annotation	5	end_date	TIMESTAMP	YES				describe
gold-db-2 postgresql.gold	img_annotation_lookup	1	id	DECIMAL	YES		38	6	describe
gold-db-2 postgresql.gold	img_annotation_lookup	2	img_annotation_id	DECIMAL	YES		38	6	describe
gold-db-2 postgresql.gold	img_annotation_lookup	3	its_proposal_id	DECIMAL	YES		38	6	describe
gold-db-2 postgresql.gold	img_annotation_lookup	4	specimen_regex	CHARACTER VARYING	YES				describe
gold-db-2 postgresql.gold	img_annotation_lookup	5	ap_type_regex	CHARACTER VARYING	YES				describe
gold-db-2 postgresql.gold	img_annotation_lookup	6	ap_type_regex_exclude	CHARACTER VARYING	YES				describe
gold-db-2 postgresql.gold	img_rnaseq_dataset	1	dataset_oid	DECIMAL	YES		38	6	describe
gold-db-2 postgresql.gold	img_rnaseq_dataset	2	analysis_project_id	CHARACTER VARYING	YES				describe
gold-db-2 postgresql.gold	img_rnaseq_dataset	3	obsolete_flag	CHARACTER VARYING	YES				describe
gold-db-2 postgresql.gold	img_submission	1	submission_id	INTEGER	YES		32	0	describe
gold-db-2 postgresql.gold	img_submission	2	analysis_project_id	CHARACTER VARYING	YES				describe
gold-db-2 postgresql.gold	img_submission	3	status	INTEGER	YES		32	0	describe
gold-db-2 postgresql.gold	img_submission	4	img_taxon_oid	BIGINT	YES		64	0	describe
gold-db-2 postgresql.gold	img_submission	5	submission_date	TIMESTAMP	YES				describe
gold-db-2 postgresql.gold	img_submission	6	replace_taxon_oid	BIGINT	YES		64	0	describe
gold-db-2 postgresql.gold	img_submission	7	comments	CHARACTER VARYING	YES				describe
gold-db-2 postgresql.gold	img_submission_statuscv	1	term_oid	INTEGER	YES		32	0	describe
gold-db-2 postgresql.gold	img_submission_statuscv	2	cv_term	CHARACTER VARYING	YES				describe
gold-db-2 postgresql.gold	img_submission_statuscv	3	cv_type	CHARACTER VARYING	YES				describe
gold-db-2 postgresql.gold	img_submission_statuscv	4	terminal_status	CHARACTER VARYING	YES				describe
gold-db-2 postgresql.gold	img_taxon	1	taxon_oid	BIGINT	YES		64	0	information_schema
gold-db-2 postgresql.gold	img_taxon	2	submission_id	BIGINT	YES		64	0	information_schema
gold-db-2 postgresql.gold	img_taxon	3	analysis_project_id	CHARACTER VARYING	YES	65536			information_schema
gold-db-2 postgresql.gold	img_taxon	4	is_public	CHARACTER VARYING	YES	65536			information_schema
gold-db-2 postgresql.gold	img_taxon	5	obsolete_flag	CHARACTER VARYING	YES	65536			information_schema
gold-db-2 postgresql.gold	img_taxon	6	add_date	TIMESTAMP	YES				information_schema
gold-db-2 postgresql.gold	img_taxon	7	mod_date	TIMESTAMP	YES				information_schema
gold-db-2 postgresql.gold	img_taxon	8	img_version	CHARACTER VARYING	YES	65536			information_schema
gold-db-2 postgresql.gold	img_taxon_gtdbtk_lineage	1	taxon_oid	BIGINT	YES		64	0	describe
gold-db-2 postgresql.gold	img_taxon_gtdbtk_lineage	2	gtdbtk_lineage	CHARACTER VARYING	YES				describe
gold-db-2 postgresql.gold	img_taxon_gtdbtk_lineage	3	gtdbtk_domain	CHARACTER VARYING	YES				describe
gold-db-2 postgresql.gold	img_taxon_gtdbtk_lineage	4	gtdbtk_phylum	CHARACTER VARYING	YES				describe
gold-db-2 postgresql.gold	img_taxon_gtdbtk_lineage	5	gtdbtk_class	CHARACTER VARYING	YES				describe
gold-db-2 postgresql.gold	img_taxon_gtdbtk_lineage	6	gtdbtk_order	CHARACTER VARYING	YES				describe
gold-db-2 postgresql.gold	img_taxon_gtdbtk_lineage	7	gtdbtk_family	CHARACTER VARYING	YES				describe
gold-db-2 postgresql.gold	img_taxon_gtdbtk_lineage	8	gtdbtk_genus	CHARACTER VARYING	YES				describe
gold-db-2 postgresql.gold	img_taxon_gtdbtk_lineage	9	gtdbtk_species	CHARACTER VARYING	YES				describe
gold-db-2 postgresql.gold	img_taxon_gtdbtk_lineage	10	checkm_completeness	FLOAT	YES		24		describe
gold-db-2 postgresql.gold	img_taxon_gtdbtk_lineage	11	checkm_contamination	FLOAT	YES		24		describe
gold-db-2 postgresql.gold	img_taxon_gtdbtk_lineage	12	version_info	CHARACTER VARYING	YES				describe
gold-db-2 postgresql.gold	img_taxon_replacements	1	taxon_oid	BIGINT	YES		64	0	describe
gold-db-2 postgresql.gold	img_taxon_replacements	2	old_taxon_oid	BIGINT	YES		64	0	describe
gold-db-2 postgresql.gold	img_taxon_replacements	3	img_version	CHARACTER VARYING	YES				describe
gold-db-2 postgresql.gold	img_taxon_replacements	4	release_date	TIMESTAMP	YES				describe
gold-db-2 postgresql.gold	img_taxon_replacements	5	old_taxon_name	CHARACTER VARYING	YES				describe
gold-db-2 postgresql.gold	img_taxon_replacements	6	comments	CHARACTER VARYING	YES				describe
gold-db-2 postgresql.gold	img_taxon_stats	1	taxon_oid	BIGINT	YES		64	0	information_schema
gold-db-2 postgresql.gold	img_taxon_stats	2	total_bases	BIGINT	YES		64	0	information_schema
gold-db-2 postgresql.gold	img_taxon_stats	3	total_gene_count	BIGINT	YES		64	0	information_schema
gold-db-2 postgresql.gold	img_taxon_stats	4	n_scaffolds	BIGINT	YES		64	0	information_schema
gold-db-2 postgresql.gold	img_taxon_stats_merfs	1	taxon_oid	BIGINT	YES		64	0	describe
gold-db-2 postgresql.gold	img_taxon_stats_merfs	2	datatype	CHARACTER VARYING	YES				describe
gold-db-2 postgresql.gold	img_taxon_stats_merfs	3	predicted_viral_contigs	BIGINT	YES		64	0	describe
gold-db-2 postgresql.gold	img_taxon_stats_merfs	4	predicted_plasmid_contigs	BIGINT	YES		64	0	describe
gold-db-2 postgresql.gold	img_taxonomy_collection	1	organism_gold_id	CHARACTER VARYING	YES				describe
gold-db-2 postgresql.gold	img_taxonomy_collection	2	ap_gold_id	CHARACTER VARYING	YES				describe
gold-db-2 postgresql.gold	img_taxonomy_collection	3	img_taxon_id	DECIMAL	YES		38	6	describe
gold-db-2 postgresql.gold	img_taxonomy_collection	4	submission_id	DECIMAL	YES		38	6	describe
gold-db-2 postgresql.gold	img_taxonomy_collection	5	genus	CHARACTER VARYING	YES				describe
gold-db-2 postgresql.gold	img_taxonomy_collection	6	species	CHARACTER VARYING	YES				describe
gold-db-2 postgresql.gold	img_taxonomy_collection	7	subspecies	CHARACTER VARYING	YES				describe
gold-db-2 postgresql.gold	img_taxonomy_collection	8	genus_count	BIGINT	YES		64	0	describe
gold-db-2 postgresql.gold	img_taxonomy_collection	9	species_count	BIGINT	YES		64	0	describe
gold-db-2 postgresql.gold	img_taxonomy_collection	10	unique_species_count	INTEGER	YES		32	0	describe
gold-db-2 postgresql.gold	institution	1	id	DECIMAL	YES		38	6	information_schema
gold-db-2 postgresql.gold	institution	2	ror_id	CHARACTER VARYING	YES	65536			information_schema
gold-db-2 postgresql.gold	institution	3	name	CHARACTER VARYING	YES	65536			information_schema
gold-db-2 postgresql.gold	institution	4	url	CHARACTER VARYING	YES	65536			information_schema
gold-db-2 postgresql.gold	institution	5	country	CHARACTER VARYING	YES	65536			information_schema
gold-db-2 postgresql.gold	institution	6	organization	CHARACTER VARYING	YES	65536			information_schema
gold-db-2 postgresql.gold	institution	7	department	CHARACTER VARYING	YES	65536			information_schema
gold-db-2 postgresql.gold	institution	8	laboratory	CHARACTER VARYING	YES	65536			information_schema
gold-db-2 postgresql.gold	institution	9	is_curated	CHARACTER VARYING	YES	65536			information_schema
gold-db-2 postgresql.gold	institution_mapping	1	raw_id	DECIMAL	YES		38	6	describe
gold-db-2 postgresql.gold	institution_mapping	2	institution_id	DECIMAL	YES		38	6	describe
gold-db-2 postgresql.gold	institution_raw	1	id	DECIMAL	YES		38	6	describe
gold-db-2 postgresql.gold	institution_raw	2	ror_id	CHARACTER VARYING	YES				describe
gold-db-2 postgresql.gold	institution_raw	3	name	CHARACTER VARYING	YES				describe
gold-db-2 postgresql.gold	its_proposal	1	its_proposal_id	DECIMAL	YES		38	6	information_schema
gold-db-2 postgresql.gold	its_proposal	2	gpts_proposal_id	DECIMAL	YES		38	6	information_schema
gold-db-2 postgresql.gold	its_proposal	3	proposal_name	CHARACTER VARYING	YES	65536			information_schema
gold-db-2 postgresql.gold	its_proposal	4	award_doi	CHARACTER VARYING	YES	65536			information_schema
gold-db-2 postgresql.gold	job	1	job_id	DECIMAL	YES		38	6	describe
gold-db-2 postgresql.gold	job	2	status	CHARACTER VARYING	YES				describe
gold-db-2 postgresql.gold	job	3	type	CHARACTER VARYING	YES				describe
gold-db-2 postgresql.gold	job	4	added_by	DECIMAL	YES		16	0	describe
gold-db-2 postgresql.gold	job	5	add_date	TIMESTAMP	YES				describe
gold-db-2 postgresql.gold	job	6	job_url	CHARACTER VARYING	YES				describe
gold-db-2 postgresql.gold	job	7	server_ip	CHARACTER VARYING	YES				describe
gold-db-2 postgresql.gold	job	8	download_excel_id	DECIMAL	YES		38	6	describe
gold-db-2 postgresql.gold	job	9	upload_excel_id	DECIMAL	YES		38	6	describe
gold-db-2 postgresql.gold	job	10	request_url	CHARACTER VARYING	YES				describe
gold-db-2 postgresql.gold	job	11	request_cookies	CHARACTER VARYING	YES				describe
gold-db-2 postgresql.gold	job	12	notes	CHARACTER VARYING	YES				describe
gold-db-2 postgresql.gold	job	13	output_log	CHARACTER VARYING	YES				describe
gold-db-2 postgresql.gold	journal	1	journal_id	DECIMAL	YES		38	0	information_schema
gold-db-2 postgresql.gold	journal	2	iso_name_abbr	CHARACTER VARYING	YES	65536			information_schema
gold-db-2 postgresql.gold	journal	3	issn_type	CHARACTER VARYING	YES	65536			information_schema
gold-db-2 postgresql.gold	journal	4	title	CHARACTER VARYING	YES	65536			information_schema
gold-db-2 postgresql.gold	journal	5	issn_value	CHARACTER VARYING	YES	65536			information_schema
gold-db-2 postgresql.gold	library	1	id	DECIMAL	YES		38	6	information_schema
gold-db-2 postgresql.gold	library	2	library_name	CHARACTER VARYING	YES	65536			information_schema
gold-db-2 postgresql.gold	library	3	sequencing_method_id	DECIMAL	YES		38	6	information_schema
gold-db-2 postgresql.gold	longhurst_code	1	term	CHARACTER VARYING	YES				describe
gold-db-2 postgresql.gold	longhurst_code	2	description	CHARACTER VARYING	YES				describe
gold-db-2 postgresql.gold	longhurst_code	3	id	DECIMAL	YES		38	6	describe
gold-db-2 postgresql.gold	longhurst_code	4	sequence	DECIMAL	YES		38	6	describe
gold-db-2 postgresql.gold	missing_permission_view	1	permission	CHARACTER VARYING	YES	65536			information_schema
gold-db-2 postgresql.gold	missing_permission_view	2	shiro_role	CHARACTER VARYING	YES	65536			information_schema
gold-db-2 postgresql.gold	missing_permission_view	3	contact_id	DECIMAL	YES		38	6	information_schema
gold-db-2 postgresql.gold	missing_permission_view	4	project_id	DECIMAL	YES		38	6	information_schema
gold-db-2 postgresql.gold	missing_permission_view	5	biosample_id	DECIMAL	YES		38	6	information_schema
gold-db-2 postgresql.gold	missing_permission_view	6	study_id	DECIMAL	YES		38	6	information_schema
gold-db-2 postgresql.gold	missing_permission_view	7	analysis_project_id	DECIMAL	YES		38	6	information_schema
gold-db-2 postgresql.gold	ncbi_anomalous_assembly	1	ncbi_uid	DECIMAL	YES		38	6	describe
gold-db-2 postgresql.gold	ncbi_anomalous_assembly	2	ncbi_assembly_accession	CHARACTER VARYING	YES				describe
gold-db-2 postgresql.gold	ncbi_anomalous_assembly	3	genbank_accession	CHARACTER VARYING	YES				describe
gold-db-2 postgresql.gold	ncbi_anomalous_assembly	4	refseq_accession	CHARACTER VARYING	YES				describe
gold-db-2 postgresql.gold	ncbi_anomalous_assembly	5	anomalous_reason	CHARACTER VARYING	YES				describe
gold-db-2 postgresql.gold	ncbi_anomalous_assembly	6	add_date	TIMESTAMP	YES				describe
gold-db-2 postgresql.gold	ncbi_assembly	1	ncbi_assembly_id	DECIMAL	YES		38	6	information_schema
gold-db-2 postgresql.gold	ncbi_assembly	2	assembly_accession	CHARACTER VARYING	YES	65536			information_schema
gold-db-2 postgresql.gold	ncbi_assembly	3	assembly_accession_no_version	CHARACTER VARYING	YES	65536			information_schema
gold-db-2 postgresql.gold	ncbi_assembly	4	bioproject	CHARACTER VARYING	YES	65536			information_schema
gold-db-2 postgresql.gold	ncbi_assembly	5	biosample	CHARACTER VARYING	YES	65536			information_schema
gold-db-2 postgresql.gold	ncbi_assembly	6	wgs_master	CHARACTER VARYING	YES	65536			information_schema
gold-db-2 postgresql.gold	ncbi_assembly	7	refseq_category	CHARACTER VARYING	YES	65536			information_schema
gold-db-2 postgresql.gold	ncbi_assembly	8	taxid	DECIMAL	YES		38	6	information_schema
gold-db-2 postgresql.gold	ncbi_assembly	9	species_taxid	DECIMAL	YES		38	6	information_schema
gold-db-2 postgresql.gold	ncbi_assembly	10	organism_name	CHARACTER VARYING	YES	65536			information_schema
gold-db-2 postgresql.gold	ncbi_assembly	11	infraspecific_name	CHARACTER VARYING	YES	65536			information_schema
gold-db-2 postgresql.gold	ncbi_assembly	12	isolate	CHARACTER VARYING	YES	65536			information_schema
gold-db-2 postgresql.gold	ncbi_assembly	13	version_status	CHARACTER VARYING	YES	65536			information_schema
gold-db-2 postgresql.gold	ncbi_assembly	14	assembly_level	CHARACTER VARYING	YES	65536			information_schema
gold-db-2 postgresql.gold	ncbi_assembly	15	release_type	CHARACTER VARYING	YES	65536			information_schema
gold-db-2 postgresql.gold	ncbi_assembly	16	genome_rep	CHARACTER VARYING	YES	65536			information_schema
gold-db-2 postgresql.gold	ncbi_assembly	17	seq_rel_date	TIMESTAMP	YES				information_schema
gold-db-2 postgresql.gold	ncbi_assembly	18	asm_name	CHARACTER VARYING	YES	65536			information_schema
gold-db-2 postgresql.gold	ncbi_assembly	19	asm_submitter	CHARACTER VARYING	YES	65536			information_schema
gold-db-2 postgresql.gold	ncbi_assembly	20	gbrs_paired_asm	CHARACTER VARYING	YES	65536			information_schema
gold-db-2 postgresql.gold	ncbi_assembly	21	paired_asm_comp	CHARACTER VARYING	YES	65536			information_schema
gold-db-2 postgresql.gold	ncbi_assembly	22	ftp_path	CHARACTER VARYING	YES	65536			information_schema
gold-db-2 postgresql.gold	ncbi_assembly	23	excluded_from_refseq	CHARACTER VARYING	YES	65536			information_schema
gold-db-2 postgresql.gold	ncbi_assembly	24	relation_to_type_material	CHARACTER VARYING	YES	65536			information_schema
gold-db-2 postgresql.gold	ncbi_assembly	25	asm_not_live_date	TIMESTAMP	YES				information_schema
gold-db-2 postgresql.gold	ncbi_assembly	26	assembly_type	CHARACTER VARYING	YES	65536			information_schema
gold-db-2 postgresql.gold	ncbi_assembly	27	group_	CHARACTER VARYING	YES	65536			information_schema
gold-db-2 postgresql.gold	ncbi_assembly	28	genome_size	DECIMAL	YES		38	6	information_schema
gold-db-2 postgresql.gold	ncbi_assembly	29	genome_size_ungapped	DECIMAL	YES		38	6	information_schema
gold-db-2 postgresql.gold	ncbi_assembly	30	gc_percent	DECIMAL	YES		38	6	information_schema
gold-db-2 postgresql.gold	ncbi_assembly	31	replicon_count	DECIMAL	YES		38	6	information_schema
gold-db-2 postgresql.gold	ncbi_assembly	32	scaffold_count	DECIMAL	YES		38	6	information_schema
gold-db-2 postgresql.gold	ncbi_assembly	33	contig_count	DECIMAL	YES		38	6	information_schema
gold-db-2 postgresql.gold	ncbi_assembly	34	annotation_provider	CHARACTER VARYING	YES	65536			information_schema
gold-db-2 postgresql.gold	ncbi_assembly	35	annotation_name	CHARACTER VARYING	YES	65536			information_schema
gold-db-2 postgresql.gold	ncbi_assembly	36	annotation_date	TIMESTAMP	YES				information_schema
gold-db-2 postgresql.gold	ncbi_assembly	37	total_gene_count	DECIMAL	YES		38	6	information_schema
gold-db-2 postgresql.gold	ncbi_assembly	38	protein_coding_gene_count	DECIMAL	YES		38	6	information_schema
gold-db-2 postgresql.gold	ncbi_assembly	39	non_coding_gene_count	DECIMAL	YES		38	6	information_schema
gold-db-2 postgresql.gold	ncbi_assembly	40	pubmed_id	CHARACTER VARYING	YES	65536			information_schema
gold-db-2 postgresql.gold	ncbi_assembly	41	assembly_method	CHARACTER VARYING	YES	65536			information_schema
gold-db-2 postgresql.gold	ncbi_assembly	42	expected_final_version	CHARACTER VARYING	YES	65536			information_schema
gold-db-2 postgresql.gold	ncbi_assembly	43	genome_coverage	CHARACTER VARYING	YES	65536			information_schema
gold-db-2 postgresql.gold	ncbi_assembly	44	sequencing_technology	CHARACTER VARYING	YES	65536			information_schema
gold-db-2 postgresql.gold	ncbi_assembly	45	refseq_assembly_accession	CHARACTER VARYING	YES	65536			information_schema
gold-db-2 postgresql.gold	ncbi_assembly	46	genbank_json	CHARACTER VARYING	YES	65536			information_schema
gold-db-2 postgresql.gold	ncbi_bioproject	1	ncbi_bioproject_id	DECIMAL	YES		38	6	information_schema
gold-db-2 postgresql.gold	ncbi_bioproject	2	ncbi_bioproject_accession	CHARACTER VARYING	YES	65536			information_schema
gold-db-2 postgresql.gold	ncbi_bioproject	3	name	CHARACTER VARYING	YES	65536			information_schema
gold-db-2 postgresql.gold	ncbi_biosample_habitat	1	id	DECIMAL	YES		38	6	information_schema
gold-db-2 postgresql.gold	ncbi_biosample_habitat	2	ncbi_biosample_id	DECIMAL	YES		38	6	information_schema
gold-db-2 postgresql.gold	ncbi_biosample_habitat	3	habitat	CHARACTER VARYING	YES	65536			information_schema
gold-db-2 postgresql.gold	ncbi_biosample_habitat	4	attribute_name	CHARACTER VARYING	YES	65536			information_schema
gold-db-2 postgresql.gold	ncbi_biosample_habitat	5	attribute_value	CHARACTER VARYING	YES	65536			information_schema
gold-db-2 postgresql.gold	ncbi_genbank	1	ncbi_genbank_id	DECIMAL	YES		38	6	information_schema
gold-db-2 postgresql.gold	ncbi_genbank	2	type	CHARACTER VARYING	YES	65536			information_schema
gold-db-2 postgresql.gold	ncbi_genbank	3	source	CHARACTER VARYING	YES	65536			information_schema
gold-db-2 postgresql.gold	ncbi_genbank	4	genbank_id	CHARACTER VARYING	YES	65536			information_schema
gold-db-2 postgresql.gold	ncbi_genbank	5	genbank_accession	CHARACTER VARYING	YES	65536			information_schema
gold-db-2 postgresql.gold	ncbi_genbank	6	genbank_accession_no_version	CHARACTER VARYING	YES	65536			information_schema
gold-db-2 postgresql.gold	ncbi_genbank	7	ncbi_assembly_id	DECIMAL	YES		38	6	information_schema
gold-db-2 postgresql.gold	ncbi_prok_ref_sep2025	1	assembly_accession_mod	CHARACTER VARYING	YES				describe
gold-db-2 postgresql.gold	ncbi_prok_ref_sep2025	2	assembly_accession	CHARACTER VARYING	YES				describe
gold-db-2 postgresql.gold	ncbi_prok_ref_sep2025	3	bioproject_accession	CHARACTER VARYING	YES				describe
gold-db-2 postgresql.gold	ncbi_prok_ref_sep2025	4	biosample_accession	CHARACTER VARYING	YES				describe
gold-db-2 postgresql.gold	ncbi_prok_ref_sep2025	5	assembly_name	CHARACTER VARYING	YES				describe
gold-db-2 postgresql.gold	ncbi_prok_ref_sep2025	6	organism_name	CHARACTER VARYING	YES				describe
gold-db-2 postgresql.gold	ncbi_prok_ref_sep2025	7	ncbi_taxonomy_id	DECIMAL	YES		38	6	describe
gold-db-2 postgresql.gold	ncbi_prok_ref_sep2025	8	infraspecific_names_strain	CHARACTER VARYING	YES				describe
gold-db-2 postgresql.gold	ncbi_prok_ref_sep2025	9	infraspecific_names_ecotype	CHARACTER VARYING	YES				describe
gold-db-2 postgresql.gold	ncbi_prok_ref_sep2025	10	infraspecific_names_isolate	CHARACTER VARYING	YES				describe
gold-db-2 postgresql.gold	ncbi_prok_ref_sep2025	11	assembly_stats_total_number_of_chromosomes	DECIMAL	YES		38	6	describe
gold-db-2 postgresql.gold	ncbi_prok_ref_sep2025	12	assembly_release_date	TIMESTAMP	YES				describe
gold-db-2 postgresql.gold	ncbi_prok_ref_sep2025	13	wgs_project_accession	CHARACTER VARYING	YES				describe
gold-db-2 postgresql.gold	ncbi_prok_ref_sep2025	14	sequencing_technology	CHARACTER VARYING	YES				describe
gold-db-2 postgresql.gold	ncbi_prok_ref_sep2025	15	type_material_display_text	CHARACTER VARYING	YES				describe
gold-db-2 postgresql.gold	ncbi_raw_bioproject	1	ncbi_bioproject_id	DECIMAL	YES		38	0	information_schema
gold-db-2 postgresql.gold	ncbi_raw_bioproject	2	ncbi_bioproject_accession	CHARACTER VARYING	YES	65536			information_schema
gold-db-2 postgresql.gold	ncbi_raw_bioproject	3	mod_date	TIMESTAMP	YES				information_schema
gold-db-2 postgresql.gold	ncbi_raw_bioproject	4	xml_body	CHARACTER VARYING	YES	65536			information_schema
gold-db-2 postgresql.gold	ncbi_raw_bioproject	5	description	CHARACTER VARYING	YES	65536			information_schema
gold-db-2 postgresql.gold	ncbi_raw_bioproject	6	name	CHARACTER VARYING	YES	65536			information_schema
gold-db-2 postgresql.gold	ncbi_raw_bioproject	7	title	CHARACTER VARYING	YES	65536			information_schema
gold-db-2 postgresql.gold	ncbi_raw_bioproject	8	ncbi_tax_id	DECIMAL	YES		38	6	information_schema
gold-db-2 postgresql.gold	ncbi_raw_bioproject	9	capture	CHARACTER VARYING	YES	65536			information_schema
gold-db-2 postgresql.gold	ncbi_raw_bioproject	10	material	CHARACTER VARYING	YES	65536			information_schema
gold-db-2 postgresql.gold	ncbi_raw_bioproject	11	sample_scope	CHARACTER VARYING	YES	65536			information_schema
gold-db-2 postgresql.gold	ncbi_raw_bioproject	12	data_type	CHARACTER VARYING	YES	65536			information_schema
gold-db-2 postgresql.gold	ncbi_raw_bioproject_biosample	1	ncbi_bioproject_id	DECIMAL	YES		38	6	describe
gold-db-2 postgresql.gold	ncbi_raw_bioproject_biosample	2	ncbi_biosample_id	DECIMAL	YES		38	6	describe
gold-db-2 postgresql.gold	ncbi_raw_bioproject_biosample	3	mod_date	TIMESTAMP	YES				describe
gold-db-2 postgresql.gold	ncbi_raw_bioproject_biosample_2025_06_05_backup	1	ncbi_bioproject_id	DECIMAL	YES		38	6	describe
gold-db-2 postgresql.gold	ncbi_raw_bioproject_biosample_2025_06_05_backup	2	ncbi_biosample_id	DECIMAL	YES		38	6	describe
gold-db-2 postgresql.gold	ncbi_raw_bioproject_biosample_2025_06_05_backup	3	mod_date	TIMESTAMP	YES				describe
gold-db-2 postgresql.gold	ncbi_raw_bioproject_pubmed	1	ncbi_bioproject_id	DECIMAL	YES		38	6	describe
gold-db-2 postgresql.gold	ncbi_raw_bioproject_pubmed	2	type	CHARACTER VARYING	YES				describe
gold-db-2 postgresql.gold	ncbi_raw_bioproject_pubmed	3	id	CHARACTER VARYING	YES				describe
gold-db-2 postgresql.gold	ncbi_raw_biosample	1	ncbi_biosample_id	DECIMAL	YES		38	0	information_schema
gold-db-2 postgresql.gold	ncbi_raw_biosample	2	ncbi_biosample_accession	CHARACTER VARYING	YES	65536			information_schema
gold-db-2 postgresql.gold	ncbi_raw_biosample	3	mod_date	TIMESTAMP	YES				information_schema
gold-db-2 postgresql.gold	ncbi_raw_biosample	4	xml_body	CHARACTER VARYING	YES	65536			information_schema
gold-db-2 postgresql.gold	ncbi_raw_biosample	5	title	CHARACTER VARYING	YES	65536			information_schema
gold-db-2 postgresql.gold	ncbi_raw_biosample	6	description	CHARACTER VARYING	YES	65536			information_schema
gold-db-2 postgresql.gold	ncbi_raw_biosample	7	ncbi_tax_id	DECIMAL	YES		38	6	information_schema
gold-db-2 postgresql.gold	ncbi_raw_biosample	8	contact_name	CHARACTER VARYING	YES	65536			information_schema
gold-db-2 postgresql.gold	ncbi_raw_biosample	9	migs_package	CHARACTER VARYING	YES	65536			information_schema
gold-db-2 postgresql.gold	ncbi_raw_biosample	10	migs_model	CHARACTER VARYING	YES	65536			information_schema
gold-db-2 postgresql.gold	ncbi_raw_biosample	11	submission_date	TIMESTAMP	YES				information_schema
gold-db-2 postgresql.gold	ncbi_raw_biosample	12	attributes_delimited_list	CHARACTER VARYING	YES	65536			information_schema
gold-db-2 postgresql.gold	ncbi_raw_biosample	13	is_gfm	CHARACTER VARYING	YES	65536			information_schema
gold-db-2 postgresql.gold	ncbi_raw_pubmed	1	pubmed_id	CHARACTER VARYING	YES	65536			information_schema
gold-db-2 postgresql.gold	ncbi_raw_pubmed	2	xml_body	CHARACTER VARYING	YES	65536			information_schema
gold-db-2 postgresql.gold	ncbi_raw_sra_experiment	1	sra_id	CHARACTER VARYING	YES	65536			information_schema
gold-db-2 postgresql.gold	ncbi_raw_sra_experiment	2	title	CHARACTER VARYING	YES	65536			information_schema
gold-db-2 postgresql.gold	ncbi_raw_sra_experiment	3	external_id	CHARACTER VARYING	YES	65536			information_schema
gold-db-2 postgresql.gold	ncbi_raw_sra_experiment	4	mod_date	TIMESTAMP	YES				information_schema
gold-db-2 postgresql.gold	ncbi_raw_sra_experiment	5	alias	CHARACTER VARYING	YES	65536			information_schema
gold-db-2 postgresql.gold	ncbi_raw_sra_experiment	6	description	CHARACTER VARYING	YES	65536			information_schema
gold-db-2 postgresql.gold	ncbi_raw_sra_experiment	7	xml_body	CHARACTER VARYING	YES	65536			information_schema
gold-db-2 postgresql.gold	ncbi_raw_sra_experiment	8	sra_study_id	CHARACTER VARYING	YES	65536			information_schema
gold-db-2 postgresql.gold	ncbi_raw_sra_experiment	9	sra_sample_id	CHARACTER VARYING	YES	65536			information_schema
gold-db-2 postgresql.gold	ncbi_raw_sra_experiment	10	library_name	CHARACTER VARYING	YES	65536			information_schema
gold-db-2 postgresql.gold	ncbi_raw_sra_experiment	11	library_instrument	CHARACTER VARYING	YES	65536			information_schema
gold-db-2 postgresql.gold	ncbi_raw_sra_experiment	12	library_strategy	CHARACTER VARYING	YES	65536			information_schema
gold-db-2 postgresql.gold	ncbi_raw_sra_experiment	13	library_source	CHARACTER VARYING	YES	65536			information_schema
gold-db-2 postgresql.gold	ncbi_raw_sra_experiment	14	library_selection	CHARACTER VARYING	YES	65536			information_schema
gold-db-2 postgresql.gold	ncbi_raw_sra_experiment	15	library_layout	CHARACTER VARYING	YES	65536			information_schema
gold-db-2 postgresql.gold	ncbi_raw_sra_experiment	16	publication_date	TIMESTAMP	YES				information_schema
gold-db-2 postgresql.gold	ncbi_raw_sra_experiment	17	spot_length	DECIMAL	YES		38	6	information_schema
gold-db-2 postgresql.gold	ncbi_raw_sra_experiment	18	is_test	CHARACTER VARYING	YES	65536			information_schema
gold-db-2 postgresql.gold	ncbi_raw_sra_experiment	19	is_public	CHARACTER VARYING	YES	65536			information_schema
gold-db-2 postgresql.gold	ncbi_raw_sra_run	1	sra_id	CHARACTER VARYING	YES	65536			information_schema
gold-db-2 postgresql.gold	ncbi_raw_sra_run	2	title	CHARACTER VARYING	YES	65536			information_schema
gold-db-2 postgresql.gold	ncbi_raw_sra_run	3	external_id	CHARACTER VARYING	YES	65536			information_schema
gold-db-2 postgresql.gold	ncbi_raw_sra_run	4	mod_date	TIMESTAMP	YES				information_schema
gold-db-2 postgresql.gold	ncbi_raw_sra_run	5	alias	CHARACTER VARYING	YES	65536			information_schema
gold-db-2 postgresql.gold	ncbi_raw_sra_run	6	description	CHARACTER VARYING	YES	65536			information_schema
gold-db-2 postgresql.gold	ncbi_raw_sra_run	7	xml_body	CHARACTER VARYING	YES	65536			information_schema
gold-db-2 postgresql.gold	ncbi_raw_sra_run	8	sra_experiment_id	CHARACTER VARYING	YES	65536			information_schema
gold-db-2 postgresql.gold	ncbi_raw_sra_run	9	run_spots	DECIMAL	YES		38	6	information_schema
gold-db-2 postgresql.gold	ncbi_raw_sra_run	10	run_bases	DECIMAL	YES		38	6	information_schema
gold-db-2 postgresql.gold	ncbi_raw_sra_run	11	run_size	DECIMAL	YES		38	6	information_schema
gold-db-2 postgresql.gold	ncbi_raw_sra_run	12	publication_date	TIMESTAMP	YES				information_schema
gold-db-2 postgresql.gold	ncbi_raw_sra_run	13	is_test	CHARACTER VARYING	YES	65536			information_schema
gold-db-2 postgresql.gold	ncbi_raw_sra_run	14	is_public	CHARACTER VARYING	YES	65536			information_schema
gold-db-2 postgresql.gold	ncbi_raw_sra_sample	1	sra_id	CHARACTER VARYING	YES	65536			information_schema
gold-db-2 postgresql.gold	ncbi_raw_sra_sample	2	title	CHARACTER VARYING	YES	65536			information_schema
gold-db-2 postgresql.gold	ncbi_raw_sra_sample	3	external_id	CHARACTER VARYING	YES	65536			information_schema
gold-db-2 postgresql.gold	ncbi_raw_sra_sample	4	mod_date	TIMESTAMP	YES				information_schema
gold-db-2 postgresql.gold	ncbi_raw_sra_sample	5	alias	CHARACTER VARYING	YES	65536			information_schema
gold-db-2 postgresql.gold	ncbi_raw_sra_sample	6	description	CHARACTER VARYING	YES	65536			information_schema
gold-db-2 postgresql.gold	ncbi_raw_sra_sample	7	xml_body	CHARACTER VARYING	YES	65536			information_schema
gold-db-2 postgresql.gold	ncbi_raw_sra_sample	8	publication_date	TIMESTAMP	YES				information_schema
gold-db-2 postgresql.gold	ncbi_raw_sra_sample	9	attributes_delimited_list	CHARACTER VARYING	YES	65536			information_schema
gold-db-2 postgresql.gold	ncbi_raw_sra_sample	10	ncbi_tax_id	DECIMAL	YES		38	6	information_schema
gold-db-2 postgresql.gold	ncbi_raw_sra_sample	11	scientific_name	CHARACTER VARYING	YES	65536			information_schema
gold-db-2 postgresql.gold	ncbi_raw_sra_sample	12	is_test	CHARACTER VARYING	YES	65536			information_schema
gold-db-2 postgresql.gold	ncbi_raw_sra_sample	13	is_public	CHARACTER VARYING	YES	65536			information_schema
gold-db-2 postgresql.gold	ncbi_raw_sra_study	1	sra_id	CHARACTER VARYING	YES	65536			information_schema
gold-db-2 postgresql.gold	ncbi_raw_sra_study	2	title	CHARACTER VARYING	YES	65536			information_schema
gold-db-2 postgresql.gold	ncbi_raw_sra_study	3	external_id	CHARACTER VARYING	YES	65536			information_schema
gold-db-2 postgresql.gold	ncbi_raw_sra_study	4	mod_date	TIMESTAMP	YES				information_schema
gold-db-2 postgresql.gold	ncbi_raw_sra_study	5	alias	CHARACTER VARYING	YES	65536			information_schema
gold-db-2 postgresql.gold	ncbi_raw_sra_study	6	description	CHARACTER VARYING	YES	65536			information_schema
gold-db-2 postgresql.gold	ncbi_raw_sra_study	7	xml_body	CHARACTER VARYING	YES	65536			information_schema
gold-db-2 postgresql.gold	ncbi_raw_sra_study	8	publication_date	TIMESTAMP	YES				information_schema
gold-db-2 postgresql.gold	ncbi_raw_sra_study	9	is_test	CHARACTER VARYING	YES	65536			information_schema
gold-db-2 postgresql.gold	ncbi_raw_sra_study	10	is_public	CHARACTER VARYING	YES	65536			information_schema
gold-db-2 postgresql.gold	ncbi_sra_view	1	srx_id	CHARACTER VARYING	YES				describe
gold-db-2 postgresql.gold	ncbi_sra_view	2	srx_title	CHARACTER VARYING	YES				describe
gold-db-2 postgresql.gold	ncbi_sra_view	3	srx_external_id	CHARACTER VARYING	YES				describe
gold-db-2 postgresql.gold	ncbi_sra_view	4	srx_mod_date	DATE	YES				describe
gold-db-2 postgresql.gold	ncbi_sra_view	5	sra_srx_alias	CHARACTER VARYING	YES				describe
gold-db-2 postgresql.gold	ncbi_sra_view	6	srx_description	CHARACTER VARYING	YES				describe
gold-db-2 postgresql.gold	ncbi_sra_view	7	srx_library_name	CHARACTER VARYING	YES				describe
gold-db-2 postgresql.gold	ncbi_sra_view	8	srx_library_instrument	CHARACTER VARYING	YES				describe
gold-db-2 postgresql.gold	ncbi_sra_view	9	srx_library_strategy	CHARACTER VARYING	YES				describe
gold-db-2 postgresql.gold	ncbi_sra_view	10	srx_library_source	CHARACTER VARYING	YES				describe
gold-db-2 postgresql.gold	ncbi_sra_view	11	srx_library_selection	CHARACTER VARYING	YES				describe
gold-db-2 postgresql.gold	ncbi_sra_view	12	srx_library_layout	CHARACTER VARYING	YES				describe
gold-db-2 postgresql.gold	ncbi_sra_view	13	srx_publication_date	DATE	YES				describe
gold-db-2 postgresql.gold	ncbi_sra_view	14	srx_spot_length	DECIMAL	YES		38	6	describe
gold-db-2 postgresql.gold	ncbi_sra_view	15	is_test	CHARACTER VARYING	YES				describe
gold-db-2 postgresql.gold	ncbi_sra_view	16	is_public	CHARACTER VARYING	YES				describe
gold-db-2 postgresql.gold	ncbi_sra_view	17	srs_id	CHARACTER VARYING	YES				describe
gold-db-2 postgresql.gold	ncbi_sra_view	18	srs_title	CHARACTER VARYING	YES				describe
gold-db-2 postgresql.gold	ncbi_sra_view	19	srs_external_id	CHARACTER VARYING	YES				describe
gold-db-2 postgresql.gold	ncbi_sra_view	20	srs_mod_date	DATE	YES				describe
gold-db-2 postgresql.gold	ncbi_sra_view	21	srs_alias	CHARACTER VARYING	YES				describe
gold-db-2 postgresql.gold	ncbi_sra_view	22	srs_description	CHARACTER VARYING	YES				describe
gold-db-2 postgresql.gold	ncbi_sra_view	23	srs_publication_date	DATE	YES				describe
gold-db-2 postgresql.gold	ncbi_sra_view	24	sra_ncbi_tax_id	DECIMAL	YES		38	6	describe
gold-db-2 postgresql.gold	ncbi_sra_view	25	srs_scientific_name	CHARACTER VARYING	YES				describe
gold-db-2 postgresql.gold	ncbi_sra_view	26	srp_id	CHARACTER VARYING	YES				describe
gold-db-2 postgresql.gold	ncbi_sra_view	27	srp_title	CHARACTER VARYING	YES				describe
gold-db-2 postgresql.gold	ncbi_sra_view	28	srp_external_id	CHARACTER VARYING	YES				describe
gold-db-2 postgresql.gold	ncbi_sra_view	29	srp_mod_date	DATE	YES				describe
gold-db-2 postgresql.gold	ncbi_sra_view	30	srp_alias	CHARACTER VARYING	YES				describe
gold-db-2 postgresql.gold	ncbi_sra_view	31	srp_description	CHARACTER VARYING	YES				describe
gold-db-2 postgresql.gold	ncbi_sra_view	32	srp_publication_date	DATE	YES				describe
gold-db-2 postgresql.gold	ncbi_sra_view	33	project_gold_id	CHARACTER VARYING	YES				describe
gold-db-2 postgresql.gold	ncbi_sra_view_old	1	srx_id	CHARACTER VARYING	YES				describe
gold-db-2 postgresql.gold	ncbi_sra_view_old	2	srx_title	CHARACTER VARYING	YES				describe
gold-db-2 postgresql.gold	ncbi_sra_view_old	3	srx_external_id	CHARACTER VARYING	YES				describe
gold-db-2 postgresql.gold	ncbi_sra_view_old	4	srx_mod_date	DATE	YES				describe
gold-db-2 postgresql.gold	ncbi_sra_view_old	5	sra_srx_alias	CHARACTER VARYING	YES				describe
gold-db-2 postgresql.gold	ncbi_sra_view_old	6	srx_description	CHARACTER VARYING	YES				describe
gold-db-2 postgresql.gold	ncbi_sra_view_old	7	srx_library_name	CHARACTER VARYING	YES				describe
gold-db-2 postgresql.gold	ncbi_sra_view_old	8	srx_library_instrument	CHARACTER VARYING	YES				describe
gold-db-2 postgresql.gold	ncbi_sra_view_old	9	srx_library_strategy	CHARACTER VARYING	YES				describe
gold-db-2 postgresql.gold	ncbi_sra_view_old	10	srx_library_source	CHARACTER VARYING	YES				describe
gold-db-2 postgresql.gold	ncbi_sra_view_old	11	srx_library_selection	CHARACTER VARYING	YES				describe
gold-db-2 postgresql.gold	ncbi_sra_view_old	12	srx_library_layout	CHARACTER VARYING	YES				describe
gold-db-2 postgresql.gold	ncbi_sra_view_old	13	srx_publication_date	DATE	YES				describe
gold-db-2 postgresql.gold	ncbi_sra_view_old	14	srx_spot_length	DECIMAL	YES		38	6	describe
gold-db-2 postgresql.gold	ncbi_sra_view_old	15	is_test	CHARACTER VARYING	YES				describe
gold-db-2 postgresql.gold	ncbi_sra_view_old	16	is_public	CHARACTER VARYING	YES				describe
gold-db-2 postgresql.gold	ncbi_sra_view_old	17	srs_id	CHARACTER VARYING	YES				describe
gold-db-2 postgresql.gold	ncbi_sra_view_old	18	srs_title	CHARACTER VARYING	YES				describe
gold-db-2 postgresql.gold	ncbi_sra_view_old	19	srs_external_id	CHARACTER VARYING	YES				describe
gold-db-2 postgresql.gold	ncbi_sra_view_old	20	srs_mod_date	DATE	YES				describe
gold-db-2 postgresql.gold	ncbi_sra_view_old	21	srs_alias	CHARACTER VARYING	YES				describe
gold-db-2 postgresql.gold	ncbi_sra_view_old	22	srs_description	CHARACTER VARYING	YES				describe
gold-db-2 postgresql.gold	ncbi_sra_view_old	23	srs_publication_date	DATE	YES				describe
gold-db-2 postgresql.gold	ncbi_sra_view_old	24	sra_ncbi_tax_id	DECIMAL	YES		38	6	describe
gold-db-2 postgresql.gold	ncbi_sra_view_old	25	srs_scientific_name	CHARACTER VARYING	YES				describe
gold-db-2 postgresql.gold	ncbi_sra_view_old	26	srp_id	CHARACTER VARYING	YES				describe
gold-db-2 postgresql.gold	ncbi_sra_view_old	27	srp_title	CHARACTER VARYING	YES				describe
gold-db-2 postgresql.gold	ncbi_sra_view_old	28	srp_external_id	CHARACTER VARYING	YES				describe
gold-db-2 postgresql.gold	ncbi_sra_view_old	29	srp_mod_date	DATE	YES				describe
gold-db-2 postgresql.gold	ncbi_sra_view_old	30	srp_alias	CHARACTER VARYING	YES				describe
gold-db-2 postgresql.gold	ncbi_sra_view_old	31	srp_description	CHARACTER VARYING	YES				describe
gold-db-2 postgresql.gold	ncbi_sra_view_old	32	srp_publication_date	DATE	YES				describe
gold-db-2 postgresql.gold	ncbi_sra_view_old	33	project_gold_id	CHARACTER VARYING	YES				describe
gold-db-2 postgresql.gold	ncbi_taxonomy	1	ncbi_tax_id	DECIMAL	YES		38	6	information_schema
gold-db-2 postgresql.gold	ncbi_taxonomy	2	parent_ncbi_tax_id	DECIMAL	YES		38	6	information_schema
gold-db-2 postgresql.gold	ncbi_taxonomy	3	ncbi_superkingdom	CHARACTER VARYING	YES	65536			information_schema
gold-db-2 postgresql.gold	ncbi_taxonomy	4	ncbi_kingdom	CHARACTER VARYING	YES	65536			information_schema
gold-db-2 postgresql.gold	ncbi_taxonomy	5	ncbi_phylum	CHARACTER VARYING	YES	65536			information_schema
gold-db-2 postgresql.gold	ncbi_taxonomy	6	ncbi_class	CHARACTER VARYING	YES	65536			information_schema
gold-db-2 postgresql.gold	ncbi_taxonomy	7	ncbi_order	CHARACTER VARYING	YES	65536			information_schema
gold-db-2 postgresql.gold	ncbi_taxonomy	8	ncbi_family	CHARACTER VARYING	YES	65536			information_schema
gold-db-2 postgresql.gold	ncbi_taxonomy	9	ncbi_genus	CHARACTER VARYING	YES	65536			information_schema
gold-db-2 postgresql.gold	ncbi_taxonomy	10	ncbi_species	CHARACTER VARYING	YES	65536			information_schema
gold-db-2 postgresql.gold	ncbi_taxonomy	11	scientific_name	CHARACTER VARYING	YES	65536			information_schema
gold-db-2 postgresql.gold	ncbi_taxonomy	12	rank	CHARACTER VARYING	YES	65536			information_schema
gold-db-2 postgresql.gold	ncbi_taxonomy	13	replacement_ncbi_tax_id	DECIMAL	YES		38	6	information_schema
gold-db-2 postgresql.gold	ncbi_taxonomy	14	deleted	CHARACTER VARYING	YES	65536			information_schema
gold-db-2 postgresql.gold	ncbi_taxonomy	15	lineage	CHARACTER VARYING	YES	65536			information_schema
gold-db-2 postgresql.gold	ncbi_taxonomy	16	lineage_with_ranks	CHARACTER VARYING	YES	65536			information_schema
gold-db-2 postgresql.gold	ncbi_taxonomy_type_material	1	ncbi_tax_id	DECIMAL	YES		38	6	information_schema
gold-db-2 postgresql.gold	ncbi_taxonomy_type_material	2	type_material	CHARACTER VARYING	YES	65536			information_schema
gold-db-2 postgresql.gold	ncbigold_project_counts	1	count_id	DECIMAL	YES		38	6	information_schema
gold-db-2 postgresql.gold	ncbigold_project_counts	2	date_added	TIMESTAMP	YES				information_schema
gold-db-2 postgresql.gold	ncbigold_project_counts	3	json_string	CHARACTER VARYING	YES	65536			information_schema
gold-db-2 postgresql.gold	ncbigold_project_counts	4	ncbi_prok	DECIMAL	YES		38	6	information_schema
gold-db-2 postgresql.gold	ncbigold_project_counts	5	ncbi_euk	DECIMAL	YES		38	6	information_schema
gold-db-2 postgresql.gold	ncbigold_project_counts	6	ncbi_viruses	DECIMAL	YES		38	6	information_schema
gold-db-2 postgresql.gold	ncbigold_project_counts	7	ncbi_metagenomes	DECIMAL	YES		38	6	information_schema
gold-db-2 postgresql.gold	ncbigold_project_counts	8	ncbi_metatrans	DECIMAL	YES		38	6	information_schema
gold-db-2 postgresql.gold	ncbigold_project_counts	9	gold_prok	DECIMAL	YES		38	6	information_schema
gold-db-2 postgresql.gold	ncbigold_project_counts	10	gold_euk	DECIMAL	YES		38	6	information_schema
gold-db-2 postgresql.gold	ncbigold_project_counts	11	gold_viruses	DECIMAL	YES		38	6	information_schema
gold-db-2 postgresql.gold	ncbigold_project_counts	12	gold_metagenomes	DECIMAL	YES		38	6	information_schema
gold-db-2 postgresql.gold	ncbigold_project_counts	13	gold_metatrans	DECIMAL	YES		38	6	information_schema
gold-db-2 postgresql.gold	ncbigold_project_counts	14	img_prok	DECIMAL	YES		38	6	information_schema
gold-db-2 postgresql.gold	ncbigold_project_counts	15	img_euk	DECIMAL	YES		38	6	information_schema
gold-db-2 postgresql.gold	ncbigold_project_counts	16	img_viruses	DECIMAL	YES		38	6	information_schema
gold-db-2 postgresql.gold	ncbigold_project_counts	17	img_metagenomes	DECIMAL	YES		38	6	information_schema
gold-db-2 postgresql.gold	ncbigold_project_counts	18	img_metatrans	DECIMAL	YES		38	6	information_schema
gold-db-2 postgresql.gold	organism_biotic_rel	1	organism_id	DECIMAL	YES		38	0	information_schema
gold-db-2 postgresql.gold	organism_biotic_rel	2	biotic_relationship_id	DECIMAL	YES		38	0	information_schema
gold-db-2 postgresql.gold	organism_body_product	1	organism_id	DECIMAL	YES		38	0	information_schema
gold-db-2 postgresql.gold	organism_body_product	2	body_product_id	DECIMAL	YES		38	0	information_schema
gold-db-2 postgresql.gold	organism_cell_arrangement	1	organism_id	DECIMAL	YES		38	0	information_schema
gold-db-2 postgresql.gold	organism_cell_arrangement	2	cell_arrangement_id	DECIMAL	YES		38	0	information_schema
gold-db-2 postgresql.gold	organism_disease	1	organism_id	DECIMAL	YES		38	0	information_schema
gold-db-2 postgresql.gold	organism_disease	2	disease_id	DECIMAL	YES		38	0	information_schema
gold-db-2 postgresql.gold	organism_energy_source	1	organism_id	DECIMAL	YES		38	0	information_schema
gold-db-2 postgresql.gold	organism_energy_source	2	energy_source_id	DECIMAL	YES		38	0	information_schema
gold-db-2 postgresql.gold	organism_habitat	1	organism_id	DECIMAL	YES		38	0	information_schema
gold-db-2 postgresql.gold	organism_habitat	2	habitat_id	DECIMAL	YES		38	0	information_schema
gold-db-2 postgresql.gold	organism_metabolism	1	organism_id	DECIMAL	YES		38	0	information_schema
gold-db-2 postgresql.gold	organism_metabolism	2	metabolism_id	DECIMAL	YES		38	0	information_schema
gold-db-2 postgresql.gold	organism_phenotype	1	organism_id	DECIMAL	YES		38	0	information_schema
gold-db-2 postgresql.gold	organism_phenotype	2	phenotype_id	DECIMAL	YES		38	0	information_schema
gold-db-2 postgresql.gold	organism_v2	1	organism_id	DECIMAL	YES		38	0	information_schema
gold-db-2 postgresql.gold	organism_v2	2	active	CHARACTER VARYING	YES	65536			information_schema
gold-db-2 postgresql.gold	organism_v2	3	is_public	CHARACTER VARYING	YES	65536			information_schema
gold-db-2 postgresql.gold	organism_v2	4	add_date	TIMESTAMP	YES				information_schema
gold-db-2 postgresql.gold	organism_v2	5	mod_date	TIMESTAMP	YES				information_schema
gold-db-2 postgresql.gold	organism_v2	6	mod_by	DECIMAL	YES		38	0	information_schema
gold-db-2 postgresql.gold	organism_v2	7	gold_id	CHARACTER VARYING	YES	65536			information_schema
gold-db-2 postgresql.gold	organism_v2	8	organism_name	CHARACTER VARYING	YES	65536			information_schema
gold-db-2 postgresql.gold	organism_v2	9	genus	CHARACTER VARYING	YES	65536			information_schema
gold-db-2 postgresql.gold	organism_v2	10	species	CHARACTER VARYING	YES	65536			information_schema
gold-db-2 postgresql.gold	organism_v2	11	subspecies	CHARACTER VARYING	YES	65536			information_schema
gold-db-2 postgresql.gold	organism_v2	12	strain	CHARACTER VARYING	YES	65536			information_schema
gold-db-2 postgresql.gold	organism_v2	13	serovar	CHARACTER VARYING	YES	65536			information_schema
gold-db-2 postgresql.gold	organism_v2	14	culture_collection_id	CHARACTER VARYING	YES	65536			information_schema
gold-db-2 postgresql.gold	organism_v2	15	type_strain	CHARACTER VARYING	YES	65536			information_schema
gold-db-2 postgresql.gold	organism_v2	16	domain	CHARACTER VARYING	YES	65536			information_schema
gold-db-2 postgresql.gold	organism_v2	17	gold_phylogeny	CHARACTER VARYING	YES	65536			information_schema
gold-db-2 postgresql.gold	organism_v2	18	ncbi_taxonomy_id	DECIMAL	YES		20	0	information_schema
gold-db-2 postgresql.gold	organism_v2	19	ncbi_taxonomy_name	CHARACTER VARYING	YES	65536			information_schema
gold-db-2 postgresql.gold	organism_v2	20	ncbi_superkingdom	CHARACTER VARYING	YES	65536			information_schema
gold-db-2 postgresql.gold	organism_v2	21	ncbi_kingdom	CHARACTER VARYING	YES	65536			information_schema
gold-db-2 postgresql.gold	organism_v2	22	ncbi_phylum	CHARACTER VARYING	YES	65536			information_schema
gold-db-2 postgresql.gold	organism_v2	23	ncbi_class	CHARACTER VARYING	YES	65536			information_schema
gold-db-2 postgresql.gold	organism_v2	24	ncbi_order	CHARACTER VARYING	YES	65536			information_schema
gold-db-2 postgresql.gold	organism_v2	25	ncbi_family	CHARACTER VARYING	YES	65536			information_schema
gold-db-2 postgresql.gold	organism_v2	26	ncbi_genus	CHARACTER VARYING	YES	65536			information_schema
gold-db-2 postgresql.gold	organism_v2	27	ncbi_species	CHARACTER VARYING	YES	65536			information_schema
gold-db-2 postgresql.gold	organism_v2	28	genbank_16s_id	CHARACTER VARYING	YES	65536			information_schema
gold-db-2 postgresql.gold	organism_v2	29	clade	CHARACTER VARYING	YES	65536			information_schema
gold-db-2 postgresql.gold	organism_v2	30	tax_class_method	CHARACTER VARYING	YES	65536			information_schema
gold-db-2 postgresql.gold	organism_v2	31	organism_type	CHARACTER VARYING	YES	65536			information_schema
gold-db-2 postgresql.gold	organism_v2	32	cultured	CHARACTER VARYING	YES	65536			information_schema
gold-db-2 postgresql.gold	organism_v2	33	culture_type	CHARACTER VARYING	YES	65536			information_schema
gold-db-2 postgresql.gold	organism_v2	34	uncultured_type	CHARACTER VARYING	YES	65536			information_schema
gold-db-2 postgresql.gold	organism_v2	35	other_names	CHARACTER VARYING	YES	65536			information_schema
gold-db-2 postgresql.gold	organism_v2	36	genus_synonyms	CHARACTER VARYING	YES	65536			information_schema
gold-db-2 postgresql.gold	organism_v2	37	species_synonyms	CHARACTER VARYING	YES	65536			information_schema
gold-db-2 postgresql.gold	organism_v2	38	ecotype	CHARACTER VARYING	YES	65536			information_schema
gold-db-2 postgresql.gold	organism_v2	39	common_name	CHARACTER VARYING	YES	65536			information_schema
gold-db-2 postgresql.gold	organism_v2	40	master_group_id	DECIMAL	YES		38	6	information_schema
gold-db-2 postgresql.gold	organism_v2	41	submitter_id	DECIMAL	YES		38	6	information_schema
gold-db-2 postgresql.gold	organism_v2	42	sample_collection_site	CHARACTER VARYING	YES	65536			information_schema
gold-db-2 postgresql.gold	organism_v2	43	sample_isolation_country_id	DECIMAL	YES		38	6	information_schema
gold-db-2 postgresql.gold	organism_v2	44	geographic_location	CHARACTER VARYING	YES	65536			information_schema
gold-db-2 postgresql.gold	organism_v2	45	latitude	DECIMAL	YES		38	6	information_schema
gold-db-2 postgresql.gold	organism_v2	46	longitude	DECIMAL	YES		38	6	information_schema
gold-db-2 postgresql.gold	organism_v2	47	lat_long_inferred	CHARACTER VARYING	YES	65536			information_schema
gold-db-2 postgresql.gold	organism_v2	48	isolation_publication_id	DECIMAL	YES		38	0	information_schema
gold-db-2 postgresql.gold	organism_v2	49	isolation_pubmed_id	DECIMAL	YES		38	6	information_schema
gold-db-2 postgresql.gold	organism_v2	50	sample_isolation_comments	CHARACTER VARYING	YES	65536			information_schema
gold-db-2 postgresql.gold	organism_v2	51	sample_collection_day	DECIMAL	YES		38	0	information_schema
gold-db-2 postgresql.gold	organism_v2	52	sample_collection_month	DECIMAL	YES		38	0	information_schema
gold-db-2 postgresql.gold	organism_v2	53	sample_collection_year	DECIMAL	YES		38	0	information_schema
gold-db-2 postgresql.gold	organism_v2	54	sample_collection_hour	DECIMAL	YES		2	0	information_schema
gold-db-2 postgresql.gold	organism_v2	55	sample_collection_minute	DECIMAL	YES		2	0	information_schema
gold-db-2 postgresql.gold	organism_v2	56	ecosystem_path_id	DECIMAL	YES		38	0	information_schema
gold-db-2 postgresql.gold	organism_v2	57	ecosystem	CHARACTER VARYING	YES	65536			information_schema
gold-db-2 postgresql.gold	organism_v2	58	ecosystem_category	CHARACTER VARYING	YES	65536			information_schema
gold-db-2 postgresql.gold	organism_v2	59	ecosystem_type	CHARACTER VARYING	YES	65536			information_schema
gold-db-2 postgresql.gold	organism_v2	60	ecosystem_subtype	CHARACTER VARYING	YES	65536			information_schema
gold-db-2 postgresql.gold	organism_v2	61	specific_ecosystem	CHARACTER VARYING	YES	65536			information_schema
gold-db-2 postgresql.gold	organism_v2	62	other_ecosystem	CHARACTER VARYING	YES	65536			information_schema
gold-db-2 postgresql.gold	organism_v2	63	gram_stain	CHARACTER VARYING	YES	65536			information_schema
gold-db-2 postgresql.gold	organism_v2	64	oxygen_requirement	CHARACTER VARYING	YES	65536			information_schema
gold-db-2 postgresql.gold	organism_v2	65	carbon_source	CHARACTER VARYING	YES	65536			information_schema
gold-db-2 postgresql.gold	organism_v2	66	cell_shape	CHARACTER VARYING	YES	65536			information_schema
gold-db-2 postgresql.gold	organism_v2	67	cell_length	CHARACTER VARYING	YES	65536			information_schema
gold-db-2 postgresql.gold	organism_v2	68	motility	CHARACTER VARYING	YES	65536			information_schema
gold-db-2 postgresql.gold	organism_v2	69	sporulation	CHARACTER VARYING	YES	65536			information_schema
gold-db-2 postgresql.gold	organism_v2	70	cell_diameter	CHARACTER VARYING	YES	65536			information_schema
gold-db-2 postgresql.gold	organism_v2	71	temperature_range	CHARACTER VARYING	YES	65536			information_schema
gold-db-2 postgresql.gold	organism_v2	72	growth_temperature	DECIMAL	YES		38	6	information_schema
gold-db-2 postgresql.gold	organism_v2	73	growth_temperature2	DECIMAL	YES		38	6	information_schema
gold-db-2 postgresql.gold	organism_v2	74	sample_collection_temperature	DECIMAL	YES		38	6	information_schema
gold-db-2 postgresql.gold	organism_v2	75	sample_collection_temperature2	DECIMAL	YES		38	6	information_schema
gold-db-2 postgresql.gold	organism_v2	76	color	CHARACTER VARYING	YES	65536			information_schema
gold-db-2 postgresql.gold	organism_v2	77	depth	DECIMAL	YES		38	6	information_schema
gold-db-2 postgresql.gold	organism_v2	78	depth2	DECIMAL	YES		38	6	information_schema
gold-db-2 postgresql.gold	organism_v2	79	subsurface_depth1	DECIMAL	YES		38	6	information_schema
gold-db-2 postgresql.gold	organism_v2	80	subsurface_depth2	DECIMAL	YES		38	6	information_schema
gold-db-2 postgresql.gold	organism_v2	81	altitude	DECIMAL	YES		38	6	information_schema
gold-db-2 postgresql.gold	organism_v2	82	altitude2	DECIMAL	YES		38	6	information_schema
gold-db-2 postgresql.gold	organism_v2	83	elevation	DECIMAL	YES		38	6	information_schema
gold-db-2 postgresql.gold	organism_v2	84	elevation2	DECIMAL	YES		38	6	information_schema
gold-db-2 postgresql.gold	organism_v2	85	ph1	DECIMAL	YES		38	6	information_schema
gold-db-2 postgresql.gold	organism_v2	86	ph2	DECIMAL	YES		38	6	information_schema
gold-db-2 postgresql.gold	organism_v2	87	salinity	CHARACTER VARYING	YES	65536			information_schema
gold-db-2 postgresql.gold	organism_v2	88	pressure	CHARACTER VARYING	YES	65536			information_schema
gold-db-2 postgresql.gold	organism_v2	89	chlorophyll_concentration	CHARACTER VARYING	YES	65536			information_schema
gold-db-2 postgresql.gold	organism_v2	90	nitrate_concentration	CHARACTER VARYING	YES	65536			information_schema
gold-db-2 postgresql.gold	organism_v2	91	oxygen_concentration	CHARACTER VARYING	YES	65536			information_schema
gold-db-2 postgresql.gold	organism_v2	92	salinity_concentration	CHARACTER VARYING	YES	65536			information_schema
gold-db-2 postgresql.gold	organism_v2	93	growth_conditions	CHARACTER VARYING	YES	65536			information_schema
gold-db-2 postgresql.gold	organism_v2	94	tot_org_carbon	DECIMAL	YES		38	6	information_schema
gold-db-2 postgresql.gold	organism_v2	95	tot_nitrogen	CHARACTER VARYING	YES	65536			information_schema
gold-db-2 postgresql.gold	organism_v2	96	bicarbonate_millimol	DECIMAL	YES		38	6	information_schema
gold-db-2 postgresql.gold	organism_v2	97	soluble_iron_micromol	DECIMAL	YES		38	6	information_schema
gold-db-2 postgresql.gold	organism_v2	98	h2s_millimol	DECIMAL	YES		38	6	information_schema
gold-db-2 postgresql.gold	organism_v2	99	h2s_present	CHARACTER VARYING	YES	65536			information_schema
gold-db-2 postgresql.gold	organism_v2	100	irradiance	CHARACTER VARYING	YES	65536			information_schema
gold-db-2 postgresql.gold	organism_v2	101	methane_conc_millimol	DECIMAL	YES		38	6	information_schema
gold-db-2 postgresql.gold	organism_v2	102	sample_conductivity	CHARACTER VARYING	YES	65536			information_schema
gold-db-2 postgresql.gold	organism_v2	103	env_broad_scale	CHARACTER VARYING	YES	65536			information_schema
gold-db-2 postgresql.gold	organism_v2	104	env_local_scale	CHARACTER VARYING	YES	65536			information_schema
gold-db-2 postgresql.gold	organism_v2	105	env_medium	CHARACTER VARYING	YES	65536			information_schema
gold-db-2 postgresql.gold	organism_v2	106	host_name	CHARACTER VARYING	YES	65536			information_schema
gold-db-2 postgresql.gold	organism_v2	107	host_taxonomy_id	DECIMAL	YES		38	0	information_schema
gold-db-2 postgresql.gold	organism_v2	108	host_gender	CHARACTER VARYING	YES	65536			information_schema
gold-db-2 postgresql.gold	organism_v2	109	host_race	CHARACTER VARYING	YES	65536			information_schema
gold-db-2 postgresql.gold	organism_v2	110	host_age	CHARACTER VARYING	YES	65536			information_schema
gold-db-2 postgresql.gold	organism_v2	111	host_health_condition	CHARACTER VARYING	YES	65536			information_schema
gold-db-2 postgresql.gold	organism_v2	112	host_medication	CHARACTER VARYING	YES	65536			information_schema
gold-db-2 postgresql.gold	organism_v2	113	host_body_site	CHARACTER VARYING	YES	65536			information_schema
gold-db-2 postgresql.gold	organism_v2	114	host_body_subsite	CHARACTER VARYING	YES	65536			information_schema
gold-db-2 postgresql.gold	organism_v2	115	host_body_product	CHARACTER VARYING	YES	65536			information_schema
gold-db-2 postgresql.gold	organism_v2	116	host_body_site_id	DECIMAL	YES		38	6	information_schema
gold-db-2 postgresql.gold	organism_v2	117	host_body_subsite_id	DECIMAL	YES		38	6	information_schema
gold-db-2 postgresql.gold	organism_v2	118	host_body_product_id	DECIMAL	YES		38	6	information_schema
gold-db-2 postgresql.gold	organism_v2	119	host_specificity	CHARACTER VARYING	YES	65536			information_schema
gold-db-2 postgresql.gold	organism_v2	120	host_comments	CHARACTER VARYING	YES	65536			information_schema
gold-db-2 postgresql.gold	organism_v2	121	patient_visit_number	DECIMAL	YES		38	0	information_schema
gold-db-2 postgresql.gold	organism_v2	122	mrn	CHARACTER VARYING	YES	65536			information_schema
gold-db-2 postgresql.gold	organism_v2	123	known_non_hosts	CHARACTER VARYING	YES	65536			information_schema
gold-db-2 postgresql.gold	organism_v2	124	other_hosts	CHARACTER VARYING	YES	65536			information_schema
gold-db-2 postgresql.gold	organism_v2	125	viral_group	CHARACTER VARYING	YES	65536			information_schema
gold-db-2 postgresql.gold	organism_v2	126	viral_subgroup	CHARACTER VARYING	YES	65536			information_schema
gold-db-2 postgresql.gold	organism_v2	127	virus_enrich_appr	CHARACTER VARYING	YES	65536			information_schema
gold-db-2 postgresql.gold	organism_v2	128	propagation	CHARACTER VARYING	YES	65536			information_schema
gold-db-2 postgresql.gold	organism_v2	129	ploidy	CHARACTER VARYING	YES	65536			information_schema
gold-db-2 postgresql.gold	organism_v2	130	pathogenicity	CHARACTER VARYING	YES	65536			information_schema
gold-db-2 postgresql.gold	organism_v2	131	health_disease_stat	CHARACTER VARYING	YES	65536			information_schema
gold-db-2 postgresql.gold	organism_v2	132	encoded_traits	CHARACTER VARYING	YES	65536			information_schema
gold-db-2 postgresql.gold	organism_v2	133	tax_ident	CHARACTER VARYING	YES	65536			information_schema
gold-db-2 postgresql.gold	organism_v2	134	comments	CHARACTER VARYING	YES	65536			information_schema
gold-db-2 postgresql.gold	organism_v2	135	annotator_comments	CHARACTER VARYING	YES	65536			information_schema
gold-db-2 postgresql.gold	organism_v2	136	sample_contact_name	CHARACTER VARYING	YES	65536			information_schema
gold-db-2 postgresql.gold	organism_v2	137	sample_contact_email	CHARACTER VARYING	YES	65536			information_schema
gold-db-2 postgresql.gold	organism_v2	138	sampling_strategy	CHARACTER VARYING	YES	65536			information_schema
gold-db-2 postgresql.gold	organism_v2	139	replicate_number	DECIMAL	YES		38	0	information_schema
gold-db-2 postgresql.gold	organism_v2	140	symbiotic_relationship	CHARACTER VARYING	YES	65536			information_schema
gold-db-2 postgresql.gold	organism_v2	141	symbiotic_physical_interaction	CHARACTER VARYING	YES	65536			information_schema
gold-db-2 postgresql.gold	organism_v2	142	symbiont_name	CHARACTER VARYING	YES	65536			information_schema
gold-db-2 postgresql.gold	organism_v2	143	symbiont_taxon_id	DECIMAL	YES		38	0	information_schema
gold-db-2 postgresql.gold	organism_v2	144	commercial	CHARACTER VARYING	YES	65536			information_schema
gold-db-2 postgresql.gold	organism_v2	145	commercial_comments	CHARACTER VARYING	YES	65536			information_schema
gold-db-2 postgresql.gold	organism_v2	146	subsurface_depth	CHARACTER VARYING	YES	65536			information_schema
gold-db-2 postgresql.gold	organism_v2	147	ph	CHARACTER VARYING	YES	65536			information_schema
gold-db-2 postgresql.gold	organism_v2	148	is_virocell	CHARACTER VARYING	YES	65536			information_schema
gold-db-2 postgresql.gold	organism_v2	149	straininfo_group_id	DECIMAL	YES		38	6	information_schema
gold-db-2 postgresql.gold	organism_v2	150	source	CHARACTER VARYING	YES	65536			information_schema
gold-db-2 postgresql.gold	organism_v2	151	taxonomy_status	CHARACTER VARYING	YES	65536			information_schema
gold-db-2 postgresql.gold	organism_v2	152	legacy_depth_data	CHARACTER VARYING	YES	65536			information_schema
gold-db-2 postgresql.gold	organism_v2	153	latitude_test	DECIMAL	YES		38	6	information_schema
gold-db-2 postgresql.gold	organism_v2	154	longitude_test	DECIMAL	YES		38	6	information_schema
gold-db-2 postgresql.gold	organism_v2	155	soil_curr_land_use	CHARACTER VARYING	YES	65536			information_schema
gold-db-2 postgresql.gold	organism_v2	156	soil_curr_vegetation	CHARACTER VARYING	YES	65536			information_schema
gold-db-2 postgresql.gold	organism_v2	157	soil_curr_vegetation_method	CHARACTER VARYING	YES	65536			information_schema
gold-db-2 postgresql.gold	organism_v2	158	soil_prev_land_use	CHARACTER VARYING	YES	65536			information_schema
gold-db-2 postgresql.gold	organism_v2	159	soil_sample_biomass	DECIMAL	YES		38	6	information_schema
gold-db-2 postgresql.gold	organism_v2	160	soil_sample_volume	DECIMAL	YES		38	6	information_schema
gold-db-2 postgresql.gold	organism_v2	161	img_breadth_calc	DECIMAL	YES		7	4	information_schema
gold-db-2 postgresql.gold	organism_v2	162	public_sp_count	DECIMAL	YES		38	6	information_schema
gold-db-2 postgresql.gold	organism_v2	163	admin_sp_count	DECIMAL	YES		38	6	information_schema
gold-db-2 postgresql.gold	organism_v2	164	public_ap_count	DECIMAL	YES		38	6	information_schema
gold-db-2 postgresql.gold	organism_v2	165	admin_ap_count	DECIMAL	YES		38	6	information_schema
gold-db-2 postgresql.gold	organism_v2	166	gold_class	CHARACTER VARYING	YES	65536			information_schema
gold-db-2 postgresql.gold	organism_v2	167	gold_order	CHARACTER VARYING	YES	65536			information_schema
gold-db-2 postgresql.gold	organism_v2	168	gold_family	CHARACTER VARYING	YES	65536			information_schema
gold-db-2 postgresql.gold	organism_v2	169	submit_organism_name	CHARACTER VARYING	YES	65536			information_schema
gold-db-2 postgresql.gold	organism_v2	170	biosample_id	DECIMAL	YES		38	6	information_schema
gold-db-2 postgresql.gold	organism_v2	171	exemplar_doi	CHARACTER VARYING	YES	65536			information_schema
gold-db-2 postgresql.gold	organism_v2	172	exemplar_name	CHARACTER VARYING	YES	65536			information_schema
gold-db-2 postgresql.gold	organism_v2	173	taxon_doi	CHARACTER VARYING	YES	65536			information_schema
gold-db-2 postgresql.gold	organism_v2	174	strain_info_id	DECIMAL	YES		20	0	information_schema
gold-db-2 postgresql.gold	organism_v2	175	biosafety_level	CHARACTER VARYING	YES	65536			information_schema
gold-db-2 postgresql.gold	organism_v2	176	ncbi_biosample_id	CHARACTER VARYING	YES	65536			information_schema
gold-db-2 postgresql.gold	organism_v2	177	longhurst_code	CHARACTER VARYING	YES	65536			information_schema
gold-db-2 postgresql.gold	organism_v2	178	cruise_line_name	CHARACTER VARYING	YES	65536			information_schema
gold-db-2 postgresql.gold	organism_v2	179	proport_ocean	CHARACTER VARYING	YES	65536			information_schema
gold-db-2 postgresql.gold	organism_v2	180	proport_isolation	CHARACTER VARYING	YES	65536			information_schema
gold-db-2 postgresql.gold	organism_v2	181	proport_station	CHARACTER VARYING	YES	65536			information_schema
gold-db-2 postgresql.gold	organism_v2	182	proport_woa_temperature	DECIMAL	YES		10	5	information_schema
gold-db-2 postgresql.gold	organism_v2	183	proport_woa_salinity	DECIMAL	YES		10	5	information_schema
gold-db-2 postgresql.gold	organism_v2	184	proport_woa_dissolved_oxygen	DECIMAL	YES		10	5	information_schema
gold-db-2 postgresql.gold	organism_v2	185	proport_woa_silicate	DECIMAL	YES		10	5	information_schema
gold-db-2 postgresql.gold	organism_v2	186	proport_woa_phosphate	DECIMAL	YES		10	5	information_schema
gold-db-2 postgresql.gold	organism_v2	187	proport_woa_nitrate	DECIMAL	YES		10	5	information_schema
gold-db-2 postgresql.gold	organism_v2	188	its_growth_conditions	CHARACTER VARYING	YES	65536			information_schema
gold-db-2 postgresql.gold	organism_v2	189	project_oid	DECIMAL	YES		38	0	information_schema
gold-db-2 postgresql.gold	organism_v2	190	sample_oid	DECIMAL	YES		38	0	information_schema
gold-db-2 postgresql.gold	organism_v2	191	specimen	CHARACTER VARYING	YES	65536			information_schema
gold-db-2 postgresql.gold	organism_v2	192	submit_biosample_name	CHARACTER VARYING	YES	65536			information_schema
gold-db-2 postgresql.gold	organism_v2	193	soil_package_id	DECIMAL	YES		38	6	information_schema
gold-db-2 postgresql.gold	organism_v2	194	water_package_id	DECIMAL	YES		38	6	information_schema
gold-db-2 postgresql.gold	organism_v2	195	plant_package_id	DECIMAL	YES		38	6	information_schema
gold-db-2 postgresql.gold	organism_v2	196	hydrocarbon_fs_package_id	DECIMAL	YES		38	6	information_schema
gold-db-2 postgresql.gold	organism_v2	197	hydrocarbon_core_package_id	DECIMAL	YES		38	6	information_schema
gold-db-2 postgresql.gold	organism_v2	198	microbial_mat_package_id	DECIMAL	YES		38	6	information_schema
gold-db-2 postgresql.gold	organism_v2	199	sediment_package_id	DECIMAL	YES		38	6	information_schema
gold-db-2 postgresql.gold	organism_v2	200	package_host_associated_id	DECIMAL	YES		38	6	information_schema
gold-db-2 postgresql.gold	organism_v2	201	package_human_associated_id	DECIMAL	YES		38	6	information_schema
gold-db-2 postgresql.gold	organism_v2	202	package_wastewater_id	DECIMAL	YES		38	6	information_schema
gold-db-2 postgresql.gold	organism_v2	203	package_built_environment_id	DECIMAL	YES		38	6	information_schema
gold-db-2 postgresql.gold	organism_v2	204	sample_volume	CHARACTER VARYING	YES	65536			information_schema
gold-db-2 postgresql.gold	organism_v2	205	sample_biomass	CHARACTER VARYING	YES	65536			information_schema
gold-db-2 postgresql.gold	organism_v2	206	is_draft	CHARACTER VARYING	YES	65536			information_schema
gold-db-2 postgresql.gold	organism_v2	207	is_test	CHARACTER VARYING	YES	65536			information_schema
gold-db-2 postgresql.gold	package_built_environment	1	package_built_environment_id	DECIMAL	YES		38	6	information_schema
gold-db-2 postgresql.gold	package_built_environment	2	organism_id	DECIMAL	YES		38	6	information_schema
gold-db-2 postgresql.gold	package_built_environment	3	biosample_id	DECIMAL	YES		38	6	information_schema
gold-db-2 postgresql.gold	package_built_environment	4	package_version_id	DECIMAL	YES		38	6	information_schema
gold-db-2 postgresql.gold	package_built_environment	5	add_by	DECIMAL	YES		38	6	information_schema
gold-db-2 postgresql.gold	package_built_environment	6	add_date	TIMESTAMP	YES				information_schema
gold-db-2 postgresql.gold	package_built_environment	7	mod_by	DECIMAL	YES		38	6	information_schema
gold-db-2 postgresql.gold	package_built_environment	8	mod_date	TIMESTAMP	YES				information_schema
gold-db-2 postgresql.gold	package_built_environment	9	abs_air_humidity	CHARACTER VARYING	YES	65536			information_schema
gold-db-2 postgresql.gold	package_built_environment	10	air_temp	DECIMAL	YES		38	6	information_schema
gold-db-2 postgresql.gold	package_built_environment	11	avg_dew_point	DECIMAL	YES		38	6	information_schema
gold-db-2 postgresql.gold	package_built_environment	12	avg_temp	DECIMAL	YES		38	6	information_schema
gold-db-2 postgresql.gold	package_built_environment	13	temp_out	DECIMAL	YES		38	6	information_schema
gold-db-2 postgresql.gold	package_built_environment	14	amount_light	CHARACTER VARYING	YES	65536			information_schema
gold-db-2 postgresql.gold	package_built_environment	15	inside_lux_light	CHARACTER VARYING	YES	65536			information_schema
gold-db-2 postgresql.gold	package_built_environment	16	carbon_dioxide	CHARACTER VARYING	YES	65536			information_schema
gold-db-2 postgresql.gold	package_built_environment	17	room_air_exch_rate	CHARACTER VARYING	YES	65536			information_schema
gold-db-2 postgresql.gold	package_built_environment	18	date_last_rain	CHARACTER VARYING	YES	65536			information_schema
gold-db-2 postgresql.gold	package_built_environment	19	day_of_week	CHARACTER VARYING	YES	65536			information_schema
gold-db-2 postgresql.gold	package_built_environment	20	dew_point	DECIMAL	YES		38	6	information_schema
gold-db-2 postgresql.gold	package_built_environment	21	rel_air_humidity	CHARACTER VARYING	YES	65536			information_schema
gold-db-2 postgresql.gold	package_built_environment	22	rel_humidity_out	CHARACTER VARYING	YES	65536			information_schema
gold-db-2 postgresql.gold	package_built_environment	23	season	CHARACTER VARYING	YES	65536			information_schema
gold-db-2 postgresql.gold	package_built_environment	24	sampling_weather	CHARACTER VARYING	YES	65536			information_schema
gold-db-2 postgresql.gold	package_built_environment	25	sampling_time_outside	CHARACTER VARYING	YES	65536			information_schema
gold-db-2 postgresql.gold	package_built_environment	26	specific_humidity	CHARACTER VARYING	YES	65536			information_schema
gold-db-2 postgresql.gold	package_built_environment	27	surface_humidity	CHARACTER VARYING	YES	65536			information_schema
gold-db-2 postgresql.gold	package_built_environment	28	surface_moisture	CHARACTER VARYING	YES	65536			information_schema
gold-db-2 postgresql.gold	package_built_environment	29	surface_moisture_ph	DECIMAL	YES		38	6	information_schema
gold-db-2 postgresql.gold	package_built_environment	30	surface_temp	DECIMAL	YES		38	6	information_schema
gold-db-2 postgresql.gold	package_built_environment	31	address	CHARACTER VARYING	YES	65536			information_schema
gold-db-2 postgresql.gold	package_built_environment	32	aerospace_struc	CHARACTER VARYING	YES	65536			information_schema
gold-db-2 postgresql.gold	package_built_environment	33	arch_struc	CHARACTER VARYING	YES	65536			information_schema
gold-db-2 postgresql.gold	package_built_environment	34	room_architec_elements	CHARACTER VARYING	YES	65536			information_schema
gold-db-2 postgresql.gold	package_built_environment	35	drawings	CHARACTER VARYING	YES	65536			information_schema
gold-db-2 postgresql.gold	package_built_environment	36	avg_occup	CHARACTER VARYING	YES	65536			information_schema
gold-db-2 postgresql.gold	package_built_environment	37	build_docs	CHARACTER VARYING	YES	65536			information_schema
gold-db-2 postgresql.gold	package_built_environment	38	build_occup_type	CHARACTER VARYING	YES	65536			information_schema
gold-db-2 postgresql.gold	package_built_environment	39	building_setting	CHARACTER VARYING	YES	65536			information_schema
gold-db-2 postgresql.gold	package_built_environment	40	built_struc_age	CHARACTER VARYING	YES	65536			information_schema
gold-db-2 postgresql.gold	package_built_environment	41	built_struc_set	CHARACTER VARYING	YES	65536			information_schema
gold-db-2 postgresql.gold	package_built_environment	42	built_struc_type	CHARACTER VARYING	YES	65536			information_schema
gold-db-2 postgresql.gold	package_built_environment	43	bedroom_count	CHARACTER VARYING	YES	65536			information_schema
gold-db-2 postgresql.gold	package_built_environment	44	bathroom_count	CHARACTER VARYING	YES	65536			information_schema
gold-db-2 postgresql.gold	package_built_environment	45	room_condt	CHARACTER VARYING	YES	65536			information_schema
gold-db-2 postgresql.gold	package_built_environment	46	room_connected	CHARACTER VARYING	YES	65536			information_schema
gold-db-2 postgresql.gold	package_built_environment	47	room_count	CHARACTER VARYING	YES	65536			information_schema
gold-db-2 postgresql.gold	package_built_environment	48	room_dimensions	CHARACTER VARYING	YES	65536			information_schema
gold-db-2 postgresql.gold	package_built_environment	49	room_door_dist	CHARACTER VARYING	YES	65536			information_schema
gold-db-2 postgresql.gold	package_built_environment	50	room_door_share	CHARACTER VARYING	YES	65536			information_schema
gold-db-2 postgresql.gold	package_built_environment	51	room_hallway_share	CHARACTER VARYING	YES	65536			information_schema
gold-db-2 postgresql.gold	package_built_environment	52	room_location	CHARACTER VARYING	YES	65536			information_schema
gold-db-2 postgresql.gold	package_built_environment	53	room_moist_damage_hist	CHARACTER VARYING	YES	65536			information_schema
gold-db-2 postgresql.gold	package_built_environment	54	room_net_area	CHARACTER VARYING	YES	65536			information_schema
gold-db-2 postgresql.gold	package_built_environment	55	room_occupancy	CHARACTER VARYING	YES	65536			information_schema
gold-db-2 postgresql.gold	package_built_environment	56	room_samp_position	CHARACTER VARYING	YES	65536			information_schema
gold-db-2 postgresql.gold	package_built_environment	57	room_type	CHARACTER VARYING	YES	65536			information_schema
gold-db-2 postgresql.gold	package_built_environment	58	room_volume	CHARACTER VARYING	YES	65536			information_schema
gold-db-2 postgresql.gold	package_built_environment	59	room_wall_share	CHARACTER VARYING	YES	65536			information_schema
gold-db-2 postgresql.gold	package_built_environment	60	room_window_count	CHARACTER VARYING	YES	65536			information_schema
gold-db-2 postgresql.gold	package_built_environment	61	adj_rooms	CHARACTER VARYING	YES	65536			information_schema
gold-db-2 postgresql.gold	package_built_environment	62	wall_area	CHARACTER VARYING	YES	65536			information_schema
gold-db-2 postgresql.gold	package_built_environment	63	wall_const_type	CHARACTER VARYING	YES	65536			information_schema
gold-db-2 postgresql.gold	package_built_environment	64	wall_finish_mat	CHARACTER VARYING	YES	65536			information_schema
gold-db-2 postgresql.gold	package_built_environment	65	wall_height	CHARACTER VARYING	YES	65536			information_schema
gold-db-2 postgresql.gold	package_built_environment	66	wall_location	CHARACTER VARYING	YES	65536			information_schema
gold-db-2 postgresql.gold	package_built_environment	67	wall_surface_treatment	CHARACTER VARYING	YES	65536			information_schema
gold-db-2 postgresql.gold	package_built_environment	68	wall_texture	CHARACTER VARYING	YES	65536			information_schema
gold-db-2 postgresql.gold	package_built_environment	69	wall_thermal_mass	CHARACTER VARYING	YES	65536			information_schema
gold-db-2 postgresql.gold	package_built_environment	70	wall_water_mold	CHARACTER VARYING	YES	65536			information_schema
gold-db-2 postgresql.gold	package_built_environment	71	ceiling_area	CHARACTER VARYING	YES	65536			information_schema
gold-db-2 postgresql.gold	package_built_environment	72	ceiling_cond	CHARACTER VARYING	YES	65536			information_schema
gold-db-2 postgresql.gold	package_built_environment	73	ceiling_finish_mat	CHARACTER VARYING	YES	65536			information_schema
gold-db-2 postgresql.gold	package_built_environment	74	ceiling_struc	CHARACTER VARYING	YES	65536			information_schema
gold-db-2 postgresql.gold	package_built_environment	75	ceiling_texture	CHARACTER VARYING	YES	65536			information_schema
gold-db-2 postgresql.gold	package_built_environment	76	ceiling_thermal_mass	CHARACTER VARYING	YES	65536			information_schema
gold-db-2 postgresql.gold	package_built_environment	77	ceiling_type	CHARACTER VARYING	YES	65536			information_schema
gold-db-2 postgresql.gold	package_built_environment	78	ceiling_water_mold	CHARACTER VARYING	YES	65536			information_schema
gold-db-2 postgresql.gold	package_built_environment	79	door_comp_type	CHARACTER VARYING	YES	65536			information_schema
gold-db-2 postgresql.gold	package_built_environment	80	door_cond	CHARACTER VARYING	YES	65536			information_schema
gold-db-2 postgresql.gold	package_built_environment	81	door_direction	CHARACTER VARYING	YES	65536			information_schema
gold-db-2 postgresql.gold	package_built_environment	82	door_location	CHARACTER VARYING	YES	65536			information_schema
gold-db-2 postgresql.gold	package_built_environment	83	door_mat	CHARACTER VARYING	YES	65536			information_schema
gold-db-2 postgresql.gold	package_built_environment	84	door_movement	CHARACTER VARYING	YES	65536			information_schema
gold-db-2 postgresql.gold	package_built_environment	85	door_size	CHARACTER VARYING	YES	65536			information_schema
gold-db-2 postgresql.gold	package_built_environment	86	door_type	CHARACTER VARYING	YES	65536			information_schema
gold-db-2 postgresql.gold	package_built_environment	87	door_type_metal	CHARACTER VARYING	YES	65536			information_schema
gold-db-2 postgresql.gold	package_built_environment	88	door_type_wood	CHARACTER VARYING	YES	65536			information_schema
gold-db-2 postgresql.gold	package_built_environment	89	door_water_mold	CHARACTER VARYING	YES	65536			information_schema
gold-db-2 postgresql.gold	package_built_environment	90	window_condition	CHARACTER VARYING	YES	65536			information_schema
gold-db-2 postgresql.gold	package_built_environment	91	window_cover	CHARACTER VARYING	YES	65536			information_schema
gold-db-2 postgresql.gold	package_built_environment	92	window_horiz_pos	CHARACTER VARYING	YES	65536			information_schema
gold-db-2 postgresql.gold	package_built_environment	93	window_location	CHARACTER VARYING	YES	65536			information_schema
gold-db-2 postgresql.gold	package_built_environment	94	window_mat	CHARACTER VARYING	YES	65536			information_schema
gold-db-2 postgresql.gold	package_built_environment	95	window_open_freq	CHARACTER VARYING	YES	65536			information_schema
gold-db-2 postgresql.gold	package_built_environment	96	window_size	CHARACTER VARYING	YES	65536			information_schema
gold-db-2 postgresql.gold	package_built_environment	97	window_status	CHARACTER VARYING	YES	65536			information_schema
gold-db-2 postgresql.gold	package_built_environment	98	window_type	CHARACTER VARYING	YES	65536			information_schema
gold-db-2 postgresql.gold	package_built_environment	99	window_vert_pos	CHARACTER VARYING	YES	65536			information_schema
gold-db-2 postgresql.gold	package_built_environment	100	window_water_mold	CHARACTER VARYING	YES	65536			information_schema
gold-db-2 postgresql.gold	package_built_environment	101	elevator_count	CHARACTER VARYING	YES	65536			information_schema
gold-db-2 postgresql.gold	package_built_environment	102	escalator_count	CHARACTER VARYING	YES	65536			information_schema
gold-db-2 postgresql.gold	package_built_environment	103	exp_duct	CHARACTER VARYING	YES	65536			information_schema
gold-db-2 postgresql.gold	package_built_environment	104	exposed_pipes	CHARACTER VARYING	YES	65536			information_schema
gold-db-2 postgresql.gold	package_built_environment	105	ext_door_count	CHARACTER VARYING	YES	65536			information_schema
gold-db-2 postgresql.gold	package_built_environment	106	ext_wall_orient	CHARACTER VARYING	YES	65536			information_schema
gold-db-2 postgresql.gold	package_built_environment	107	ext_window_orient	CHARACTER VARYING	YES	65536			information_schema
gold-db-2 postgresql.gold	package_built_environment	108	filter_type	CHARACTER VARYING	YES	65536			information_schema
gold-db-2 postgresql.gold	package_built_environment	109	fireplace_type	CHARACTER VARYING	YES	65536			information_schema
gold-db-2 postgresql.gold	package_built_environment	110	floor_age	CHARACTER VARYING	YES	65536			information_schema
gold-db-2 postgresql.gold	package_built_environment	111	floor_area	CHARACTER VARYING	YES	65536			information_schema
gold-db-2 postgresql.gold	package_built_environment	112	floor_cond	CHARACTER VARYING	YES	65536			information_schema
gold-db-2 postgresql.gold	package_built_environment	113	floor_count	CHARACTER VARYING	YES	65536			information_schema
gold-db-2 postgresql.gold	package_built_environment	114	floor_finish_mat	CHARACTER VARYING	YES	65536			information_schema
gold-db-2 postgresql.gold	package_built_environment	115	floor_struc	CHARACTER VARYING	YES	65536			information_schema
gold-db-2 postgresql.gold	package_built_environment	116	floor_thermal_mass	CHARACTER VARYING	YES	65536			information_schema
gold-db-2 postgresql.gold	package_built_environment	117	floor_water_mold	CHARACTER VARYING	YES	65536			information_schema
gold-db-2 postgresql.gold	package_built_environment	118	freq_clean	CHARACTER VARYING	YES	65536			information_schema
gold-db-2 postgresql.gold	package_built_environment	119	freq_cook	CHARACTER VARYING	YES	65536			information_schema
gold-db-2 postgresql.gold	package_built_environment	120	furniture	CHARACTER VARYING	YES	65536			information_schema
gold-db-2 postgresql.gold	package_built_environment	121	gender_restroom	CHARACTER VARYING	YES	65536			information_schema
gold-db-2 postgresql.gold	package_built_environment	122	hall_count	CHARACTER VARYING	YES	65536			information_schema
gold-db-2 postgresql.gold	package_built_environment	123	handidness	CHARACTER VARYING	YES	65536			information_schema
gold-db-2 postgresql.gold	package_built_environment	124	heat_cool_type	CHARACTER VARYING	YES	65536			information_schema
gold-db-2 postgresql.gold	package_built_environment	125	cooling_syst_id	CHARACTER VARYING	YES	65536			information_schema
gold-db-2 postgresql.gold	package_built_environment	126	heat_deliv_loc	CHARACTER VARYING	YES	65536			information_schema
gold-db-2 postgresql.gold	package_built_environment	127	heat_system_deliv_meth	CHARACTER VARYING	YES	65536			information_schema
gold-db-2 postgresql.gold	package_built_environment	128	heat_system_id	CHARACTER VARYING	YES	65536			information_schema
gold-db-2 postgresql.gold	package_built_environment	129	height_carper_fiber	CHARACTER VARYING	YES	65536			information_schema
gold-db-2 postgresql.gold	package_built_environment	130	indoor_space	CHARACTER VARYING	YES	65536			information_schema
gold-db-2 postgresql.gold	package_built_environment	131	indoor_surface	CHARACTER VARYING	YES	65536			information_schema
gold-db-2 postgresql.gold	package_built_environment	132	int_wall_cond	CHARACTER VARYING	YES	65536			information_schema
gold-db-2 postgresql.gold	package_built_environment	133	last_clean	CHARACTER VARYING	YES	65536			information_schema
gold-db-2 postgresql.gold	package_built_environment	134	light_type	CHARACTER VARYING	YES	65536			information_schema
gold-db-2 postgresql.gold	package_built_environment	135	max_occup	CHARACTER VARYING	YES	65536			information_schema
gold-db-2 postgresql.gold	package_built_environment	136	mech_struc	CHARACTER VARYING	YES	65536			information_schema
gold-db-2 postgresql.gold	package_built_environment	137	number_pets	CHARACTER VARYING	YES	65536			information_schema
gold-db-2 postgresql.gold	package_built_environment	138	number_plants	CHARACTER VARYING	YES	65536			information_schema
gold-db-2 postgresql.gold	package_built_environment	139	number_residents	CHARACTER VARYING	YES	65536			information_schema
gold-db-2 postgresql.gold	package_built_environment	140	occup_density_samp	CHARACTER VARYING	YES	65536			information_schema
gold-db-2 postgresql.gold	package_built_environment	141	occup_document	CHARACTER VARYING	YES	65536			information_schema
gold-db-2 postgresql.gold	package_built_environment	142	occup_sampling	CHARACTER VARYING	YES	65536			information_schema
gold-db-2 postgresql.gold	package_built_environment	143	organism_count	CHARACTER VARYING	YES	65536			information_schema
gold-db-2 postgresql.gold	package_built_environment	144	presence_animal	CHARACTER VARYING	YES	65536			information_schema
gold-db-2 postgresql.gold	package_built_environment	145	quadrant_position	CHARACTER VARYING	YES	65536			information_schema
gold-db-2 postgresql.gold	package_built_environment	146	samp_sort_method	CHARACTER VARYING	YES	65536			information_schema
gold-db-2 postgresql.gold	package_built_environment	147	sampling_floor	CHARACTER VARYING	YES	65536			information_schema
gold-db-2 postgresql.gold	package_built_environment	148	sampling_room_id	CHARACTER VARYING	YES	65536			information_schema
gold-db-2 postgresql.gold	package_built_environment	149	season_use	CHARACTER VARYING	YES	65536			information_schema
gold-db-2 postgresql.gold	package_built_environment	150	shading_device_cond	CHARACTER VARYING	YES	65536			information_schema
gold-db-2 postgresql.gold	package_built_environment	151	shading_device_loc	CHARACTER VARYING	YES	65536			information_schema
gold-db-2 postgresql.gold	package_built_environment	152	shading_device_mat	CHARACTER VARYING	YES	65536			information_schema
gold-db-2 postgresql.gold	package_built_environment	153	shading_device_type	CHARACTER VARYING	YES	65536			information_schema
gold-db-2 postgresql.gold	package_built_environment	154	shading_device_water_mold	CHARACTER VARYING	YES	65536			information_schema
gold-db-2 postgresql.gold	package_built_environment	155	space_typ_state	CHARACTER VARYING	YES	65536			information_schema
gold-db-2 postgresql.gold	package_built_environment	156	specifications	CHARACTER VARYING	YES	65536			information_schema
gold-db-2 postgresql.gold	package_built_environment	157	substructure_type	CHARACTER VARYING	YES	65536			information_schema
gold-db-2 postgresql.gold	package_built_environment	158	surface_air_cont	CHARACTER VARYING	YES	65536			information_schema
gold-db-2 postgresql.gold	package_built_environment	159	surface_material	CHARACTER VARYING	YES	65536			information_schema
gold-db-2 postgresql.gold	package_built_environment	160	train_line	CHARACTER VARYING	YES	65536			information_schema
gold-db-2 postgresql.gold	package_built_environment	161	train_stat_loc	CHARACTER VARYING	YES	65536			information_schema
gold-db-2 postgresql.gold	package_built_environment	162	train_stop_loc	CHARACTER VARYING	YES	65536			information_schema
gold-db-2 postgresql.gold	package_built_environment	163	rel_sample_location	CHARACTER VARYING	YES	65536			information_schema
gold-db-2 postgresql.gold	package_built_environment	164	typ_occup_density	CHARACTER VARYING	YES	65536			information_schema
gold-db-2 postgresql.gold	package_built_environment	165	ventilation_type	CHARACTER VARYING	YES	65536			information_schema
gold-db-2 postgresql.gold	package_built_environment	166	vis_media	CHARACTER VARYING	YES	65536			information_schema
gold-db-2 postgresql.gold	package_built_environment	167	water_feat_size	CHARACTER VARYING	YES	65536			information_schema
gold-db-2 postgresql.gold	package_built_environment	168	water_feat_type	CHARACTER VARYING	YES	65536			information_schema
gold-db-2 postgresql.gold	package_host_associated	1	id	DECIMAL	YES		38	6	describe
gold-db-2 postgresql.gold	package_host_associated	2	organism_id	DECIMAL	YES		38	6	describe
gold-db-2 postgresql.gold	package_host_associated	3	biosample_id	DECIMAL	YES		38	6	describe
gold-db-2 postgresql.gold	package_host_associated	4	added_by	DECIMAL	YES		38	6	describe
gold-db-2 postgresql.gold	package_host_associated	5	add_date	TIMESTAMP	YES				describe
gold-db-2 postgresql.gold	package_host_associated	6	mod_by	DECIMAL	YES		38	6	describe
gold-db-2 postgresql.gold	package_host_associated	7	mod_date	TIMESTAMP	YES				describe
gold-db-2 postgresql.gold	package_host_associated	8	depth	DECIMAL	YES		38	6	describe
gold-db-2 postgresql.gold	package_host_associated	9	depth2	DECIMAL	YES		38	6	describe
gold-db-2 postgresql.gold	package_host_associated	10	elevation	DECIMAL	YES		38	6	describe
gold-db-2 postgresql.gold	package_host_associated	11	elevation2	DECIMAL	YES		38	6	describe
gold-db-2 postgresql.gold	package_host_associated	12	ancestral_data	CHARACTER VARYING	YES				describe
gold-db-2 postgresql.gold	package_host_associated	13	biological_status	CHARACTER VARYING	YES				describe
gold-db-2 postgresql.gold	package_host_associated	14	genetic_modification	CHARACTER VARYING	YES				describe
gold-db-2 postgresql.gold	package_host_associated	15	gravidity	CHARACTER VARYING	YES				describe
gold-db-2 postgresql.gold	package_host_associated	16	host_age	CHARACTER VARYING	YES				describe
gold-db-2 postgresql.gold	package_host_associated	17	host_blood_pressure_diastolic	DECIMAL	YES		38	6	describe
gold-db-2 postgresql.gold	package_host_associated	18	host_blood_pressure_systolic	DECIMAL	YES		38	6	describe
gold-db-2 postgresql.gold	package_host_associated	19	host_body_habitat	CHARACTER VARYING	YES				describe
gold-db-2 postgresql.gold	package_host_associated	20	host_body_product	CHARACTER VARYING	YES				describe
gold-db-2 postgresql.gold	package_host_associated	21	host_body_site	CHARACTER VARYING	YES				describe
gold-db-2 postgresql.gold	package_host_associated	22	host_body_temperature	DECIMAL	YES		38	6	describe
gold-db-2 postgresql.gold	package_host_associated	23	host_color	CHARACTER VARYING	YES				describe
gold-db-2 postgresql.gold	package_host_associated	24	host_common_name	CHARACTER VARYING	YES				describe
gold-db-2 postgresql.gold	package_host_associated	25	host_diet	CHARACTER VARYING	YES				describe
gold-db-2 postgresql.gold	package_host_associated	26	host_disease	CHARACTER VARYING	YES				describe
gold-db-2 postgresql.gold	package_host_associated	27	host_dry_mass	CHARACTER VARYING	YES				describe
gold-db-2 postgresql.gold	package_host_associated	28	host_family_relationship	CHARACTER VARYING	YES				describe
gold-db-2 postgresql.gold	package_host_associated	29	host_genotype	CHARACTER VARYING	YES				describe
gold-db-2 postgresql.gold	package_host_associated	30	host_growth_conditions	CHARACTER VARYING	YES				describe
gold-db-2 postgresql.gold	package_host_associated	31	host_height	CHARACTER VARYING	YES				describe
gold-db-2 postgresql.gold	package_host_associated	32	host_last_meal	CHARACTER VARYING	YES				describe
gold-db-2 postgresql.gold	package_host_associated	33	host_length	CHARACTER VARYING	YES				describe
gold-db-2 postgresql.gold	package_host_associated	34	host_life_stage	CHARACTER VARYING	YES				describe
gold-db-2 postgresql.gold	package_host_associated	35	host_phenotype	CHARACTER VARYING	YES				describe
gold-db-2 postgresql.gold	package_host_associated	36	host_sex	CHARACTER VARYING	YES				describe
gold-db-2 postgresql.gold	package_host_associated	37	host_shape	CHARACTER VARYING	YES				describe
gold-db-2 postgresql.gold	package_host_associated	38	host_subject_id	CHARACTER VARYING	YES				describe
gold-db-2 postgresql.gold	package_host_associated	39	host_subspecific_gen_lineage	CHARACTER VARYING	YES				describe
gold-db-2 postgresql.gold	package_host_associated	40	host_substrate	CHARACTER VARYING	YES				describe
gold-db-2 postgresql.gold	package_host_associated	41	host_taxonomy_id	DECIMAL	YES		38	6	describe
gold-db-2 postgresql.gold	package_host_associated	42	host_total_mass	CHARACTER VARYING	YES				describe
gold-db-2 postgresql.gold	package_host_associated	43	sample_capture_status	CHARACTER VARYING	YES				describe
gold-db-2 postgresql.gold	package_host_associated	44	sample_disease_stage	CHARACTER VARYING	YES				describe
gold-db-2 postgresql.gold	package_host_associated	45	chemical_administration	CHARACTER VARYING	YES				describe
gold-db-2 postgresql.gold	package_host_associated	46	miscellaneous_parameter	CHARACTER VARYING	YES				describe
gold-db-2 postgresql.gold	package_host_associated	47	organism_count	CHARACTER VARYING	YES				describe
gold-db-2 postgresql.gold	package_host_associated	48	oxygenation_status	CHARACTER VARYING	YES				describe
gold-db-2 postgresql.gold	package_host_associated	49	perturbation	CHARACTER VARYING	YES				describe
gold-db-2 postgresql.gold	package_host_associated	50	salinity_concentration	CHARACTER VARYING	YES				describe
gold-db-2 postgresql.gold	package_host_associated	51	sample_collection_temperature	DECIMAL	YES		38	6	describe
gold-db-2 postgresql.gold	package_host_associated	52	sample_collection_temperature2	DECIMAL	YES		38	6	describe
gold-db-2 postgresql.gold	package_host_associated	53	sample_storage_duration	CHARACTER VARYING	YES				describe
gold-db-2 postgresql.gold	package_host_associated	54	sample_storage_location	CHARACTER VARYING	YES				describe
gold-db-2 postgresql.gold	package_host_associated	55	sample_storage_temperature	DECIMAL	YES		38	6	describe
gold-db-2 postgresql.gold	package_host_associated	56	sample_volume_weight	CHARACTER VARYING	YES				describe
gold-db-2 postgresql.gold	package_host_associated	57	package_version_id	DECIMAL	YES		38	6	describe
gold-db-2 postgresql.gold	package_human_associated	1	package_human_associated_id	DECIMAL	YES		38	6	describe
gold-db-2 postgresql.gold	package_human_associated	2	organism_id	DECIMAL	YES		38	6	describe
gold-db-2 postgresql.gold	package_human_associated	3	biosample_id	DECIMAL	YES		38	6	describe
gold-db-2 postgresql.gold	package_human_associated	4	package_version_id	DECIMAL	YES		38	6	describe
gold-db-2 postgresql.gold	package_human_associated	5	add_by	DECIMAL	YES		38	6	describe
gold-db-2 postgresql.gold	package_human_associated	6	add_date	TIMESTAMP	YES				describe
gold-db-2 postgresql.gold	package_human_associated	7	mod_by	DECIMAL	YES		38	6	describe
gold-db-2 postgresql.gold	package_human_associated	8	mod_date	TIMESTAMP	YES				describe
gold-db-2 postgresql.gold	package_human_associated	9	amniotic_fluid_color	CHARACTER VARYING	YES				describe
gold-db-2 postgresql.gold	package_human_associated	10	blood_disorder	CHARACTER VARYING	YES				describe
gold-db-2 postgresql.gold	package_human_associated	11	chemical_administration	CHARACTER VARYING	YES				describe
gold-db-2 postgresql.gold	package_human_associated	12	diet_last_six_month	CHARACTER VARYING	YES				describe
gold-db-2 postgresql.gold	package_human_associated	13	drug_usage	CHARACTER VARYING	YES				describe
gold-db-2 postgresql.gold	package_human_associated	14	foetal_health_status	CHARACTER VARYING	YES				describe
gold-db-2 postgresql.gold	package_human_associated	15	haart_initiation_status	CHARACTER VARYING	YES				describe
gold-db-2 postgresql.gold	package_human_associated	16	gestation_state	CHARACTER VARYING	YES				describe
gold-db-2 postgresql.gold	package_human_associated	17	host_age	CHARACTER VARYING	YES				describe
gold-db-2 postgresql.gold	package_human_associated	18	host_body_mass_index	CHARACTER VARYING	YES				describe
gold-db-2 postgresql.gold	package_human_associated	19	host_body_product	CHARACTER VARYING	YES				describe
gold-db-2 postgresql.gold	package_human_associated	20	host_body_site	CHARACTER VARYING	YES				describe
gold-db-2 postgresql.gold	package_human_associated	21	host_body_temperature	DECIMAL	YES		38	6	describe
gold-db-2 postgresql.gold	package_human_associated	22	host_diet	CHARACTER VARYING	YES				describe
gold-db-2 postgresql.gold	package_human_associated	23	host_disease	CHARACTER VARYING	YES				describe
gold-db-2 postgresql.gold	package_human_associated	24	host_family_relationship	CHARACTER VARYING	YES				describe
gold-db-2 postgresql.gold	package_human_associated	25	host_genotype	CHARACTER VARYING	YES				describe
gold-db-2 postgresql.gold	package_human_associated	26	host_height	DECIMAL	YES		38	6	describe
gold-db-2 postgresql.gold	package_human_associated	27	host_hiv_status	CHARACTER VARYING	YES				describe
gold-db-2 postgresql.gold	package_human_associated	28	host_last_meal	CHARACTER VARYING	YES				describe
gold-db-2 postgresql.gold	package_human_associated	29	host_occupation	CHARACTER VARYING	YES				describe
gold-db-2 postgresql.gold	package_human_associated	30	host_phenotype	CHARACTER VARYING	YES				describe
gold-db-2 postgresql.gold	package_human_associated	31	host_pulse	CHARACTER VARYING	YES				describe
gold-db-2 postgresql.gold	package_human_associated	32	host_sex	CHARACTER VARYING	YES				describe
gold-db-2 postgresql.gold	package_human_associated	33	host_subject_id	CHARACTER VARYING	YES				describe
gold-db-2 postgresql.gold	package_human_associated	34	host_symbiont	CHARACTER VARYING	YES				describe
gold-db-2 postgresql.gold	package_human_associated	35	host_total_mass	DECIMAL	YES		38	6	describe
gold-db-2 postgresql.gold	package_human_associated	36	host_ethnicity	CHARACTER VARYING	YES				describe
gold-db-2 postgresql.gold	package_human_associated	37	ihmc_medication_code	DECIMAL	YES		38	6	describe
gold-db-2 postgresql.gold	package_human_associated	38	kidney_disorder	CHARACTER VARYING	YES				describe
gold-db-2 postgresql.gold	package_human_associated	39	maternal_health_status	CHARACTER VARYING	YES				describe
gold-db-2 postgresql.gold	package_human_associated	40	medical_history_performed	CHARACTER VARYING	YES				describe
gold-db-2 postgresql.gold	package_human_associated	41	nose_throat_disorder	CHARACTER VARYING	YES				describe
gold-db-2 postgresql.gold	package_human_associated	42	pet_farm_animal	CHARACTER VARYING	YES				describe
gold-db-2 postgresql.gold	package_human_associated	43	pulmonary_disorder	CHARACTER VARYING	YES				describe
gold-db-2 postgresql.gold	package_human_associated	44	smoker	CHARACTER VARYING	YES				describe
gold-db-2 postgresql.gold	package_human_associated	45	study_completion_status	CHARACTER VARYING	YES				describe
gold-db-2 postgresql.gold	package_human_associated	46	travel_out_six_month	CHARACTER VARYING	YES				describe
gold-db-2 postgresql.gold	package_human_associated	47	twin_sibling	CHARACTER VARYING	YES				describe
gold-db-2 postgresql.gold	package_human_associated	48	urine_collection_method	CHARACTER VARYING	YES				describe
gold-db-2 postgresql.gold	package_human_associated	49	urogenit_tract_disorer	CHARACTER VARYING	YES				describe
gold-db-2 postgresql.gold	package_human_associated	50	weight_loss_3_month	CHARACTER VARYING	YES				describe
gold-db-2 postgresql.gold	package_human_associated	51	salinity_concentration	CHARACTER VARYING	YES				describe
gold-db-2 postgresql.gold	package_human_associated	52	sample_collection_temperature	DECIMAL	YES		38	6	describe
gold-db-2 postgresql.gold	package_human_associated	53	sample_collection_temperature2	DECIMAL	YES		38	6	describe
gold-db-2 postgresql.gold	package_human_associated	54	organism_count	CHARACTER VARYING	YES				describe
gold-db-2 postgresql.gold	package_human_associated	55	oxygenation_status	CHARACTER VARYING	YES				describe
gold-db-2 postgresql.gold	package_human_associated	56	perturbation	CHARACTER VARYING	YES				describe
gold-db-2 postgresql.gold	package_human_associated	57	miscellaneous_parameter	CHARACTER VARYING	YES				describe
gold-db-2 postgresql.gold	package_human_associated	58	sample_storage_duration	CHARACTER VARYING	YES				describe
gold-db-2 postgresql.gold	package_human_associated	59	sample_storage_location	CHARACTER VARYING	YES				describe
gold-db-2 postgresql.gold	package_human_associated	60	sample_storage_temperature	DECIMAL	YES		38	6	describe
gold-db-2 postgresql.gold	package_human_associated	61	sample_volume_weight	CHARACTER VARYING	YES				describe
gold-db-2 postgresql.gold	package_hydrocarbon_core	1	hydrocarbon_core_package_id	DECIMAL	YES		38	6	describe
gold-db-2 postgresql.gold	package_hydrocarbon_core	2	organism_id	DECIMAL	YES		38	6	describe
gold-db-2 postgresql.gold	package_hydrocarbon_core	3	biosample_id	DECIMAL	YES		38	6	describe
gold-db-2 postgresql.gold	package_hydrocarbon_core	4	ph	DECIMAL	YES		38	6	describe
gold-db-2 postgresql.gold	package_hydrocarbon_core	5	ph2	DECIMAL	YES		38	6	describe
gold-db-2 postgresql.gold	package_hydrocarbon_core	6	temperature	DECIMAL	YES		38	6	describe
gold-db-2 postgresql.gold	package_hydrocarbon_core	7	temperature2	DECIMAL	YES		38	6	describe
gold-db-2 postgresql.gold	package_hydrocarbon_core	8	elevation	DECIMAL	YES		38	6	describe
gold-db-2 postgresql.gold	package_hydrocarbon_core	9	elevation2	DECIMAL	YES		38	6	describe
gold-db-2 postgresql.gold	package_hydrocarbon_core	10	added_by	DECIMAL	YES		38	6	describe
gold-db-2 postgresql.gold	package_hydrocarbon_core	11	add_date	TIMESTAMP	YES				describe
gold-db-2 postgresql.gold	package_hydrocarbon_core	12	mod_by	DECIMAL	YES		38	6	describe
gold-db-2 postgresql.gold	package_hydrocarbon_core	13	mod_date	TIMESTAMP	YES				describe
gold-db-2 postgresql.gold	package_hydrocarbon_core	14	additional_info	CHARACTER VARYING	YES				describe
gold-db-2 postgresql.gold	package_hydrocarbon_core	15	alkalinity	CHARACTER VARYING	YES				describe
gold-db-2 postgresql.gold	package_hydrocarbon_core	16	alkalinity_method	CHARACTER VARYING	YES				describe
gold-db-2 postgresql.gold	package_hydrocarbon_core	17	ammonium	CHARACTER VARYING	YES				describe
gold-db-2 postgresql.gold	package_hydrocarbon_core	18	api_gravity	CHARACTER VARYING	YES				describe
gold-db-2 postgresql.gold	package_hydrocarbon_core	19	aromatics_percentage	CHARACTER VARYING	YES				describe
gold-db-2 postgresql.gold	package_hydrocarbon_core	20	asphaltenes_percentage	CHARACTER VARYING	YES				describe
gold-db-2 postgresql.gold	package_hydrocarbon_core	21	basin_name	CHARACTER VARYING	YES				describe
gold-db-2 postgresql.gold	package_hydrocarbon_core	22	benzene	CHARACTER VARYING	YES				describe
gold-db-2 postgresql.gold	package_hydrocarbon_core	23	calcium	CHARACTER VARYING	YES				describe
gold-db-2 postgresql.gold	package_hydrocarbon_core	24	chloride	CHARACTER VARYING	YES				describe
gold-db-2 postgresql.gold	package_hydrocarbon_core	25	density	CHARACTER VARYING	YES				describe
gold-db-2 postgresql.gold	package_hydrocarbon_core	26	depositional_env	CHARACTER VARYING	YES				describe
gold-db-2 postgresql.gold	package_hydrocarbon_core	27	diss_carb_dioxide	CHARACTER VARYING	YES				describe
gold-db-2 postgresql.gold	package_hydrocarbon_core	28	diss_inorg_carb	CHARACTER VARYING	YES				describe
gold-db-2 postgresql.gold	package_hydrocarbon_core	29	diss_inorg_phosp	CHARACTER VARYING	YES				describe
gold-db-2 postgresql.gold	package_hydrocarbon_core	30	diss_iron	CHARACTER VARYING	YES				describe
gold-db-2 postgresql.gold	package_hydrocarbon_core	31	diss_org_carb	CHARACTER VARYING	YES				describe
gold-db-2 postgresql.gold	package_hydrocarbon_core	32	diss_oxygen_fluid	CHARACTER VARYING	YES				describe
gold-db-2 postgresql.gold	package_hydrocarbon_core	33	ethylbenzene	CHARACTER VARYING	YES				describe
gold-db-2 postgresql.gold	package_hydrocarbon_core	34	field_name	CHARACTER VARYING	YES				describe
gold-db-2 postgresql.gold	package_hydrocarbon_core	35	hc_produced	CHARACTER VARYING	YES				describe
gold-db-2 postgresql.gold	package_hydrocarbon_core	36	hcr_type	CHARACTER VARYING	YES				describe
gold-db-2 postgresql.gold	package_hydrocarbon_core	37	hcr_fw_salinity	CHARACTER VARYING	YES				describe
gold-db-2 postgresql.gold	package_hydrocarbon_core	38	hcr_geol_age	CHARACTER VARYING	YES				describe
gold-db-2 postgresql.gold	package_hydrocarbon_core	39	hcr_pressure	CHARACTER VARYING	YES				describe
gold-db-2 postgresql.gold	package_hydrocarbon_core	40	hcr_temp	CHARACTER VARYING	YES				describe
gold-db-2 postgresql.gold	package_hydrocarbon_core	41	lithology	CHARACTER VARYING	YES				describe
gold-db-2 postgresql.gold	package_hydrocarbon_core	42	magnesium	CHARACTER VARYING	YES				describe
gold-db-2 postgresql.gold	package_hydrocarbon_core	43	misc_param	CHARACTER VARYING	YES				describe
gold-db-2 postgresql.gold	package_hydrocarbon_core	44	nitrate	CHARACTER VARYING	YES				describe
gold-db-2 postgresql.gold	package_hydrocarbon_core	45	nitrite	CHARACTER VARYING	YES				describe
gold-db-2 postgresql.gold	package_hydrocarbon_core	46	organism_count	CHARACTER VARYING	YES				describe
gold-db-2 postgresql.gold	package_hydrocarbon_core	47	organism_count_qpcr_info	CHARACTER VARYING	YES				describe
gold-db-2 postgresql.gold	package_hydrocarbon_core	48	oxy_stat_samp	CHARACTER VARYING	YES				describe
gold-db-2 postgresql.gold	package_hydrocarbon_core	49	potassium	CHARACTER VARYING	YES				describe
gold-db-2 postgresql.gold	package_hydrocarbon_core	50	pour_point	CHARACTER VARYING	YES				describe
gold-db-2 postgresql.gold	package_hydrocarbon_core	51	pressure	CHARACTER VARYING	YES				describe
gold-db-2 postgresql.gold	package_hydrocarbon_core	52	reservoir	CHARACTER VARYING	YES				describe
gold-db-2 postgresql.gold	package_hydrocarbon_core	53	resins_percentage	CHARACTER VARYING	YES				describe
gold-db-2 postgresql.gold	package_hydrocarbon_core	54	sample_salinity	CHARACTER VARYING	YES				describe
gold-db-2 postgresql.gold	package_hydrocarbon_core	55	sample_store_dur	CHARACTER VARYING	YES				describe
gold-db-2 postgresql.gold	package_hydrocarbon_core	56	sample_store_loc	CHARACTER VARYING	YES				describe
gold-db-2 postgresql.gold	package_hydrocarbon_core	57	sample_store_temp	CHARACTER VARYING	YES				describe
gold-db-2 postgresql.gold	package_hydrocarbon_core	58	sample_subtype	CHARACTER VARYING	YES				describe
gold-db-2 postgresql.gold	package_hydrocarbon_core	59	sample_transport_cond	CHARACTER VARYING	YES				describe
gold-db-2 postgresql.gold	package_hydrocarbon_core	60	sample_type	CHARACTER VARYING	YES				describe
gold-db-2 postgresql.gold	package_hydrocarbon_core	61	sample_vol_we_dna_ext	CHARACTER VARYING	YES				describe
gold-db-2 postgresql.gold	package_hydrocarbon_core	62	sample_well_name	CHARACTER VARYING	YES				describe
gold-db-2 postgresql.gold	package_hydrocarbon_core	63	saturates_pc	CHARACTER VARYING	YES				describe
gold-db-2 postgresql.gold	package_hydrocarbon_core	64	sodium	CHARACTER VARYING	YES				describe
gold-db-2 postgresql.gold	package_hydrocarbon_core	65	sulfate	CHARACTER VARYING	YES				describe
gold-db-2 postgresql.gold	package_hydrocarbon_core	66	sulfate_fw	CHARACTER VARYING	YES				describe
gold-db-2 postgresql.gold	package_hydrocarbon_core	67	sulfide	CHARACTER VARYING	YES				describe
gold-db-2 postgresql.gold	package_hydrocarbon_core	68	suspend_solids	CHARACTER VARYING	YES				describe
gold-db-2 postgresql.gold	package_hydrocarbon_core	69	tan	CHARACTER VARYING	YES				describe
gold-db-2 postgresql.gold	package_hydrocarbon_core	70	toluene	CHARACTER VARYING	YES				describe
gold-db-2 postgresql.gold	package_hydrocarbon_core	71	total_iron	CHARACTER VARYING	YES				describe
gold-db-2 postgresql.gold	package_hydrocarbon_core	72	total_nitro	CHARACTER VARYING	YES				describe
gold-db-2 postgresql.gold	package_hydrocarbon_core	73	total_phosp	CHARACTER VARYING	YES				describe
gold-db-2 postgresql.gold	package_hydrocarbon_core	74	total_sulfur	CHARACTER VARYING	YES				describe
gold-db-2 postgresql.gold	package_hydrocarbon_core	75	tvdss_of_hcr_pressure	CHARACTER VARYING	YES				describe
gold-db-2 postgresql.gold	package_hydrocarbon_core	76	tvdss_of_hcr_temp	CHARACTER VARYING	YES				describe
gold-db-2 postgresql.gold	package_hydrocarbon_core	77	vfa	CHARACTER VARYING	YES				describe
gold-db-2 postgresql.gold	package_hydrocarbon_core	78	vfa_fw	CHARACTER VARYING	YES				describe
gold-db-2 postgresql.gold	package_hydrocarbon_core	79	viscosity	CHARACTER VARYING	YES				describe
gold-db-2 postgresql.gold	package_hydrocarbon_core	80	win	CHARACTER VARYING	YES				describe
gold-db-2 postgresql.gold	package_hydrocarbon_core	81	xylene	CHARACTER VARYING	YES				describe
gold-db-2 postgresql.gold	package_hydrocarbon_core	82	owc_tvdss	CHARACTER VARYING	YES				describe
gold-db-2 postgresql.gold	package_hydrocarbon_core	83	permeability	CHARACTER VARYING	YES				describe
gold-db-2 postgresql.gold	package_hydrocarbon_core	84	porosity	CHARACTER VARYING	YES				describe
gold-db-2 postgresql.gold	package_hydrocarbon_core	85	sample_md	CHARACTER VARYING	YES				describe
gold-db-2 postgresql.gold	package_hydrocarbon_core	86	sample_tvdss	CHARACTER VARYING	YES				describe
gold-db-2 postgresql.gold	package_hydrocarbon_core	87	sr_dep_env	CHARACTER VARYING	YES				describe
gold-db-2 postgresql.gold	package_hydrocarbon_core	88	sr_geol_age	CHARACTER VARYING	YES				describe
gold-db-2 postgresql.gold	package_hydrocarbon_core	89	sr_kerog_type	CHARACTER VARYING	YES				describe
gold-db-2 postgresql.gold	package_hydrocarbon_core	90	sr_lithology	CHARACTER VARYING	YES				describe
gold-db-2 postgresql.gold	package_hydrocarbon_core	91	package_version_id	DECIMAL	YES		38	6	describe
gold-db-2 postgresql.gold	package_hydrocarbon_fs	1	hydrocarbon_fs_package_id	DECIMAL	YES		38	6	describe
gold-db-2 postgresql.gold	package_hydrocarbon_fs	2	organism_id	DECIMAL	YES		38	6	describe
gold-db-2 postgresql.gold	package_hydrocarbon_fs	3	biosample_id	DECIMAL	YES		38	6	describe
gold-db-2 postgresql.gold	package_hydrocarbon_fs	4	ph	DECIMAL	YES		38	6	describe
gold-db-2 postgresql.gold	package_hydrocarbon_fs	5	ph2	DECIMAL	YES		38	6	describe
gold-db-2 postgresql.gold	package_hydrocarbon_fs	6	temperature	DECIMAL	YES		38	6	describe
gold-db-2 postgresql.gold	package_hydrocarbon_fs	7	temperature2	DECIMAL	YES		38	6	describe
gold-db-2 postgresql.gold	package_hydrocarbon_fs	8	added_by	DECIMAL	YES		38	6	describe
gold-db-2 postgresql.gold	package_hydrocarbon_fs	9	add_date	TIMESTAMP	YES				describe
gold-db-2 postgresql.gold	package_hydrocarbon_fs	10	mod_by	DECIMAL	YES		38	6	describe
gold-db-2 postgresql.gold	package_hydrocarbon_fs	11	mod_date	TIMESTAMP	YES				describe
gold-db-2 postgresql.gold	package_hydrocarbon_fs	12	additional_info	CHARACTER VARYING	YES				describe
gold-db-2 postgresql.gold	package_hydrocarbon_fs	13	alkalinity	CHARACTER VARYING	YES				describe
gold-db-2 postgresql.gold	package_hydrocarbon_fs	14	alkalinity_method	CHARACTER VARYING	YES				describe
gold-db-2 postgresql.gold	package_hydrocarbon_fs	15	ammonium	CHARACTER VARYING	YES				describe
gold-db-2 postgresql.gold	package_hydrocarbon_fs	16	api_gravity	CHARACTER VARYING	YES				describe
gold-db-2 postgresql.gold	package_hydrocarbon_fs	17	aromatics_percentage	CHARACTER VARYING	YES				describe
gold-db-2 postgresql.gold	package_hydrocarbon_fs	18	asphaltenes_percentage	CHARACTER VARYING	YES				describe
gold-db-2 postgresql.gold	package_hydrocarbon_fs	19	basin_name	CHARACTER VARYING	YES				describe
gold-db-2 postgresql.gold	package_hydrocarbon_fs	20	benzene	CHARACTER VARYING	YES				describe
gold-db-2 postgresql.gold	package_hydrocarbon_fs	21	calcium	CHARACTER VARYING	YES				describe
gold-db-2 postgresql.gold	package_hydrocarbon_fs	22	chloride	CHARACTER VARYING	YES				describe
gold-db-2 postgresql.gold	package_hydrocarbon_fs	23	density	CHARACTER VARYING	YES				describe
gold-db-2 postgresql.gold	package_hydrocarbon_fs	24	depositional_env	CHARACTER VARYING	YES				describe
gold-db-2 postgresql.gold	package_hydrocarbon_fs	25	diss_carb_dioxide	CHARACTER VARYING	YES				describe
gold-db-2 postgresql.gold	package_hydrocarbon_fs	26	diss_inorg_carb	CHARACTER VARYING	YES				describe
gold-db-2 postgresql.gold	package_hydrocarbon_fs	27	diss_inorg_phosp	CHARACTER VARYING	YES				describe
gold-db-2 postgresql.gold	package_hydrocarbon_fs	28	diss_iron	CHARACTER VARYING	YES				describe
gold-db-2 postgresql.gold	package_hydrocarbon_fs	29	diss_org_carb	CHARACTER VARYING	YES				describe
gold-db-2 postgresql.gold	package_hydrocarbon_fs	30	diss_oxygen_fluid	CHARACTER VARYING	YES				describe
gold-db-2 postgresql.gold	package_hydrocarbon_fs	31	ethylbenzene	CHARACTER VARYING	YES				describe
gold-db-2 postgresql.gold	package_hydrocarbon_fs	32	field_name	CHARACTER VARYING	YES				describe
gold-db-2 postgresql.gold	package_hydrocarbon_fs	33	hc_produced	CHARACTER VARYING	YES				describe
gold-db-2 postgresql.gold	package_hydrocarbon_fs	34	hcr_type	CHARACTER VARYING	YES				describe
gold-db-2 postgresql.gold	package_hydrocarbon_fs	35	hcr_fw_salinity	CHARACTER VARYING	YES				describe
gold-db-2 postgresql.gold	package_hydrocarbon_fs	36	hcr_geol_age	CHARACTER VARYING	YES				describe
gold-db-2 postgresql.gold	package_hydrocarbon_fs	37	hcr_pressure	CHARACTER VARYING	YES				describe
gold-db-2 postgresql.gold	package_hydrocarbon_fs	38	hcr_temp	CHARACTER VARYING	YES				describe
gold-db-2 postgresql.gold	package_hydrocarbon_fs	39	lithology	CHARACTER VARYING	YES				describe
gold-db-2 postgresql.gold	package_hydrocarbon_fs	40	magnesium	CHARACTER VARYING	YES				describe
gold-db-2 postgresql.gold	package_hydrocarbon_fs	41	misc_param	CHARACTER VARYING	YES				describe
gold-db-2 postgresql.gold	package_hydrocarbon_fs	42	nitrate	CHARACTER VARYING	YES				describe
gold-db-2 postgresql.gold	package_hydrocarbon_fs	43	nitrite	CHARACTER VARYING	YES				describe
gold-db-2 postgresql.gold	package_hydrocarbon_fs	44	organism_count	CHARACTER VARYING	YES				describe
gold-db-2 postgresql.gold	package_hydrocarbon_fs	45	organism_count_qpcr_info	CHARACTER VARYING	YES				describe
gold-db-2 postgresql.gold	package_hydrocarbon_fs	46	oxy_stat_samp	CHARACTER VARYING	YES				describe
gold-db-2 postgresql.gold	package_hydrocarbon_fs	47	potassium	CHARACTER VARYING	YES				describe
gold-db-2 postgresql.gold	package_hydrocarbon_fs	48	pour_point	CHARACTER VARYING	YES				describe
gold-db-2 postgresql.gold	package_hydrocarbon_fs	49	pressure	CHARACTER VARYING	YES				describe
gold-db-2 postgresql.gold	package_hydrocarbon_fs	50	reservoir	CHARACTER VARYING	YES				describe
gold-db-2 postgresql.gold	package_hydrocarbon_fs	51	resins_percentage	CHARACTER VARYING	YES				describe
gold-db-2 postgresql.gold	package_hydrocarbon_fs	52	sample_salinity	CHARACTER VARYING	YES				describe
gold-db-2 postgresql.gold	package_hydrocarbon_fs	53	sample_store_dur	CHARACTER VARYING	YES				describe
gold-db-2 postgresql.gold	package_hydrocarbon_fs	54	sample_store_loc	CHARACTER VARYING	YES				describe
gold-db-2 postgresql.gold	package_hydrocarbon_fs	55	sample_store_temp	CHARACTER VARYING	YES				describe
gold-db-2 postgresql.gold	package_hydrocarbon_fs	56	sample_subtype	CHARACTER VARYING	YES				describe
gold-db-2 postgresql.gold	package_hydrocarbon_fs	57	sample_transport_cond	CHARACTER VARYING	YES				describe
gold-db-2 postgresql.gold	package_hydrocarbon_fs	58	sample_type	CHARACTER VARYING	YES				describe
gold-db-2 postgresql.gold	package_hydrocarbon_fs	59	sample_vol_we_dna_ext	CHARACTER VARYING	YES				describe
gold-db-2 postgresql.gold	package_hydrocarbon_fs	60	sample_well_name	CHARACTER VARYING	YES				describe
gold-db-2 postgresql.gold	package_hydrocarbon_fs	61	saturates_pc	CHARACTER VARYING	YES				describe
gold-db-2 postgresql.gold	package_hydrocarbon_fs	62	sodium	CHARACTER VARYING	YES				describe
gold-db-2 postgresql.gold	package_hydrocarbon_fs	63	sulfate	CHARACTER VARYING	YES				describe
gold-db-2 postgresql.gold	package_hydrocarbon_fs	64	sulfate_fw	CHARACTER VARYING	YES				describe
gold-db-2 postgresql.gold	package_hydrocarbon_fs	65	sulfide	CHARACTER VARYING	YES				describe
gold-db-2 postgresql.gold	package_hydrocarbon_fs	66	suspend_solids	CHARACTER VARYING	YES				describe
gold-db-2 postgresql.gold	package_hydrocarbon_fs	67	tan	CHARACTER VARYING	YES				describe
gold-db-2 postgresql.gold	package_hydrocarbon_fs	68	toluene	CHARACTER VARYING	YES				describe
gold-db-2 postgresql.gold	package_hydrocarbon_fs	69	total_iron	CHARACTER VARYING	YES				describe
gold-db-2 postgresql.gold	package_hydrocarbon_fs	70	total_nitro	CHARACTER VARYING	YES				describe
gold-db-2 postgresql.gold	package_hydrocarbon_fs	71	total_phosp	CHARACTER VARYING	YES				describe
gold-db-2 postgresql.gold	package_hydrocarbon_fs	72	total_sulfur	CHARACTER VARYING	YES				describe
gold-db-2 postgresql.gold	package_hydrocarbon_fs	73	tvdss_of_hcr_pressure	CHARACTER VARYING	YES				describe
gold-db-2 postgresql.gold	package_hydrocarbon_fs	74	tvdss_of_hcr_temp	CHARACTER VARYING	YES				describe
gold-db-2 postgresql.gold	package_hydrocarbon_fs	75	vfa	CHARACTER VARYING	YES				describe
gold-db-2 postgresql.gold	package_hydrocarbon_fs	76	vfa_fw	CHARACTER VARYING	YES				describe
gold-db-2 postgresql.gold	package_hydrocarbon_fs	77	viscosity	CHARACTER VARYING	YES				describe
gold-db-2 postgresql.gold	package_hydrocarbon_fs	78	win	CHARACTER VARYING	YES				describe
gold-db-2 postgresql.gold	package_hydrocarbon_fs	79	xylene	CHARACTER VARYING	YES				describe
gold-db-2 postgresql.gold	package_hydrocarbon_fs	80	add_recov_method	CHARACTER VARYING	YES				describe
gold-db-2 postgresql.gold	package_hydrocarbon_fs	81	biocide	CHARACTER VARYING	YES				describe
gold-db-2 postgresql.gold	package_hydrocarbon_fs	82	biocide_admin_method	CHARACTER VARYING	YES				describe
gold-db-2 postgresql.gold	package_hydrocarbon_fs	83	chem_treatment	CHARACTER VARYING	YES				describe
gold-db-2 postgresql.gold	package_hydrocarbon_fs	84	chem_treatment_method	CHARACTER VARYING	YES				describe
gold-db-2 postgresql.gold	package_hydrocarbon_fs	85	iw_bt_date_well	CHARACTER VARYING	YES				describe
gold-db-2 postgresql.gold	package_hydrocarbon_fs	86	injection_water_fraction	CHARACTER VARYING	YES				describe
gold-db-2 postgresql.gold	package_hydrocarbon_fs	87	prod_rate	CHARACTER VARYING	YES				describe
gold-db-2 postgresql.gold	package_hydrocarbon_fs	88	prod_start_date	CHARACTER VARYING	YES				describe
gold-db-2 postgresql.gold	package_hydrocarbon_fs	89	samp_collection_point	CHARACTER VARYING	YES				describe
gold-db-2 postgresql.gold	package_hydrocarbon_fs	90	samp_loc_corr_rate	CHARACTER VARYING	YES				describe
gold-db-2 postgresql.gold	package_hydrocarbon_fs	91	samp_preserv	CHARACTER VARYING	YES				describe
gold-db-2 postgresql.gold	package_hydrocarbon_fs	92	water_cut	CHARACTER VARYING	YES				describe
gold-db-2 postgresql.gold	package_hydrocarbon_fs	93	water_production_rate	CHARACTER VARYING	YES				describe
gold-db-2 postgresql.gold	package_hydrocarbon_fs	94	package_version_id	DECIMAL	YES		38	6	describe
gold-db-2 postgresql.gold	package_microbial_mat	1	microbial_mat_package_id	DECIMAL	YES		38	6	describe
gold-db-2 postgresql.gold	package_microbial_mat	2	organism_id	DECIMAL	YES		38	6	describe
gold-db-2 postgresql.gold	package_microbial_mat	3	biosample_id	DECIMAL	YES		38	6	describe
gold-db-2 postgresql.gold	package_microbial_mat	4	ph	DECIMAL	YES		38	6	describe
gold-db-2 postgresql.gold	package_microbial_mat	5	ph2	DECIMAL	YES		38	6	describe
gold-db-2 postgresql.gold	package_microbial_mat	6	elevation	DECIMAL	YES		38	6	describe
gold-db-2 postgresql.gold	package_microbial_mat	7	elevation2	DECIMAL	YES		38	6	describe
gold-db-2 postgresql.gold	package_microbial_mat	8	depth	DECIMAL	YES		38	6	describe
gold-db-2 postgresql.gold	package_microbial_mat	9	depth2	DECIMAL	YES		38	6	describe
gold-db-2 postgresql.gold	package_microbial_mat	10	alkalinity	CHARACTER VARYING	YES				describe
gold-db-2 postgresql.gold	package_microbial_mat	11	alkyl_diethers	CHARACTER VARYING	YES				describe
gold-db-2 postgresql.gold	package_microbial_mat	12	aminopept_act	CHARACTER VARYING	YES				describe
gold-db-2 postgresql.gold	package_microbial_mat	13	ammonium	CHARACTER VARYING	YES				describe
gold-db-2 postgresql.gold	package_microbial_mat	14	bacterial_carbon_prod	CHARACTER VARYING	YES				describe
gold-db-2 postgresql.gold	package_microbial_mat	15	biomass	CHARACTER VARYING	YES				describe
gold-db-2 postgresql.gold	package_microbial_mat	16	bishomohopanol	CHARACTER VARYING	YES				describe
gold-db-2 postgresql.gold	package_microbial_mat	17	bromide	CHARACTER VARYING	YES				describe
gold-db-2 postgresql.gold	package_microbial_mat	18	calcium	CHARACTER VARYING	YES				describe
gold-db-2 postgresql.gold	package_microbial_mat	19	carbon_nitrog_ratio	CHARACTER VARYING	YES				describe
gold-db-2 postgresql.gold	package_microbial_mat	20	chem_administration	CHARACTER VARYING	YES				describe
gold-db-2 postgresql.gold	package_microbial_mat	21	chloride	CHARACTER VARYING	YES				describe
gold-db-2 postgresql.gold	package_microbial_mat	22	chlorophyll	CHARACTER VARYING	YES				describe
gold-db-2 postgresql.gold	package_microbial_mat	23	diether_lipids	CHARACTER VARYING	YES				describe
gold-db-2 postgresql.gold	package_microbial_mat	24	diss_carbon_dioxide	CHARACTER VARYING	YES				describe
gold-db-2 postgresql.gold	package_microbial_mat	25	diss_hydrogen	CHARACTER VARYING	YES				describe
gold-db-2 postgresql.gold	package_microbial_mat	26	diss_inorg_carbon	CHARACTER VARYING	YES				describe
gold-db-2 postgresql.gold	package_microbial_mat	27	diss_org_carbon	CHARACTER VARYING	YES				describe
gold-db-2 postgresql.gold	package_microbial_mat	28	diss_org_nitrogen	CHARACTER VARYING	YES				describe
gold-db-2 postgresql.gold	package_microbial_mat	29	diss_oxygen	CHARACTER VARYING	YES				describe
gold-db-2 postgresql.gold	package_microbial_mat	30	glucosidase_activity	CHARACTER VARYING	YES				describe
gold-db-2 postgresql.gold	package_microbial_mat	31	magnesium	CHARACTER VARYING	YES				describe
gold-db-2 postgresql.gold	package_microbial_mat	32	mean_frict_vel	CHARACTER VARYING	YES				describe
gold-db-2 postgresql.gold	package_microbial_mat	33	mean_peak_frict_vel	CHARACTER VARYING	YES				describe
gold-db-2 postgresql.gold	package_microbial_mat	34	methane	CHARACTER VARYING	YES				describe
gold-db-2 postgresql.gold	package_microbial_mat	35	n_alkanes	CHARACTER VARYING	YES				describe
gold-db-2 postgresql.gold	package_microbial_mat	36	nitrate	CHARACTER VARYING	YES				describe
gold-db-2 postgresql.gold	package_microbial_mat	37	nitrite	CHARACTER VARYING	YES				describe
gold-db-2 postgresql.gold	package_microbial_mat	38	nitrogen	CHARACTER VARYING	YES				describe
gold-db-2 postgresql.gold	package_microbial_mat	39	org_carbon	CHARACTER VARYING	YES				describe
gold-db-2 postgresql.gold	package_microbial_mat	40	org_matter	CHARACTER VARYING	YES				describe
gold-db-2 postgresql.gold	package_microbial_mat	41	org_nitrogen	CHARACTER VARYING	YES				describe
gold-db-2 postgresql.gold	package_microbial_mat	42	organism_count	CHARACTER VARYING	YES				describe
gold-db-2 postgresql.gold	package_microbial_mat	43	oxy_stat_sample	CHARACTER VARYING	YES				describe
gold-db-2 postgresql.gold	package_microbial_mat	44	particulate_org_carbon	CHARACTER VARYING	YES				describe
gold-db-2 postgresql.gold	package_microbial_mat	45	perturbation	CHARACTER VARYING	YES				describe
gold-db-2 postgresql.gold	package_microbial_mat	46	petroleum_hydrocarbon	CHARACTER VARYING	YES				describe
gold-db-2 postgresql.gold	package_microbial_mat	47	phaeopigments	CHARACTER VARYING	YES				describe
gold-db-2 postgresql.gold	package_microbial_mat	48	phosphate	CHARACTER VARYING	YES				describe
gold-db-2 postgresql.gold	package_microbial_mat	49	phosplipid_fatt_acid	CHARACTER VARYING	YES				describe
gold-db-2 postgresql.gold	package_microbial_mat	50	potassium	CHARACTER VARYING	YES				describe
gold-db-2 postgresql.gold	package_microbial_mat	51	pressure	CHARACTER VARYING	YES				describe
gold-db-2 postgresql.gold	package_microbial_mat	52	redox_potential	CHARACTER VARYING	YES				describe
gold-db-2 postgresql.gold	package_microbial_mat	53	salinity	CHARACTER VARYING	YES				describe
gold-db-2 postgresql.gold	package_microbial_mat	54	silicate	CHARACTER VARYING	YES				describe
gold-db-2 postgresql.gold	package_microbial_mat	55	sodium	CHARACTER VARYING	YES				describe
gold-db-2 postgresql.gold	package_microbial_mat	56	sulfate	CHARACTER VARYING	YES				describe
gold-db-2 postgresql.gold	package_microbial_mat	57	sulfide	CHARACTER VARYING	YES				describe
gold-db-2 postgresql.gold	package_microbial_mat	58	temperature	DECIMAL	YES		38	6	describe
gold-db-2 postgresql.gold	package_microbial_mat	59	temperature2	DECIMAL	YES		38	6	describe
gold-db-2 postgresql.gold	package_microbial_mat	60	tot_carbon	CHARACTER VARYING	YES				describe
gold-db-2 postgresql.gold	package_microbial_mat	61	tot_nitrogen_content	CHARACTER VARYING	YES				describe
gold-db-2 postgresql.gold	package_microbial_mat	62	tot_organic_carbon	CHARACTER VARYING	YES				describe
gold-db-2 postgresql.gold	package_microbial_mat	63	turbidity	CHARACTER VARYING	YES				describe
gold-db-2 postgresql.gold	package_microbial_mat	64	water_content	CHARACTER VARYING	YES				describe
gold-db-2 postgresql.gold	package_microbial_mat	65	misc_parameter	CHARACTER VARYING	YES				describe
gold-db-2 postgresql.gold	package_microbial_mat	66	samp_store_dur	CHARACTER VARYING	YES				describe
gold-db-2 postgresql.gold	package_microbial_mat	67	samp_store_loc	CHARACTER VARYING	YES				describe
gold-db-2 postgresql.gold	package_microbial_mat	68	samp_store_temp	CHARACTER VARYING	YES				describe
gold-db-2 postgresql.gold	package_microbial_mat	69	sample_weight_dna_ext	CHARACTER VARYING	YES				describe
gold-db-2 postgresql.gold	package_microbial_mat	70	added_by	DECIMAL	YES		38	6	describe
gold-db-2 postgresql.gold	package_microbial_mat	71	add_date	TIMESTAMP	YES				describe
gold-db-2 postgresql.gold	package_microbial_mat	72	mod_by	DECIMAL	YES		38	6	describe
gold-db-2 postgresql.gold	package_microbial_mat	73	mod_date	TIMESTAMP	YES				describe
gold-db-2 postgresql.gold	package_microbial_mat	74	sample_vol_we_dna_ext	CHARACTER VARYING	YES				describe
gold-db-2 postgresql.gold	package_microbial_mat	75	package_version_id	DECIMAL	YES		38	6	describe
gold-db-2 postgresql.gold	package_plant	1	plant_package_id	DECIMAL	YES		38	6	describe
gold-db-2 postgresql.gold	package_plant	2	organism_id	DECIMAL	YES		38	6	describe
gold-db-2 postgresql.gold	package_plant	3	biosample_id	DECIMAL	YES		38	6	describe
gold-db-2 postgresql.gold	package_plant	4	depth	DECIMAL	YES		38	6	describe
gold-db-2 postgresql.gold	package_plant	5	depth2	DECIMAL	YES		38	6	describe
gold-db-2 postgresql.gold	package_plant	6	elevation	DECIMAL	YES		38	6	describe
gold-db-2 postgresql.gold	package_plant	7	elevation2	DECIMAL	YES		38	6	describe
gold-db-2 postgresql.gold	package_plant	8	growth_temperature	CHARACTER VARYING	YES				describe
gold-db-2 postgresql.gold	package_plant	9	growth_temperature2	CHARACTER VARYING	YES				describe
gold-db-2 postgresql.gold	package_plant	10	sample_storage_temperature	DECIMAL	YES		38	6	describe
gold-db-2 postgresql.gold	package_plant	11	sample_storage_location	CHARACTER VARYING	YES				describe
gold-db-2 postgresql.gold	package_plant	12	sample_storage_duration	CHARACTER VARYING	YES				describe
gold-db-2 postgresql.gold	package_plant	13	perturbation	CHARACTER VARYING	YES				describe
gold-db-2 postgresql.gold	package_plant	14	oxygen_stat_sample	CHARACTER VARYING	YES				describe
gold-db-2 postgresql.gold	package_plant	15	organism_count	CHARACTER VARYING	YES				describe
gold-db-2 postgresql.gold	package_plant	16	chemical_administration	CHARACTER VARYING	YES				describe
gold-db-2 postgresql.gold	package_plant	17	sample_weight_dna_ext	CHARACTER VARYING	YES				describe
gold-db-2 postgresql.gold	package_plant	18	sample_volume	CHARACTER VARYING	YES				describe
gold-db-2 postgresql.gold	package_plant	19	sample_salinity	CHARACTER VARYING	YES				describe
gold-db-2 postgresql.gold	package_plant	20	host_taxonomy_id	CHARACTER VARYING	YES				describe
gold-db-2 postgresql.gold	package_plant	21	host_common_name	CHARACTER VARYING	YES				describe
gold-db-2 postgresql.gold	package_plant	22	host_age	CHARACTER VARYING	YES				describe
gold-db-2 postgresql.gold	package_plant	23	air_temperature_regimen	CHARACTER VARYING	YES				describe
gold-db-2 postgresql.gold	package_plant	24	ancestral_data	CHARACTER VARYING	YES				describe
gold-db-2 postgresql.gold	package_plant	25	antibiotic_regimen	CHARACTER VARYING	YES				describe
gold-db-2 postgresql.gold	package_plant	26	biological_status	CHARACTER VARYING	YES				describe
gold-db-2 postgresql.gold	package_plant	27	biotic_regimen	CHARACTER VARYING	YES				describe
gold-db-2 postgresql.gold	package_plant	28	chemical_mutagen	CHARACTER VARYING	YES				describe
gold-db-2 postgresql.gold	package_plant	29	climate_environment	CHARACTER VARYING	YES				describe
gold-db-2 postgresql.gold	package_plant	30	culture_rooting_medium	CHARACTER VARYING	YES				describe
gold-db-2 postgresql.gold	package_plant	31	fertilizer_regimen	CHARACTER VARYING	YES				describe
gold-db-2 postgresql.gold	package_plant	32	fungicide_regimen	CHARACTER VARYING	YES				describe
gold-db-2 postgresql.gold	package_plant	33	gaseous_environment	CHARACTER VARYING	YES				describe
gold-db-2 postgresql.gold	package_plant	34	genetic_modification	CHARACTER VARYING	YES				describe
gold-db-2 postgresql.gold	package_plant	35	gravity	CHARACTER VARYING	YES				describe
gold-db-2 postgresql.gold	package_plant	36	growth_facility	CHARACTER VARYING	YES				describe
gold-db-2 postgresql.gold	package_plant	37	growth_habit	CHARACTER VARYING	YES				describe
gold-db-2 postgresql.gold	package_plant	38	growth_hormone_regimen	CHARACTER VARYING	YES				describe
gold-db-2 postgresql.gold	package_plant	39	herbicide_regimen	CHARACTER VARYING	YES				describe
gold-db-2 postgresql.gold	package_plant	40	host_disease_status	CHARACTER VARYING	YES				describe
gold-db-2 postgresql.gold	package_plant	41	host_dry_mass	CHARACTER VARYING	YES				describe
gold-db-2 postgresql.gold	package_plant	42	host_genotype	CHARACTER VARYING	YES				describe
gold-db-2 postgresql.gold	package_plant	43	host_height	CHARACTER VARYING	YES				describe
gold-db-2 postgresql.gold	package_plant	44	host_infra_specific_name	CHARACTER VARYING	YES				describe
gold-db-2 postgresql.gold	package_plant	45	host_infra_specific_rank	CHARACTER VARYING	YES				describe
gold-db-2 postgresql.gold	package_plant	46	host_length	CHARACTER VARYING	YES				describe
gold-db-2 postgresql.gold	package_plant	47	host_life_stage	CHARACTER VARYING	YES				describe
gold-db-2 postgresql.gold	package_plant	48	host_phenotype	CHARACTER VARYING	YES				describe
gold-db-2 postgresql.gold	package_plant	49	host_tot_mass	CHARACTER VARYING	YES				describe
gold-db-2 postgresql.gold	package_plant	50	host_wet_mass	CHARACTER VARYING	YES				describe
gold-db-2 postgresql.gold	package_plant	51	humidity_regimen	CHARACTER VARYING	YES				describe
gold-db-2 postgresql.gold	package_plant	52	light_regimen	CHARACTER VARYING	YES				describe
gold-db-2 postgresql.gold	package_plant	53	mechanical_damage	CHARACTER VARYING	YES				describe
gold-db-2 postgresql.gold	package_plant	54	mineral_nutr_regimen	CHARACTER VARYING	YES				describe
gold-db-2 postgresql.gold	package_plant	55	misc_param	CHARACTER VARYING	YES				describe
gold-db-2 postgresql.gold	package_plant	56	non_mineral_nutr_regimen	CHARACTER VARYING	YES				describe
gold-db-2 postgresql.gold	package_plant	57	pesticide_regimen	CHARACTER VARYING	YES				describe
gold-db-2 postgresql.gold	package_plant	58	ph_regimen	CHARACTER VARYING	YES				describe
gold-db-2 postgresql.gold	package_plant	59	plant_growth_med	CHARACTER VARYING	YES				describe
gold-db-2 postgresql.gold	package_plant	60	plant_product	CHARACTER VARYING	YES				describe
gold-db-2 postgresql.gold	package_plant	61	plant_sex	CHARACTER VARYING	YES				describe
gold-db-2 postgresql.gold	package_plant	62	plant_structure	CHARACTER VARYING	YES				describe
gold-db-2 postgresql.gold	package_plant	63	radiation_regimen	CHARACTER VARYING	YES				describe
gold-db-2 postgresql.gold	package_plant	64	rainfall_regimen	CHARACTER VARYING	YES				describe
gold-db-2 postgresql.gold	package_plant	65	root_cond	CHARACTER VARYING	YES				describe
gold-db-2 postgresql.gold	package_plant	66	rooting_medium_carbon	CHARACTER VARYING	YES				describe
gold-db-2 postgresql.gold	package_plant	67	rooting_medium_macronutr	CHARACTER VARYING	YES				describe
gold-db-2 postgresql.gold	package_plant	68	rooting_medium_micronutr	CHARACTER VARYING	YES				describe
gold-db-2 postgresql.gold	package_plant	69	rooting_medium_ph	CHARACTER VARYING	YES				describe
gold-db-2 postgresql.gold	package_plant	70	rooting_medium_regl	CHARACTER VARYING	YES				describe
gold-db-2 postgresql.gold	package_plant	71	rooting_medium_solid	CHARACTER VARYING	YES				describe
gold-db-2 postgresql.gold	package_plant	72	rooting_medium_suppl	CHARACTER VARYING	YES				describe
gold-db-2 postgresql.gold	package_plant	73	salt_regimen	CHARACTER VARYING	YES				describe
gold-db-2 postgresql.gold	package_plant	74	samp_dis_stage	CHARACTER VARYING	YES				describe
gold-db-2 postgresql.gold	package_plant	75	sample_capture_status	CHARACTER VARYING	YES				describe
gold-db-2 postgresql.gold	package_plant	76	season_environment	CHARACTER VARYING	YES				describe
gold-db-2 postgresql.gold	package_plant	77	standing_water_regimen	CHARACTER VARYING	YES				describe
gold-db-2 postgresql.gold	package_plant	78	tiss_cult_growth_med	CHARACTER VARYING	YES				describe
gold-db-2 postgresql.gold	package_plant	79	water_temp_regimen	CHARACTER VARYING	YES				describe
gold-db-2 postgresql.gold	package_plant	80	watering_regimen	CHARACTER VARYING	YES				describe
gold-db-2 postgresql.gold	package_plant	81	added_by	DECIMAL	YES		38	6	describe
gold-db-2 postgresql.gold	package_plant	82	add_date	TIMESTAMP	YES				describe
gold-db-2 postgresql.gold	package_plant	83	mod_by	DECIMAL	YES		38	6	describe
gold-db-2 postgresql.gold	package_plant	84	mod_date	TIMESTAMP	YES				describe
gold-db-2 postgresql.gold	package_plant	85	sample_vol_we_dna_ext	CHARACTER VARYING	YES				describe
gold-db-2 postgresql.gold	package_plant	86	host_subspecf_genlin	CHARACTER VARYING	YES				describe
gold-db-2 postgresql.gold	package_plant	87	host_symbiont	CHARACTER VARYING	YES				describe
gold-db-2 postgresql.gold	package_plant	88	package_version_id	DECIMAL	YES		38	6	describe
gold-db-2 postgresql.gold	package_sediment	1	sediment_package_id	DECIMAL	YES		38	6	describe
gold-db-2 postgresql.gold	package_sediment	2	organism_id	DECIMAL	YES		38	6	describe
gold-db-2 postgresql.gold	package_sediment	3	biosample_id	DECIMAL	YES		38	6	describe
gold-db-2 postgresql.gold	package_sediment	4	ph	DECIMAL	YES		38	6	describe
gold-db-2 postgresql.gold	package_sediment	5	ph2	DECIMAL	YES		38	6	describe
gold-db-2 postgresql.gold	package_sediment	6	temperature	DECIMAL	YES		38	6	describe
gold-db-2 postgresql.gold	package_sediment	7	temperature2	DECIMAL	YES		38	6	describe
gold-db-2 postgresql.gold	package_sediment	8	depth	DECIMAL	YES		38	6	describe
gold-db-2 postgresql.gold	package_sediment	9	depth2	DECIMAL	YES		38	6	describe
gold-db-2 postgresql.gold	package_sediment	10	elevation	DECIMAL	YES		38	6	describe
gold-db-2 postgresql.gold	package_sediment	11	elevation2	DECIMAL	YES		38	6	describe
gold-db-2 postgresql.gold	package_sediment	12	added_by	DECIMAL	YES		38	6	describe
gold-db-2 postgresql.gold	package_sediment	13	add_date	TIMESTAMP	YES				describe
gold-db-2 postgresql.gold	package_sediment	14	mod_by	DECIMAL	YES		38	6	describe
gold-db-2 postgresql.gold	package_sediment	15	mod_date	TIMESTAMP	YES				describe
gold-db-2 postgresql.gold	package_sediment	16	alkalinity	CHARACTER VARYING	YES				describe
gold-db-2 postgresql.gold	package_sediment	17	alkyl_diethers	CHARACTER VARYING	YES				describe
gold-db-2 postgresql.gold	package_sediment	18	aminopept_act	CHARACTER VARYING	YES				describe
gold-db-2 postgresql.gold	package_sediment	19	ammonium	CHARACTER VARYING	YES				describe
gold-db-2 postgresql.gold	package_sediment	20	bacterial_carbon_prod	CHARACTER VARYING	YES				describe
gold-db-2 postgresql.gold	package_sediment	21	biomass	CHARACTER VARYING	YES				describe
gold-db-2 postgresql.gold	package_sediment	22	bishomohopanol	CHARACTER VARYING	YES				describe
gold-db-2 postgresql.gold	package_sediment	23	bromide	CHARACTER VARYING	YES				describe
gold-db-2 postgresql.gold	package_sediment	24	calcium	CHARACTER VARYING	YES				describe
gold-db-2 postgresql.gold	package_sediment	25	carbon_nitrog_ratio	CHARACTER VARYING	YES				describe
gold-db-2 postgresql.gold	package_sediment	26	chem_administration	CHARACTER VARYING	YES				describe
gold-db-2 postgresql.gold	package_sediment	27	chloride	CHARACTER VARYING	YES				describe
gold-db-2 postgresql.gold	package_sediment	28	chlorophyll	CHARACTER VARYING	YES				describe
gold-db-2 postgresql.gold	package_sediment	29	density	CHARACTER VARYING	YES				describe
gold-db-2 postgresql.gold	package_sediment	30	diether_lipids	CHARACTER VARYING	YES				describe
gold-db-2 postgresql.gold	package_sediment	31	diss_carbon_dioxide	CHARACTER VARYING	YES				describe
gold-db-2 postgresql.gold	package_sediment	32	diss_hydrogen	CHARACTER VARYING	YES				describe
gold-db-2 postgresql.gold	package_sediment	33	diss_inorg_carbon	CHARACTER VARYING	YES				describe
gold-db-2 postgresql.gold	package_sediment	34	diss_org_carbon	CHARACTER VARYING	YES				describe
gold-db-2 postgresql.gold	package_sediment	35	diss_org_nitrogen	CHARACTER VARYING	YES				describe
gold-db-2 postgresql.gold	package_sediment	36	diss_oxygen	CHARACTER VARYING	YES				describe
gold-db-2 postgresql.gold	package_sediment	37	glucosidase_activity	CHARACTER VARYING	YES				describe
gold-db-2 postgresql.gold	package_sediment	38	magnesium	CHARACTER VARYING	YES				describe
gold-db-2 postgresql.gold	package_sediment	39	mean_frict_vel	CHARACTER VARYING	YES				describe
gold-db-2 postgresql.gold	package_sediment	40	mean_peak_frict_vel	CHARACTER VARYING	YES				describe
gold-db-2 postgresql.gold	package_sediment	41	methane	CHARACTER VARYING	YES				describe
gold-db-2 postgresql.gold	package_sediment	42	misc_parameter	CHARACTER VARYING	YES				describe
gold-db-2 postgresql.gold	package_sediment	43	n_alkanes	CHARACTER VARYING	YES				describe
gold-db-2 postgresql.gold	package_sediment	44	nitrate	CHARACTER VARYING	YES				describe
gold-db-2 postgresql.gold	package_sediment	45	nitrite	CHARACTER VARYING	YES				describe
gold-db-2 postgresql.gold	package_sediment	46	nitrogen	CHARACTER VARYING	YES				describe
gold-db-2 postgresql.gold	package_sediment	47	org_carbon	CHARACTER VARYING	YES				describe
gold-db-2 postgresql.gold	package_sediment	48	org_matter	CHARACTER VARYING	YES				describe
gold-db-2 postgresql.gold	package_sediment	49	org_nitrogen	CHARACTER VARYING	YES				describe
gold-db-2 postgresql.gold	package_sediment	50	organism_count	CHARACTER VARYING	YES				describe
gold-db-2 postgresql.gold	package_sediment	51	oxy_stat_sample	CHARACTER VARYING	YES				describe
gold-db-2 postgresql.gold	package_sediment	52	part_org_carbon	CHARACTER VARYING	YES				describe
gold-db-2 postgresql.gold	package_sediment	53	particle_class	CHARACTER VARYING	YES				describe
gold-db-2 postgresql.gold	package_sediment	54	perturbation	CHARACTER VARYING	YES				describe
gold-db-2 postgresql.gold	package_sediment	55	petroleum_hydrocarbon	CHARACTER VARYING	YES				describe
gold-db-2 postgresql.gold	package_sediment	56	phaeopigments	CHARACTER VARYING	YES				describe
gold-db-2 postgresql.gold	package_sediment	57	phosphate	CHARACTER VARYING	YES				describe
gold-db-2 postgresql.gold	package_sediment	58	phosplipid_fatt_acid	CHARACTER VARYING	YES				describe
gold-db-2 postgresql.gold	package_sediment	59	porosity	CHARACTER VARYING	YES				describe
gold-db-2 postgresql.gold	package_sediment	60	potassium	CHARACTER VARYING	YES				describe
gold-db-2 postgresql.gold	package_sediment	61	pressure	CHARACTER VARYING	YES				describe
gold-db-2 postgresql.gold	package_sediment	62	redox_potential	CHARACTER VARYING	YES				describe
gold-db-2 postgresql.gold	package_sediment	63	samp_store_dur	CHARACTER VARYING	YES				describe
gold-db-2 postgresql.gold	package_sediment	64	samp_store_loc	CHARACTER VARYING	YES				describe
gold-db-2 postgresql.gold	package_sediment	65	samp_store_temp	CHARACTER VARYING	YES				describe
gold-db-2 postgresql.gold	package_sediment	66	sample_vol_dna_ext	CHARACTER VARYING	YES				describe
gold-db-2 postgresql.gold	package_sediment	67	sediment_type	CHARACTER VARYING	YES				describe
gold-db-2 postgresql.gold	package_sediment	68	silicate	CHARACTER VARYING	YES				describe
gold-db-2 postgresql.gold	package_sediment	69	sodium	CHARACTER VARYING	YES				describe
gold-db-2 postgresql.gold	package_sediment	70	sulfate	CHARACTER VARYING	YES				describe
gold-db-2 postgresql.gold	package_sediment	71	sulfide	CHARACTER VARYING	YES				describe
gold-db-2 postgresql.gold	package_sediment	72	tidal_stage	CHARACTER VARYING	YES				describe
gold-db-2 postgresql.gold	package_sediment	73	tot_carbon	CHARACTER VARYING	YES				describe
gold-db-2 postgresql.gold	package_sediment	74	tot_depth_col	CHARACTER VARYING	YES				describe
gold-db-2 postgresql.gold	package_sediment	75	tot_nitrogen_content	CHARACTER VARYING	YES				describe
gold-db-2 postgresql.gold	package_sediment	76	tot_organic_carbon	CHARACTER VARYING	YES				describe
gold-db-2 postgresql.gold	package_sediment	77	turbidity	CHARACTER VARYING	YES				describe
gold-db-2 postgresql.gold	package_sediment	78	water_content	CHARACTER VARYING	YES				describe
gold-db-2 postgresql.gold	package_sediment	79	salinity	CHARACTER VARYING	YES				describe
gold-db-2 postgresql.gold	package_sediment	80	sample_vol_we_dna_ext	CHARACTER VARYING	YES				describe
gold-db-2 postgresql.gold	package_sediment	81	package_version_id	DECIMAL	YES		38	6	describe
gold-db-2 postgresql.gold	package_selection	1	package_selection_id	DECIMAL	YES		38	6	describe
gold-db-2 postgresql.gold	package_selection	2	organism_id	DECIMAL	YES		38	6	describe
gold-db-2 postgresql.gold	package_selection	3	biosample_id	DECIMAL	YES		38	6	describe
gold-db-2 postgresql.gold	package_selection	4	package_name	CHARACTER VARYING	YES				describe
gold-db-2 postgresql.gold	package_soil	1	soil_package_id	DECIMAL	YES		38	6	information_schema
gold-db-2 postgresql.gold	package_soil	2	soil_depth	DECIMAL	YES		38	6	information_schema
gold-db-2 postgresql.gold	package_soil	3	soil_depth2	DECIMAL	YES		38	6	information_schema
gold-db-2 postgresql.gold	package_soil	4	soil_elevation	DECIMAL	YES		38	6	information_schema
gold-db-2 postgresql.gold	package_soil	5	soil_elevation2	DECIMAL	YES		38	6	information_schema
gold-db-2 postgresql.gold	package_soil	6	soil_mean_annual_precpt	DECIMAL	YES		38	6	information_schema
gold-db-2 postgresql.gold	package_soil	7	soil_mean_seasonal_precpt	DECIMAL	YES		38	6	information_schema
gold-db-2 postgresql.gold	package_soil	8	soil_mean_annual_temp	DECIMAL	YES		38	6	information_schema
gold-db-2 postgresql.gold	package_soil	9	soil_mean_seasonal_temp	DECIMAL	YES		38	6	information_schema
gold-db-2 postgresql.gold	package_soil	10	soil_link_climate_info	CHARACTER VARYING	YES	65536			information_schema
gold-db-2 postgresql.gold	package_soil	11	soil_crop_rotation	CHARACTER VARYING	YES	65536			information_schema
gold-db-2 postgresql.gold	package_soil	12	soil_curr_land_use	CHARACTER VARYING	YES	65536			information_schema
gold-db-2 postgresql.gold	package_soil	13	soil_curr_vegetation	CHARACTER VARYING	YES	65536			information_schema
gold-db-2 postgresql.gold	package_soil	14	soil_curr_vegetation_method	CHARACTER VARYING	YES	65536			information_schema
gold-db-2 postgresql.gold	package_soil	15	soil_fire	CHARACTER VARYING	YES	65536			information_schema
gold-db-2 postgresql.gold	package_soil	16	soil_flooding	CHARACTER VARYING	YES	65536			information_schema
gold-db-2 postgresql.gold	package_soil	17	soil_extreme_event	CHARACTER VARYING	YES	65536			information_schema
gold-db-2 postgresql.gold	package_soil	18	soil_prev_land_use	CHARACTER VARYING	YES	65536			information_schema
gold-db-2 postgresql.gold	package_soil	19	soil_prev_land_use_meth	CHARACTER VARYING	YES	65536			information_schema
gold-db-2 postgresql.gold	package_soil	20	soil_drainage_class	CHARACTER VARYING	YES	65536			information_schema
gold-db-2 postgresql.gold	package_soil	21	soil_fao_class	CHARACTER VARYING	YES	65536			information_schema
gold-db-2 postgresql.gold	package_soil	22	soil_horizon	CHARACTER VARYING	YES	65536			information_schema
gold-db-2 postgresql.gold	package_soil	23	soil_horizon_method	CHARACTER VARYING	YES	65536			information_schema
gold-db-2 postgresql.gold	package_soil	24	soil_link_class_info	CHARACTER VARYING	YES	65536			information_schema
gold-db-2 postgresql.gold	package_soil	25	soil_local_class	CHARACTER VARYING	YES	65536			information_schema
gold-db-2 postgresql.gold	package_soil	26	soil_local_class_method	CHARACTER VARYING	YES	65536			information_schema
gold-db-2 postgresql.gold	package_soil	27	soil_profile_position	CHARACTER VARYING	YES	65536			information_schema
gold-db-2 postgresql.gold	package_soil	28	soil_sieving	CHARACTER VARYING	YES	65536			information_schema
gold-db-2 postgresql.gold	package_soil	29	soil_slope_aspect	CHARACTER VARYING	YES	65536			information_schema
gold-db-2 postgresql.gold	package_soil	30	soil_slope_gradient	CHARACTER VARYING	YES	65536			information_schema
gold-db-2 postgresql.gold	package_soil	31	soil_texture	CHARACTER VARYING	YES	65536			information_schema
gold-db-2 postgresql.gold	package_soil	32	soil_texture_method	CHARACTER VARYING	YES	65536			information_schema
gold-db-2 postgresql.gold	package_soil	33	soil_tillage	CHARACTER VARYING	YES	65536			information_schema
gold-db-2 postgresql.gold	package_soil	34	soil_type	CHARACTER VARYING	YES	65536			information_schema
gold-db-2 postgresql.gold	package_soil	35	soil_type_method	CHARACTER VARYING	YES	65536			information_schema
gold-db-2 postgresql.gold	package_soil	36	soil_aluminium_sat	CHARACTER VARYING	YES	65536			information_schema
gold-db-2 postgresql.gold	package_soil	37	soil_aluminium_sat_method	CHARACTER VARYING	YES	65536			information_schema
gold-db-2 postgresql.gold	package_soil	38	soil_heavy_metals	CHARACTER VARYING	YES	65536			information_schema
gold-db-2 postgresql.gold	package_soil	39	soil_heavy_metals_method	CHARACTER VARYING	YES	65536			information_schema
gold-db-2 postgresql.gold	package_soil	40	soil_microbial_biomass	CHARACTER VARYING	YES	65536			information_schema
gold-db-2 postgresql.gold	package_soil	41	soil_microbial_biomass_method	CHARACTER VARYING	YES	65536			information_schema
gold-db-2 postgresql.gold	package_soil	42	soil_ph	DECIMAL	YES		38	6	information_schema
gold-db-2 postgresql.gold	package_soil	43	soil_ph_method	CHARACTER VARYING	YES	65536			information_schema
gold-db-2 postgresql.gold	package_soil	44	soil_salinity	CHARACTER VARYING	YES	65536			information_schema
gold-db-2 postgresql.gold	package_soil	45	soil_salinity_method	CHARACTER VARYING	YES	65536			information_schema
gold-db-2 postgresql.gold	package_soil	46	tot_nitrogen	CHARACTER VARYING	YES	65536			information_schema
gold-db-2 postgresql.gold	package_soil	47	soil_tot_n_method	CHARACTER VARYING	YES	65536			information_schema
gold-db-2 postgresql.gold	package_soil	48	tot_org_carbon	CHARACTER VARYING	YES	65536			information_schema
gold-db-2 postgresql.gold	package_soil	49	soil_tot_org_c_method	CHARACTER VARYING	YES	65536			information_schema
gold-db-2 postgresql.gold	package_soil	50	soil_water_content	CHARACTER VARYING	YES	65536			information_schema
gold-db-2 postgresql.gold	package_soil	51	soil_water_content_soil_meth	CHARACTER VARYING	YES	65536			information_schema
gold-db-2 postgresql.gold	package_soil	52	soil_link_addit_analys	CHARACTER VARYING	YES	65536			information_schema
gold-db-2 postgresql.gold	package_soil	53	soil_misc_param	CHARACTER VARYING	YES	65536			information_schema
gold-db-2 postgresql.gold	package_soil	54	soil_agrochem_addition	CHARACTER VARYING	YES	65536			information_schema
gold-db-2 postgresql.gold	package_soil	55	soil_pool_dna_extracts	CHARACTER VARYING	YES	65536			information_schema
gold-db-2 postgresql.gold	package_soil	56	sample_weight_dna_ext	CHARACTER VARYING	YES	65536			information_schema
gold-db-2 postgresql.gold	package_soil	57	soil_storage_condition	CHARACTER VARYING	YES	65536			information_schema
gold-db-2 postgresql.gold	package_soil	58	added_by	DECIMAL	YES		38	6	information_schema
gold-db-2 postgresql.gold	package_soil	59	add_date	TIMESTAMP	YES				information_schema
gold-db-2 postgresql.gold	package_soil	60	mod_by	DECIMAL	YES		38	6	information_schema
gold-db-2 postgresql.gold	package_soil	61	mod_date	TIMESTAMP	YES				information_schema
gold-db-2 postgresql.gold	package_soil	62	organism_id	DECIMAL	YES		38	6	information_schema
gold-db-2 postgresql.gold	package_soil	63	biosample_id	DECIMAL	YES		38	6	information_schema
gold-db-2 postgresql.gold	package_soil	64	soil_sample_biomass	CHARACTER VARYING	YES	65536			information_schema
gold-db-2 postgresql.gold	package_soil	65	soil_sample_volume	CHARACTER VARYING	YES	65536			information_schema
gold-db-2 postgresql.gold	package_soil	66	soil_ph2	DECIMAL	YES		38	6	information_schema
gold-db-2 postgresql.gold	package_soil	67	sample_vol_we_dna_ext	CHARACTER VARYING	YES	65536			information_schema
gold-db-2 postgresql.gold	package_soil	68	package_version_id	DECIMAL	YES		38	6	information_schema
gold-db-2 postgresql.gold	package_version	1	package_version_id	DECIMAL	YES		38	6	describe
gold-db-2 postgresql.gold	package_version	2	package_name	CHARACTER VARYING	YES				describe
gold-db-2 postgresql.gold	package_version	3	package_version	DECIMAL	YES		3	1	describe
gold-db-2 postgresql.gold	package_wastewater	1	package_wastewater_id	DECIMAL	YES		38	6	describe
gold-db-2 postgresql.gold	package_wastewater	2	organism_id	DECIMAL	YES		38	6	describe
gold-db-2 postgresql.gold	package_wastewater	3	biosample_id	DECIMAL	YES		38	6	describe
gold-db-2 postgresql.gold	package_wastewater	4	package_version_id	DECIMAL	YES		38	6	describe
gold-db-2 postgresql.gold	package_wastewater	5	add_by	DECIMAL	YES		38	6	describe
gold-db-2 postgresql.gold	package_wastewater	6	add_date	TIMESTAMP	YES				describe
gold-db-2 postgresql.gold	package_wastewater	7	mod_by	DECIMAL	YES		38	6	describe
gold-db-2 postgresql.gold	package_wastewater	8	mod_date	TIMESTAMP	YES				describe
gold-db-2 postgresql.gold	package_wastewater	9	depth	DECIMAL	YES		38	6	describe
gold-db-2 postgresql.gold	package_wastewater	10	depth2	DECIMAL	YES		38	6	describe
gold-db-2 postgresql.gold	package_wastewater	11	ph1	DECIMAL	YES		38	6	describe
gold-db-2 postgresql.gold	package_wastewater	12	ph2	DECIMAL	YES		38	6	describe
gold-db-2 postgresql.gold	package_wastewater	13	sewage_type	CHARACTER VARYING	YES				describe
gold-db-2 postgresql.gold	package_wastewater	14	wastewater_type	CHARACTER VARYING	YES				describe
gold-db-2 postgresql.gold	package_wastewater	15	reactor_type	CHARACTER VARYING	YES				describe
gold-db-2 postgresql.gold	package_wastewater	16	sludge_retention_time	CHARACTER VARYING	YES				describe
gold-db-2 postgresql.gold	package_wastewater	17	oxygenation_status	CHARACTER VARYING	YES				describe
gold-db-2 postgresql.gold	package_wastewater	18	perturbation	CHARACTER VARYING	YES				describe
gold-db-2 postgresql.gold	package_wastewater	19	pre_treatment	CHARACTER VARYING	YES				describe
gold-db-2 postgresql.gold	package_wastewater	20	primary_treatment	CHARACTER VARYING	YES				describe
gold-db-2 postgresql.gold	package_wastewater	21	secondary_treatment	CHARACTER VARYING	YES				describe
gold-db-2 postgresql.gold	package_wastewater	22	tertiary_treatment	CHARACTER VARYING	YES				describe
gold-db-2 postgresql.gold	package_wastewater	23	chemical_administration	CHARACTER VARYING	YES				describe
gold-db-2 postgresql.gold	package_wastewater	24	chemical_oxygen_demand	CHARACTER VARYING	YES				describe
gold-db-2 postgresql.gold	package_wastewater	25	efficiency_percent	CHARACTER VARYING	YES				describe
gold-db-2 postgresql.gold	package_wastewater	26	emulsions	CHARACTER VARYING	YES				describe
gold-db-2 postgresql.gold	package_wastewater	27	gaseous_substances	CHARACTER VARYING	YES				describe
gold-db-2 postgresql.gold	package_wastewater	28	industrial_effluent_percent	CHARACTER VARYING	YES				describe
gold-db-2 postgresql.gold	package_wastewater	29	biochemical_oxygen_demand	CHARACTER VARYING	YES				describe
gold-db-2 postgresql.gold	package_wastewater	30	alkalinity	CHARACTER VARYING	YES				describe
gold-db-2 postgresql.gold	package_wastewater	31	nitrate	CHARACTER VARYING	YES				describe
gold-db-2 postgresql.gold	package_wastewater	32	phosphate	CHARACTER VARYING	YES				describe
gold-db-2 postgresql.gold	package_wastewater	33	sodium	CHARACTER VARYING	YES				describe
gold-db-2 postgresql.gold	package_wastewater	34	total_nitrogen_concentration	CHARACTER VARYING	YES				describe
gold-db-2 postgresql.gold	package_wastewater	35	total_phosphate	CHARACTER VARYING	YES				describe
gold-db-2 postgresql.gold	package_wastewater	36	inorganic_particles	CHARACTER VARYING	YES				describe
gold-db-2 postgresql.gold	package_wastewater	37	organic_particles	CHARACTER VARYING	YES				describe
gold-db-2 postgresql.gold	package_wastewater	38	soluble_inorganic_material	CHARACTER VARYING	YES				describe
gold-db-2 postgresql.gold	package_wastewater	39	soluble_organic_material	CHARACTER VARYING	YES				describe
gold-db-2 postgresql.gold	package_wastewater	40	suspended_solids	CHARACTER VARYING	YES				describe
gold-db-2 postgresql.gold	package_wastewater	41	temperature	DECIMAL	YES		38	6	describe
gold-db-2 postgresql.gold	package_wastewater	42	temperature2	DECIMAL	YES		38	6	describe
gold-db-2 postgresql.gold	package_wastewater	43	salinity_concentration	CHARACTER VARYING	YES				describe
gold-db-2 postgresql.gold	package_wastewater	44	organism_count	CHARACTER VARYING	YES				describe
gold-db-2 postgresql.gold	package_wastewater	45	miscellaneous_parameter	CHARACTER VARYING	YES				describe
gold-db-2 postgresql.gold	package_wastewater	46	sample_storage_duration	CHARACTER VARYING	YES				describe
gold-db-2 postgresql.gold	package_wastewater	47	sample_storage_location	CHARACTER VARYING	YES				describe
gold-db-2 postgresql.gold	package_wastewater	48	sample_storage_temperature	DECIMAL	YES		38	6	describe
gold-db-2 postgresql.gold	package_wastewater	49	sample_volume_weight	CHARACTER VARYING	YES				describe
gold-db-2 postgresql.gold	package_water	1	water_package_id	DECIMAL	YES		38	6	describe
gold-db-2 postgresql.gold	package_water	2	water_alkalinity	CHARACTER VARYING	YES				describe
gold-db-2 postgresql.gold	package_water	3	water_alkyl_diethers	CHARACTER VARYING	YES				describe
gold-db-2 postgresql.gold	package_water	4	water_aminopept_act	CHARACTER VARYING	YES				describe
gold-db-2 postgresql.gold	package_water	5	water_ammonium	CHARACTER VARYING	YES				describe
gold-db-2 postgresql.gold	package_water	6	water_atmospheric_data	CHARACTER VARYING	YES				describe
gold-db-2 postgresql.gold	package_water	7	water_bacterial_prod	CHARACTER VARYING	YES				describe
gold-db-2 postgresql.gold	package_water	8	water_bacterial_resp	CHARACTER VARYING	YES				describe
gold-db-2 postgresql.gold	package_water	9	water_bacterial_carbon_prod	CHARACTER VARYING	YES				describe
gold-db-2 postgresql.gold	package_water	10	water_bishomohopanol	CHARACTER VARYING	YES				describe
gold-db-2 postgresql.gold	package_water	11	water_bromide	CHARACTER VARYING	YES				describe
gold-db-2 postgresql.gold	package_water	12	water_calcium	CHARACTER VARYING	YES				describe
gold-db-2 postgresql.gold	package_water	13	water_carbon_nitrog_ratio	CHARACTER VARYING	YES				describe
gold-db-2 postgresql.gold	package_water	14	water_chem_administration	CHARACTER VARYING	YES				describe
gold-db-2 postgresql.gold	package_water	15	water_chloride	CHARACTER VARYING	YES				describe
gold-db-2 postgresql.gold	package_water	16	water_density	CHARACTER VARYING	YES				describe
gold-db-2 postgresql.gold	package_water	17	water_diether_lipids	CHARACTER VARYING	YES				describe
gold-db-2 postgresql.gold	package_water	18	water_diss_carbon_dioxide	CHARACTER VARYING	YES				describe
gold-db-2 postgresql.gold	package_water	19	water_diss_hydrogen	CHARACTER VARYING	YES				describe
gold-db-2 postgresql.gold	package_water	20	water_diss_inorg_carbon	CHARACTER VARYING	YES				describe
gold-db-2 postgresql.gold	package_water	21	water_diss_inorg_nitro	CHARACTER VARYING	YES				describe
gold-db-2 postgresql.gold	package_water	22	water_diss_inorg_phosphorus	CHARACTER VARYING	YES				describe
gold-db-2 postgresql.gold	package_water	23	water_diss_org_carbon	CHARACTER VARYING	YES				describe
gold-db-2 postgresql.gold	package_water	24	water_diss_org_nitrogen	CHARACTER VARYING	YES				describe
gold-db-2 postgresql.gold	package_water	25	water_downward_par	CHARACTER VARYING	YES				describe
gold-db-2 postgresql.gold	package_water	26	water_fluorescence	CHARACTER VARYING	YES				describe
gold-db-2 postgresql.gold	package_water	27	water_glucosidase_activity	CHARACTER VARYING	YES				describe
gold-db-2 postgresql.gold	package_water	28	water_light_intensity	CHARACTER VARYING	YES				describe
gold-db-2 postgresql.gold	package_water	29	water_magnesium	CHARACTER VARYING	YES				describe
gold-db-2 postgresql.gold	package_water	30	water_mean_frict_vel	CHARACTER VARYING	YES				describe
gold-db-2 postgresql.gold	package_water	31	water_mean_peak_frict_vel	CHARACTER VARYING	YES				describe
gold-db-2 postgresql.gold	package_water	32	water_misc_parameter	CHARACTER VARYING	YES				describe
gold-db-2 postgresql.gold	package_water	33	water_n_alkanes	CHARACTER VARYING	YES				describe
gold-db-2 postgresql.gold	package_water	34	water_nitrite	CHARACTER VARYING	YES				describe
gold-db-2 postgresql.gold	package_water	35	water_org_matter	CHARACTER VARYING	YES				describe
gold-db-2 postgresql.gold	package_water	36	water_org_nitrogen	CHARACTER VARYING	YES				describe
gold-db-2 postgresql.gold	package_water	37	water_organism_count	CHARACTER VARYING	YES				describe
gold-db-2 postgresql.gold	package_water	38	water_oxy_stat_sample	CHARACTER VARYING	YES				describe
gold-db-2 postgresql.gold	package_water	39	water_part_org_carbon	CHARACTER VARYING	YES				describe
gold-db-2 postgresql.gold	package_water	40	water_part_org_nitrogen	CHARACTER VARYING	YES				describe
gold-db-2 postgresql.gold	package_water	41	water_perturbation	CHARACTER VARYING	YES				describe
gold-db-2 postgresql.gold	package_water	42	water_petroleum_hydrocarbon	CHARACTER VARYING	YES				describe
gold-db-2 postgresql.gold	package_water	43	water_phaeopigments	CHARACTER VARYING	YES				describe
gold-db-2 postgresql.gold	package_water	44	water_phosplipid_fatt_acid	CHARACTER VARYING	YES				describe
gold-db-2 postgresql.gold	package_water	45	water_photon_flux	CHARACTER VARYING	YES				describe
gold-db-2 postgresql.gold	package_water	46	water_potassium	CHARACTER VARYING	YES				describe
gold-db-2 postgresql.gold	package_water	47	water_primary_prod	CHARACTER VARYING	YES				describe
gold-db-2 postgresql.gold	package_water	48	water_redox_potential	CHARACTER VARYING	YES				describe
gold-db-2 postgresql.gold	package_water	49	water_samp_store_dur	CHARACTER VARYING	YES				describe
gold-db-2 postgresql.gold	package_water	50	water_samp_store_loc	CHARACTER VARYING	YES				describe
gold-db-2 postgresql.gold	package_water	51	water_samp_store_temp	CHARACTER VARYING	YES				describe
gold-db-2 postgresql.gold	package_water	52	water_sodium	CHARACTER VARYING	YES				describe
gold-db-2 postgresql.gold	package_water	53	water_soluble_react_phosp	CHARACTER VARYING	YES				describe
gold-db-2 postgresql.gold	package_water	54	water_sulfate	CHARACTER VARYING	YES				describe
gold-db-2 postgresql.gold	package_water	55	water_sulfide	CHARACTER VARYING	YES				describe
gold-db-2 postgresql.gold	package_water	56	water_suspend_part_matter	CHARACTER VARYING	YES				describe
gold-db-2 postgresql.gold	package_water	57	water_tidal_stage	CHARACTER VARYING	YES				describe
gold-db-2 postgresql.gold	package_water	58	water_tot_depth_water_col	CHARACTER VARYING	YES				describe
gold-db-2 postgresql.gold	package_water	59	water_tot_diss_nitro	CHARACTER VARYING	YES				describe
gold-db-2 postgresql.gold	package_water	60	water_tot_inorg_nitro	CHARACTER VARYING	YES				describe
gold-db-2 postgresql.gold	package_water	61	water_tot_part_carbon	CHARACTER VARYING	YES				describe
gold-db-2 postgresql.gold	package_water	62	water_tot_phosphorus	CHARACTER VARYING	YES				describe
gold-db-2 postgresql.gold	package_water	63	water_current	CHARACTER VARYING	YES				describe
gold-db-2 postgresql.gold	package_water	64	water_alkalinity_method	CHARACTER VARYING	YES				describe
gold-db-2 postgresql.gold	package_water	65	water_turbidity	CHARACTER VARYING	YES				describe
gold-db-2 postgresql.gold	package_water	66	water_size_frac_low	CHARACTER VARYING	YES				describe
gold-db-2 postgresql.gold	package_water	67	water_size_frac_up	CHARACTER VARYING	YES				describe
gold-db-2 postgresql.gold	package_water	68	added_by	DECIMAL	YES		38	6	describe
gold-db-2 postgresql.gold	package_water	69	add_date	TIMESTAMP	YES				describe
gold-db-2 postgresql.gold	package_water	70	mod_by	DECIMAL	YES		38	6	describe
gold-db-2 postgresql.gold	package_water	71	mod_date	TIMESTAMP	YES				describe
gold-db-2 postgresql.gold	package_water	72	organism_id	DECIMAL	YES		38	6	describe
gold-db-2 postgresql.gold	package_water	73	biosample_id	DECIMAL	YES		38	6	describe
gold-db-2 postgresql.gold	package_water	74	water_sample_biomass	CHARACTER VARYING	YES				describe
gold-db-2 postgresql.gold	package_water	75	water_sample_volume	CHARACTER VARYING	YES				describe
gold-db-2 postgresql.gold	package_water	76	water_ph	DECIMAL	YES		38	6	describe
gold-db-2 postgresql.gold	package_water	77	water_elevation	DECIMAL	YES		38	6	describe
gold-db-2 postgresql.gold	package_water	78	water_elevation2	DECIMAL	YES		38	6	describe
gold-db-2 postgresql.gold	package_water	79	water_depth	DECIMAL	YES		38	6	describe
gold-db-2 postgresql.gold	package_water	80	water_depth2	DECIMAL	YES		38	6	describe
gold-db-2 postgresql.gold	package_water	81	water_salinity	CHARACTER VARYING	YES				describe
gold-db-2 postgresql.gold	package_water	82	water_temperature_exact	DECIMAL	YES		38	6	describe
gold-db-2 postgresql.gold	package_water	83	water_chlorophyll_concent	CHARACTER VARYING	YES				describe
gold-db-2 postgresql.gold	package_water	84	water_nitrate_concent	CHARACTER VARYING	YES				describe
gold-db-2 postgresql.gold	package_water	85	water_dissolved_oxygen	CHARACTER VARYING	YES				describe
gold-db-2 postgresql.gold	package_water	86	water_silicate	CHARACTER VARYING	YES				describe
gold-db-2 postgresql.gold	package_water	87	water_phosphate	CHARACTER VARYING	YES				describe
gold-db-2 postgresql.gold	package_water	88	water_tot_nitrogen	CHARACTER VARYING	YES				describe
gold-db-2 postgresql.gold	package_water	89	water_tot_organic_carbon	CHARACTER VARYING	YES				describe
gold-db-2 postgresql.gold	package_water	90	water_sample_weight_dna_ext	CHARACTER VARYING	YES				describe
gold-db-2 postgresql.gold	package_water	91	water_pressure	CHARACTER VARYING	YES				describe
gold-db-2 postgresql.gold	package_water	92	water_sample_conductivity	CHARACTER VARYING	YES				describe
gold-db-2 postgresql.gold	package_water	93	water_ph2	DECIMAL	YES		38	6	describe
gold-db-2 postgresql.gold	package_water	94	sample_vol_we_dna_ext	CHARACTER VARYING	YES				describe
gold-db-2 postgresql.gold	package_water	95	package_version_id	DECIMAL	YES		38	6	describe
gold-db-2 postgresql.gold	precalculated_data	1	precalc_id	DECIMAL	YES		38	6	describe
gold-db-2 postgresql.gold	precalculated_data	2	dataterm	CHARACTER VARYING	YES				describe
gold-db-2 postgresql.gold	precalculated_data	3	data_string	CHARACTER VARYING	YES				describe
gold-db-2 postgresql.gold	precalculated_data	4	notes	CHARACTER VARYING	YES				describe
gold-db-2 postgresql.gold	precalculated_data	5	create_date	TIMESTAMP	YES				describe
gold-db-2 postgresql.gold	precalculated_data	6	data_blob	BINARY VARYING	YES				describe
gold-db-2 postgresql.gold	precalculated_data	7	search_link	CHARACTER VARYING	YES				describe
gold-db-2 postgresql.gold	project	1	project_id	DECIMAL	YES		38	6	information_schema
gold-db-2 postgresql.gold	project	2	active	CHARACTER VARYING	YES	65536			information_schema
gold-db-2 postgresql.gold	project	3	is_public	CHARACTER VARYING	YES	65536			information_schema
gold-db-2 postgresql.gold	project	4	add_date	TIMESTAMP	YES				information_schema
gold-db-2 postgresql.gold	project	5	mod_date	TIMESTAMP	YES				information_schema
gold-db-2 postgresql.gold	project	6	mod_by	DECIMAL	YES		38	0	information_schema
gold-db-2 postgresql.gold	project	7	its_proposal_id	DECIMAL	YES		38	6	information_schema
gold-db-2 postgresql.gold	project	8	pmo_project_id	DECIMAL	YES		38	0	information_schema
gold-db-2 postgresql.gold	project	9	its_spid	DECIMAL	YES		38	0	information_schema
gold-db-2 postgresql.gold	project	10	its_sample_id	DECIMAL	YES		38	6	information_schema
gold-db-2 postgresql.gold	project	11	gold_id	CHARACTER VARYING	YES	65536			information_schema
gold-db-2 postgresql.gold	project	12	project_name	CHARACTER VARYING	YES	65536			information_schema
gold-db-2 postgresql.gold	project	13	its_project_name	CHARACTER VARYING	YES	65536			information_schema
gold-db-2 postgresql.gold	project	14	its_sample_name	CHARACTER VARYING	YES	65536			information_schema
gold-db-2 postgresql.gold	project	15	its_sample_group_name	CHARACTER VARYING	YES	65536			information_schema
gold-db-2 postgresql.gold	project	16	ncbi_bioproject_id	DECIMAL	YES		38	0	information_schema
gold-db-2 postgresql.gold	project	17	ncbi_bioproject_accession	CHARACTER VARYING	YES	65536			information_schema
gold-db-2 postgresql.gold	project	18	ncbi_biosample_accession	CHARACTER VARYING	YES	65536			information_schema
gold-db-2 postgresql.gold	project	19	ncbi_project_name	CHARACTER VARYING	YES	65536			information_schema
gold-db-2 postgresql.gold	project	20	its_sequencing_product_name	CHARACTER VARYING	YES	65536			information_schema
gold-db-2 postgresql.gold	project	21	sequencing_strategy	CHARACTER VARYING	YES	65536			information_schema
gold-db-2 postgresql.gold	project	22	sequencing_strategy_full	CHARACTER VARYING	YES	65536			information_schema
gold-db-2 postgresql.gold	project	23	project_status	CHARACTER VARYING	YES	65536			information_schema
gold-db-2 postgresql.gold	project	24	master_study_id	DECIMAL	YES		38	6	information_schema
gold-db-2 postgresql.gold	project	25	organism_id	DECIMAL	YES		38	0	information_schema
gold-db-2 postgresql.gold	project	26	pi_id	DECIMAL	YES		38	6	information_schema
gold-db-2 postgresql.gold	project	27	project_manager_id	DECIMAL	YES		38	6	information_schema
gold-db-2 postgresql.gold	project	28	is_single_cell_material	CHARACTER VARYING	YES	65536			information_schema
gold-db-2 postgresql.gold	project	29	other_project_names	CHARACTER VARYING	YES	65536			information_schema
gold-db-2 postgresql.gold	project	30	description	CHARACTER VARYING	YES	65536			information_schema
gold-db-2 postgresql.gold	project	31	specimen_id	DECIMAL	YES		38	0	information_schema
gold-db-2 postgresql.gold	project	32	nucleic_acid	CHARACTER VARYING	YES	65536			information_schema
gold-db-2 postgresql.gold	project	33	ncbi_sra_id	CHARACTER VARYING	YES	65536			information_schema
gold-db-2 postgresql.gold	project	34	ncbi_locus_tag	CHARACTER VARYING	YES	65536			information_schema
gold-db-2 postgresql.gold	project	35	organism_type	CHARACTER VARYING	YES	65536			information_schema
gold-db-2 postgresql.gold	project	36	sequencing_status_id	DECIMAL	YES		38	0	information_schema
gold-db-2 postgresql.gold	project	37	sequencing_quality_id	DECIMAL	YES		38	0	information_schema
gold-db-2 postgresql.gold	project	38	low_quality_genome	CHARACTER VARYING	YES	65536			information_schema
gold-db-2 postgresql.gold	project	39	sequencing_comments	CHARACTER VARYING	YES	65536			information_schema
gold-db-2 postgresql.gold	project	40	chromosome_count	DECIMAL	YES		38	0	information_schema
gold-db-2 postgresql.gold	project	41	plasmid_count	DECIMAL	YES		38	0	information_schema
gold-db-2 postgresql.gold	project	42	scaffold_count	DECIMAL	YES		38	0	information_schema
gold-db-2 postgresql.gold	project	43	est_count	DECIMAL	YES		38	0	information_schema
gold-db-2 postgresql.gold	project	44	submitter_id	DECIMAL	YES		38	0	information_schema
gold-db-2 postgresql.gold	project	45	project_comments	CHARACTER VARYING	YES	65536			information_schema
gold-db-2 postgresql.gold	project	46	annotator_comments	CHARACTER VARYING	YES	65536			information_schema
gold-db-2 postgresql.gold	project	47	gpts_proposal_id	DECIMAL	YES		38	6	information_schema
gold-db-2 postgresql.gold	project	48	gpts_sample_id	DECIMAL	YES		38	6	information_schema
gold-db-2 postgresql.gold	project	49	gpts_disambiguator	CHARACTER VARYING	YES	65536			information_schema
gold-db-2 postgresql.gold	project	50	library_method	CHARACTER VARYING	YES	65536			information_schema
gold-db-2 postgresql.gold	project	51	read_count	CHARACTER VARYING	YES	65536			information_schema
gold-db-2 postgresql.gold	project	52	vector	CHARACTER VARYING	YES	65536			information_schema
gold-db-2 postgresql.gold	project	53	read_size	CHARACTER VARYING	YES	65536			information_schema
gold-db-2 postgresql.gold	project	54	assembly_accession	CHARACTER VARYING	YES	65536			information_schema
gold-db-2 postgresql.gold	project	55	nucleic_acid_id	DECIMAL	YES		38	6	information_schema
gold-db-2 postgresql.gold	project	56	gc_percent	DECIMAL	YES		38	6	information_schema
gold-db-2 postgresql.gold	project	57	contig_count	DECIMAL	YES		38	0	information_schema
gold-db-2 postgresql.gold	project	58	est_size	DECIMAL	YES		38	0	information_schema
gold-db-2 postgresql.gold	project	59	completion_date	TIMESTAMP	YES				information_schema
gold-db-2 postgresql.gold	project	60	finishing_goal_id	DECIMAL	YES		38	0	information_schema
gold-db-2 postgresql.gold	project	61	public_ap_count	DECIMAL	YES		38	6	information_schema
gold-db-2 postgresql.gold	project	62	admin_ap_count	DECIMAL	YES		38	6	information_schema
gold-db-2 postgresql.gold	project	63	public_dap_count	DECIMAL	YES		38	6	information_schema
gold-db-2 postgresql.gold	project	64	admin_dap_count	DECIMAL	YES		38	6	information_schema
gold-db-2 postgresql.gold	project	65	sra_srs_accession	CHARACTER VARYING	YES	65536			information_schema
gold-db-2 postgresql.gold	project	66	sra_srx_accession	CHARACTER VARYING	YES	65536			information_schema
gold-db-2 postgresql.gold	project	67	funding_program	CHARACTER VARYING	YES	65536			information_schema
gold-db-2 postgresql.gold	project	68	funding_year	DECIMAL	YES		38	6	information_schema
gold-db-2 postgresql.gold	project	69	experimental_conditions	CHARACTER VARYING	YES	65536			information_schema
gold-db-2 postgresql.gold	project	70	sample_group_name	CHARACTER VARYING	YES	65536			information_schema
gold-db-2 postgresql.gold	project	71	project_subtype	CHARACTER VARYING	YES	65536			information_schema
gold-db-2 postgresql.gold	project	72	single_cell_lysis_prot	CHARACTER VARYING	YES	65536			information_schema
gold-db-2 postgresql.gold	project	73	wga_amp_appr	CHARACTER VARYING	YES	65536			information_schema
gold-db-2 postgresql.gold	project	74	sort_tech	CHARACTER VARYING	YES	65536			information_schema
gold-db-2 postgresql.gold	project	75	single_cell_lysis_appr	CHARACTER VARYING	YES	65536			information_schema
gold-db-2 postgresql.gold	project	76	library_layout	CHARACTER VARYING	YES	65536			information_schema
gold-db-2 postgresql.gold	project	77	contam_screen_input	CHARACTER VARYING	YES	65536			information_schema
gold-db-2 postgresql.gold	project	78	wga_amp_kit	CHARACTER VARYING	YES	65536			information_schema
gold-db-2 postgresql.gold	project	79	nucl_acid_ext_lit	CHARACTER VARYING	YES	65536			information_schema
gold-db-2 postgresql.gold	project	80	nucl_acid_amp_lit	CHARACTER VARYING	YES	65536			information_schema
gold-db-2 postgresql.gold	project	81	library_screen	CHARACTER VARYING	YES	65536			information_schema
gold-db-2 postgresql.gold	project	82	pcr_primers	CHARACTER VARYING	YES	65536			information_schema
gold-db-2 postgresql.gold	project	83	multiplex_identifiers	CHARACTER VARYING	YES	65536			information_schema
gold-db-2 postgresql.gold	project	84	adapters	CHARACTER VARYING	YES	65536			information_schema
gold-db-2 postgresql.gold	project	85	pcr_cond	CHARACTER VARYING	YES	65536			information_schema
gold-db-2 postgresql.gold	project	86	target_gene	CHARACTER VARYING	YES	65536			information_schema
gold-db-2 postgresql.gold	project	87	target_subfragment	CHARACTER VARYING	YES	65536			information_schema
gold-db-2 postgresql.gold	project	88	its_data_utilization_status	CHARACTER VARYING	YES	65536			information_schema
gold-db-2 postgresql.gold	project	89	its_source_sample_pid	CHARACTER VARYING	YES	65536			information_schema
gold-db-2 postgresql.gold	project	90	is_jgi	CHARACTER VARYING	YES	65536			information_schema
gold-db-2 postgresql.gold	project	91	is_draft	CHARACTER VARYING	YES	65536			information_schema
gold-db-2 postgresql.gold	project	92	is_test	CHARACTER VARYING	YES	65536			information_schema
gold-db-2 postgresql.gold	project	93	is_approved	CHARACTER VARYING	YES	65536			information_schema
gold-db-2 postgresql.gold	project	94	is_locked	CHARACTER VARYING	YES	65536			information_schema
gold-db-2 postgresql.gold	project	95	isolation_publication_id	DECIMAL	YES		38	0	information_schema
gold-db-2 postgresql.gold	project	96	legacy_gold_id	CHARACTER VARYING	YES	65536			information_schema
gold-db-2 postgresql.gold	project	97	old_legacy_gold_id	CHARACTER VARYING	YES	65536			information_schema
gold-db-2 postgresql.gold	project	98	project_oid	DECIMAL	YES		38	0	information_schema
gold-db-2 postgresql.gold	project	99	sample_oid	DECIMAL	YES		38	0	information_schema
gold-db-2 postgresql.gold	project_analysis_project	1	project_id	DECIMAL	YES		38	6	information_schema
gold-db-2 postgresql.gold	project_analysis_project	2	analysis_project_id	DECIMAL	YES		38	6	information_schema
gold-db-2 postgresql.gold	project_biosample	1	project_id	DECIMAL	YES		38	0	information_schema
gold-db-2 postgresql.gold	project_biosample	2	biosample_id	DECIMAL	YES		38	0	information_schema
gold-db-2 postgresql.gold	project_collaborator	1	project_id	DECIMAL	YES		38	6	describe
gold-db-2 postgresql.gold	project_collaborator	2	institution_id	DECIMAL	YES		38	6	describe
gold-db-2 postgresql.gold	project_cyano_metadata	1	project_id	DECIMAL	YES		38	0	describe
gold-db-2 postgresql.gold	project_cyano_metadata	2	filaments	CHARACTER VARYING	YES				describe
gold-db-2 postgresql.gold	project_cyano_metadata	3	cysts	CHARACTER VARYING	YES				describe
gold-db-2 postgresql.gold	project_cyano_metadata	4	differentiated_cells	CHARACTER VARYING	YES				describe
gold-db-2 postgresql.gold	project_cyano_metadata	5	heterocysts_position	CHARACTER VARYING	YES				describe
gold-db-2 postgresql.gold	project_cyano_metadata	6	reproduction_mode	CHARACTER VARYING	YES				describe
gold-db-2 postgresql.gold	project_cyano_metadata	7	trichome	CHARACTER VARYING	YES				describe
gold-db-2 postgresql.gold	project_cyano_metadata	8	trichome_type	CHARACTER VARYING	YES				describe
gold-db-2 postgresql.gold	project_cyano_metadata	9	pigments	CHARACTER VARYING	YES				describe
gold-db-2 postgresql.gold	project_cyano_metadata	10	phage_infectivity	CHARACTER VARYING	YES				describe
gold-db-2 postgresql.gold	project_cyano_metadata	11	phage_type	CHARACTER VARYING	YES				describe
gold-db-2 postgresql.gold	project_cyano_metadata	12	carotenoids	CHARACTER VARYING	YES				describe
gold-db-2 postgresql.gold	project_cyano_metadata	13	restriction_enzyme	CHARACTER VARYING	YES				describe
gold-db-2 postgresql.gold	project_cyano_metadata	14	toxin_production	CHARACTER VARYING	YES				describe
gold-db-2 postgresql.gold	project_cyano_metadata	15	toxin_type	CHARACTER VARYING	YES				describe
gold-db-2 postgresql.gold	project_cyano_metadata	16	developmental_cycle	CHARACTER VARYING	YES				describe
gold-db-2 postgresql.gold	project_cyano_metadata	17	branching	CHARACTER VARYING	YES				describe
gold-db-2 postgresql.gold	project_cyano_metadata	18	gas_vesicles	CHARACTER VARYING	YES				describe
gold-db-2 postgresql.gold	project_cyano_metadata	19	gas_vesicle_type	CHARACTER VARYING	YES				describe
gold-db-2 postgresql.gold	project_cyano_metadata	20	body_inclusion	CHARACTER VARYING	YES				describe
gold-db-2 postgresql.gold	project_cyano_metadata	21	secondary_metabolites	CHARACTER VARYING	YES				describe
gold-db-2 postgresql.gold	project_cyano_metadata	22	extracellular_structures	CHARACTER VARYING	YES				describe
gold-db-2 postgresql.gold	project_cyano_metadata	23	bloom_forming	CHARACTER VARYING	YES				describe
gold-db-2 postgresql.gold	project_cyano_metadata	24	pigment_type	CHARACTER VARYING	YES				describe
gold-db-2 postgresql.gold	project_cyano_metadata	25	compl_chromatic_adaptation	CHARACTER VARYING	YES				describe
gold-db-2 postgresql.gold	project_cyano_metadata	26	medium_type	CHARACTER VARYING	YES				describe
gold-db-2 postgresql.gold	project_cyano_metadata	27	filament_type	CHARACTER VARYING	YES				describe
gold-db-2 postgresql.gold	project_cyano_metadata	28	project_cyano_metadata_id	DECIMAL	YES		38	0	describe
gold-db-2 postgresql.gold	project_funding_agency	1	project_id	DECIMAL	YES		38	0	describe
gold-db-2 postgresql.gold	project_funding_agency	2	institution_id	DECIMAL	YES		38	0	describe
gold-db-2 postgresql.gold	project_genome_publication	1	project_id	DECIMAL	YES		38	0	information_schema
gold-db-2 postgresql.gold	project_genome_publication	2	publication_id	DECIMAL	YES		38	0	information_schema
gold-db-2 postgresql.gold	project_ignored_publication	1	project_id	DECIMAL	YES		38	6	describe
gold-db-2 postgresql.gold	project_ignored_publication	2	publication_id	DECIMAL	YES		38	6	describe
gold-db-2 postgresql.gold	project_library	1	project_id	DECIMAL	YES		38	6	describe
gold-db-2 postgresql.gold	project_library	2	library_id	DECIMAL	YES		38	6	describe
gold-db-2 postgresql.gold	project_other_publication	1	project_id	DECIMAL	YES		38	0	describe
gold-db-2 postgresql.gold	project_other_publication	2	publication_id	DECIMAL	YES		38	0	describe
gold-db-2 postgresql.gold	project_relation	1	parent_project_id	DECIMAL	YES		38	6	describe
gold-db-2 postgresql.gold	project_relation	2	child_project_id	DECIMAL	YES		38	6	describe
gold-db-2 postgresql.gold	project_relation	3	relation	CHARACTER VARYING	YES				describe
gold-db-2 postgresql.gold	project_relevance	1	project_id	DECIMAL	YES		38	6	describe
gold-db-2 postgresql.gold	project_relevance	2	relevance_id	DECIMAL	YES		38	6	describe
gold-db-2 postgresql.gold	project_sequencing_center	1	project_id	DECIMAL	YES		38	0	information_schema
gold-db-2 postgresql.gold	project_sequencing_center	2	institution_id	DECIMAL	YES		38	0	information_schema
gold-db-2 postgresql.gold	project_sequencing_method	1	project_id	DECIMAL	YES		38	6	describe
gold-db-2 postgresql.gold	project_sequencing_method	2	sequencing_method_id	DECIMAL	YES		38	6	describe
gold-db-2 postgresql.gold	project_unassigned_publication	1	project_id	DECIMAL	YES		38	6	describe
gold-db-2 postgresql.gold	project_unassigned_publication	2	publication_id	DECIMAL	YES		38	6	describe
gold-db-2 postgresql.gold	publication	1	publication_id	DECIMAL	YES		38	0	information_schema
gold-db-2 postgresql.gold	publication	2	doi	CHARACTER VARYING	YES	65536			information_schema
gold-db-2 postgresql.gold	publication	3	pubmed_id	DECIMAL	YES		38	0	information_schema
gold-db-2 postgresql.gold	publication	4	journal_id	DECIMAL	YES		38	0	information_schema
gold-db-2 postgresql.gold	publication	5	pubmodel	CHARACTER VARYING	YES	65536			information_schema
gold-db-2 postgresql.gold	publication	6	volume	CHARACTER VARYING	YES	65536			information_schema
gold-db-2 postgresql.gold	publication	7	issue	CHARACTER VARYING	YES	65536			information_schema
gold-db-2 postgresql.gold	publication	8	page	CHARACTER VARYING	YES	65536			information_schema
gold-db-2 postgresql.gold	publication	9	publication_date	TIMESTAMP	YES				information_schema
gold-db-2 postgresql.gold	publication	10	abstract	CHARACTER VARYING	YES	65536			information_schema
gold-db-2 postgresql.gold	publication	11	affiliation	CHARACTER VARYING	YES	65536			information_schema
gold-db-2 postgresql.gold	publication	12	title	CHARACTER VARYING	YES	65536			information_schema
gold-db-2 postgresql.gold	publication	13	last_author_id	DECIMAL	YES		38	0	information_schema
gold-db-2 postgresql.gold	publication	14	first_author_id	DECIMAL	YES		38	0	information_schema
gold-db-2 postgresql.gold	qc_rules	1	id	DECIMAL	YES		38	6	describe
gold-db-2 postgresql.gold	qc_rules	2	priority	CHARACTER VARYING	YES				describe
gold-db-2 postgresql.gold	qc_rules	3	order_num	DECIMAL	YES		38	6	describe
gold-db-2 postgresql.gold	qc_rules	4	description	CHARACTER VARYING	YES				describe
gold-db-2 postgresql.gold	qc_rules	5	sql_stmt	CHARACTER VARYING	YES				describe
gold-db-2 postgresql.gold	qc_rules	6	addresses	CHARACTER VARYING	YES				describe
gold-db-2 postgresql.gold	ror	1	ror_id	CHARACTER VARYING	YES	65536			information_schema
gold-db-2 postgresql.gold	ror	2	name	CHARACTER VARYING	YES	65536			information_schema
gold-db-2 postgresql.gold	ror	3	country	CHARACTER VARYING	YES	65536			information_schema
gold-db-2 postgresql.gold	ror	4	url	CHARACTER VARYING	YES	65536			information_schema
gold-db-2 postgresql.gold	ror	5	relationship	CHARACTER VARYING	YES	65536			information_schema
gold-db-2 postgresql.gold	sequencing_method	1	id	DECIMAL	YES		38	6	information_schema
gold-db-2 postgresql.gold	sequencing_method	2	term	CHARACTER VARYING	YES	65536			information_schema
gold-db-2 postgresql.gold	sequencing_method	3	sequence	DECIMAL	YES		38	6	information_schema
gold-db-2 postgresql.gold	sequencing_method	4	is_curated	CHARACTER VARYING	YES	65536			information_schema
gold-db-2 postgresql.gold	sequencing_method_mapping	1	seq_method_mapping_id	DECIMAL	YES		38	6	describe
gold-db-2 postgresql.gold	sequencing_method_mapping	2	sequencing_method_id	DECIMAL	YES		38	6	describe
gold-db-2 postgresql.gold	sequencing_method_mapping	3	mapped_id	DECIMAL	YES		38	6	describe
gold-db-2 postgresql.gold	shiro_permission	1	shiro_permission_id	DECIMAL	YES		38	6	describe
gold-db-2 postgresql.gold	shiro_permission	2	contact_id	DECIMAL	YES		38	6	describe
gold-db-2 postgresql.gold	shiro_permission	3	permission	CHARACTER VARYING	YES				describe
gold-db-2 postgresql.gold	shiro_permission	4	study_id	DECIMAL	YES		38	6	describe
gold-db-2 postgresql.gold	shiro_permission	5	project_id	DECIMAL	YES		38	6	describe
gold-db-2 postgresql.gold	shiro_permission	6	analysis_project_id	DECIMAL	YES		38	6	describe
gold-db-2 postgresql.gold	shiro_permission	7	biosample_id	DECIMAL	YES		38	6	describe
gold-db-2 postgresql.gold	shiro_permission	8	shiro_role	CHARACTER VARYING	YES				describe
gold-db-2 postgresql.gold	shiro_permission	9	organism_id	DECIMAL	YES		38	6	describe
gold-db-2 postgresql.gold	sigs_view	1	analysis_project_id	DECIMAL	YES		38	6	information_schema
gold-db-2 postgresql.gold	sigs_view	2	analysis_project_type	CHARACTER VARYING	YES	65536			information_schema
gold-db-2 postgresql.gold	sigs_view	3	gold_study_id	CHARACTER VARYING	YES	65536			information_schema
gold-db-2 postgresql.gold	sigs_view	4	gold_sequencing_project_id	CHARACTER VARYING	YES	65536			information_schema
gold-db-2 postgresql.gold	sigs_view	5	gold_analysis_project_id	CHARACTER VARYING	YES	65536			information_schema
gold-db-2 postgresql.gold	sigs_view	6	gold_biosample_id	CHARACTER VARYING	YES	65536			information_schema
gold-db-2 postgresql.gold	sigs_view	7	img_taxon_id	DECIMAL	YES		38	6	information_schema
gold-db-2 postgresql.gold	sigs_view	8	sra_srx_accession	CHARACTER VARYING	YES	65536			information_schema
gold-db-2 postgresql.gold	sigs_view	9	ncbi_bioproject_accession	CHARACTER VARYING	YES	65536			information_schema
gold-db-2 postgresql.gold	sigs_view	10	altitude	DECIMAL	YES		38	6	information_schema
gold-db-2 postgresql.gold	sigs_view	11	depth	DECIMAL	YES		38	6	information_schema
gold-db-2 postgresql.gold	sigs_view	12	ecosystem	CHARACTER VARYING	YES	65536			information_schema
gold-db-2 postgresql.gold	sigs_view	13	ecosystem_category	CHARACTER VARYING	YES	65536			information_schema
gold-db-2 postgresql.gold	sigs_view	14	latitude	DECIMAL	YES		38	6	information_schema
gold-db-2 postgresql.gold	sigs_view	15	longitude	DECIMAL	YES		38	6	information_schema
gold-db-2 postgresql.gold	sigs_view	16	geo_location	CHARACTER VARYING	YES	65536			information_schema
gold-db-2 postgresql.gold	sigs_view	17	feature	CHARACTER VARYING	YES	65536			information_schema
gold-db-2 postgresql.gold	sigs_view	18	collection_date	CHARACTER VARYING	YES	65536			information_schema
gold-db-2 postgresql.gold	sigs_view	19	relevance	CHARACTER VARYING	YES	65536			information_schema
gold-db-2 postgresql.gold	sigs_view	20	material	CHARACTER VARYING	YES	65536			information_schema
gold-db-2 postgresql.gold	sigs_view	21	domain	CHARACTER VARYING	YES	65536			information_schema
gold-db-2 postgresql.gold	sigs_view	22	phylum	CHARACTER VARYING	YES	65536			information_schema
gold-db-2 postgresql.gold	sigs_view	23	ncbi_class	CHARACTER VARYING	YES	65536			information_schema
gold-db-2 postgresql.gold	sigs_view	24	ncbi_order	CHARACTER VARYING	YES	65536			information_schema
gold-db-2 postgresql.gold	sigs_view	25	ncbi_family	CHARACTER VARYING	YES	65536			information_schema
gold-db-2 postgresql.gold	sigs_view	26	genus	CHARACTER VARYING	YES	65536			information_schema
gold-db-2 postgresql.gold	sigs_view	27	species	CHARACTER VARYING	YES	65536			information_schema
gold-db-2 postgresql.gold	sigs_view	28	gram_stain	CHARACTER VARYING	YES	65536			information_schema
gold-db-2 postgresql.gold	sigs_view	29	cell_shape	CHARACTER VARYING	YES	65536			information_schema
gold-db-2 postgresql.gold	sigs_view	30	motility	CHARACTER VARYING	YES	65536			information_schema
gold-db-2 postgresql.gold	sigs_view	31	sporulation	CHARACTER VARYING	YES	65536			information_schema
gold-db-2 postgresql.gold	sigs_view	32	temperature_range	CHARACTER VARYING	YES	65536			information_schema
gold-db-2 postgresql.gold	sigs_view	33	ph	CHARACTER VARYING	YES	65536			information_schema
gold-db-2 postgresql.gold	sigs_view	34	carbon_source	CHARACTER VARYING	YES	65536			information_schema
gold-db-2 postgresql.gold	sigs_view	35	habitat	CHARACTER VARYING	YES	65536			information_schema
gold-db-2 postgresql.gold	sigs_view	36	salinity	CHARACTER VARYING	YES	65536			information_schema
gold-db-2 postgresql.gold	sigs_view	37	biotic_relationship	CHARACTER VARYING	YES	65536			information_schema
gold-db-2 postgresql.gold	sigs_view	38	oxygen_requirement	CHARACTER VARYING	YES	65536			information_schema
gold-db-2 postgresql.gold	sigs_view	39	libraries	CHARACTER VARYING	YES	65536			information_schema
gold-db-2 postgresql.gold	sigs_view	40	finishing_quality	CHARACTER VARYING	YES	65536			information_schema
gold-db-2 postgresql.gold	sigs_view	41	sequencing_platforms	CHARACTER VARYING	YES	65536			information_schema
gold-db-2 postgresql.gold	sigs_view	42	fold_coverage	CHARACTER VARYING	YES	65536			information_schema
gold-db-2 postgresql.gold	sigs_view	43	gene_calling_method	CHARACTER VARYING	YES	65536			information_schema
gold-db-2 postgresql.gold	sigs_view	44	assemblers	CHARACTER VARYING	YES	65536			information_schema
gold-db-2 postgresql.gold	sigs_view	45	locus_tag	CHARACTER VARYING	YES	65536			information_schema
gold-db-2 postgresql.gold	sigs_view	46	genbank_id	CHARACTER VARYING	YES	65536			information_schema
gold-db-2 postgresql.gold	sigs_view	47	release_date	TIMESTAMP	YES				information_schema
gold-db-2 postgresql.gold	sigs_view	48	culture_collection	CHARACTER VARYING	YES	65536			information_schema
gold-db-2 postgresql.gold	sigs_view	49	type_strain	CHARACTER VARYING	YES	65536			information_schema
gold-db-2 postgresql.gold	sigs_view	50	diseases	CHARACTER VARYING	YES	65536			information_schema
gold-db-2 postgresql.gold	snapshot_biosample	1	biosample_id	DECIMAL	YES		38	6	describe
gold-db-2 postgresql.gold	snapshot_biosample	2	gold_id	CHARACTER VARYING	YES				describe
gold-db-2 postgresql.gold	snapshot_biosample	3	add_date	TIMESTAMP	YES				describe
gold-db-2 postgresql.gold	snapshot_biosample	4	mod_date	TIMESTAMP	YES				describe
gold-db-2 postgresql.gold	snapshot_biosample	5	is_public	CHARACTER VARYING	YES				describe
gold-db-2 postgresql.gold	snapshot_biosample	6	ecosystem	CHARACTER VARYING	YES				describe
gold-db-2 postgresql.gold	snapshot_biosample	7	ecosystem_category	CHARACTER VARYING	YES				describe
gold-db-2 postgresql.gold	snapshot_biosample	8	ecosystem_type	CHARACTER VARYING	YES				describe
gold-db-2 postgresql.gold	snapshot_biosample	9	ecosystem_subtype	CHARACTER VARYING	YES				describe
gold-db-2 postgresql.gold	snapshot_biosample	10	specific_ecosystem	CHARACTER VARYING	YES				describe
gold-db-2 postgresql.gold	snapshot_biosample	11	ecosystem_path_id	DECIMAL	YES		38	6	describe
gold-db-2 postgresql.gold	snapshot_organism	1	organism_id	DECIMAL	YES		38	6	describe
gold-db-2 postgresql.gold	snapshot_organism	2	gold_id	CHARACTER VARYING	YES				describe
gold-db-2 postgresql.gold	snapshot_organism	3	add_date	TIMESTAMP	YES				describe
gold-db-2 postgresql.gold	snapshot_organism	4	mod_date	TIMESTAMP	YES				describe
gold-db-2 postgresql.gold	snapshot_organism	5	is_public	CHARACTER VARYING	YES				describe
gold-db-2 postgresql.gold	snapshot_organism	6	ecosystem	CHARACTER VARYING	YES				describe
gold-db-2 postgresql.gold	snapshot_organism	7	ecosystem_category	CHARACTER VARYING	YES				describe
gold-db-2 postgresql.gold	snapshot_organism	8	ecosystem_type	CHARACTER VARYING	YES				describe
gold-db-2 postgresql.gold	snapshot_organism	9	ecosystem_subtype	CHARACTER VARYING	YES				describe
gold-db-2 postgresql.gold	snapshot_organism	10	specific_ecosystem	CHARACTER VARYING	YES				describe
gold-db-2 postgresql.gold	snapshot_organism	11	ecosystem_path_id	DECIMAL	YES		38	6	describe
gold-db-2 postgresql.gold	snapshot_project	1	project_id	DECIMAL	YES		38	6	describe
gold-db-2 postgresql.gold	snapshot_project	2	gold_id	CHARACTER VARYING	YES				describe
gold-db-2 postgresql.gold	snapshot_project	3	pmo_project_id	DECIMAL	YES		38	6	describe
gold-db-2 postgresql.gold	snapshot_project	4	its_spid	DECIMAL	YES		38	6	describe
gold-db-2 postgresql.gold	snapshot_project	5	its_sample_id	DECIMAL	YES		38	6	describe
gold-db-2 postgresql.gold	snapshot_project	6	add_date	TIMESTAMP	YES				describe
gold-db-2 postgresql.gold	snapshot_project	7	mod_date	TIMESTAMP	YES				describe
gold-db-2 postgresql.gold	snapshot_project	8	is_public	CHARACTER VARYING	YES				describe
gold-db-2 postgresql.gold	snapshot_project	9	organism_id	DECIMAL	YES		38	6	describe
gold-db-2 postgresql.gold	snapshot_project	10	ncbi_bioproject_accession	CHARACTER VARYING	YES				describe
gold-db-2 postgresql.gold	snapshot_project	11	ncbi_biosample_accession	CHARACTER VARYING	YES				describe
gold-db-2 postgresql.gold	snapshot_project_biosample	1	project_id	DECIMAL	YES		38	6	describe
gold-db-2 postgresql.gold	snapshot_project_biosample	2	biosample_id	DECIMAL	YES		38	6	describe
gold-db-2 postgresql.gold	sra_experiment_v2	1	sra_experiment_id	CHARACTER VARYING	YES	65536			information_schema
gold-db-2 postgresql.gold	sra_experiment_v2	2	project_id	DECIMAL	YES		38	6	information_schema
gold-db-2 postgresql.gold	sra_experiment_v2	3	sra_sample_id	CHARACTER VARYING	YES	65536			information_schema
gold-db-2 postgresql.gold	sra_experiment_v2	4	sra_ncbi_id	DECIMAL	YES		38	6	information_schema
gold-db-2 postgresql.gold	sra_experiment_v2	5	sequencing_method_id	DECIMAL	YES		38	6	information_schema
gold-db-2 postgresql.gold	sra_experiment_v2	6	title	CHARACTER VARYING	YES	65536			information_schema
gold-db-2 postgresql.gold	sra_experiment_v2	7	description	CHARACTER VARYING	YES	65536			information_schema
gold-db-2 postgresql.gold	sra_experiment_v2	8	submitter_id	DECIMAL	YES		38	6	information_schema
gold-db-2 postgresql.gold	sra_experiment_v2	9	library_strategy	CHARACTER VARYING	YES	65536			information_schema
gold-db-2 postgresql.gold	sra_experiment_v2	10	library_source	CHARACTER VARYING	YES	65536			information_schema
gold-db-2 postgresql.gold	sra_experiment_v2	11	library_selection	CHARACTER VARYING	YES	65536			information_schema
gold-db-2 postgresql.gold	sra_experiment_v2	12	library_name	CHARACTER VARYING	YES	65536			information_schema
gold-db-2 postgresql.gold	sra_experiment_v2	13	library_layout	CHARACTER VARYING	YES	65536			information_schema
gold-db-2 postgresql.gold	sra_experiment_v2	14	library_instrument	CHARACTER VARYING	YES	65536			information_schema
gold-db-2 postgresql.gold	sra_experiment_v2	15	is_public	CHARACTER VARYING	YES	65536			information_schema
gold-db-2 postgresql.gold	sra_experiment_v2	16	is_test	CHARACTER VARYING	YES	65536			information_schema
gold-db-2 postgresql.gold	sra_experiment_v2	17	sra_study_id	CHARACTER VARYING	YES	65536			information_schema
gold-db-2 postgresql.gold	sra_experiment_v2	18	spot_length	DECIMAL	YES		38	6	information_schema
gold-db-2 postgresql.gold	sra_run_v2	1	sra_run_id	CHARACTER VARYING	YES	65536			information_schema
gold-db-2 postgresql.gold	sra_run_v2	2	sra_experiment_id	CHARACTER VARYING	YES	65536			information_schema
gold-db-2 postgresql.gold	sra_run_v2	3	spots	DECIMAL	YES		38	6	information_schema
gold-db-2 postgresql.gold	sra_run_v2	4	bases	DECIMAL	YES		38	6	information_schema
gold-db-2 postgresql.gold	sra_run_v2	5	published	TIMESTAMP	YES				information_schema
gold-db-2 postgresql.gold	sra_run_v2	6	run_size	DECIMAL	YES		38	6	information_schema
gold-db-2 postgresql.gold	sra_run_v2	7	is_public	CHARACTER VARYING	YES	65536			information_schema
gold-db-2 postgresql.gold	sra_run_v2	8	is_test	CHARACTER VARYING	YES	65536			information_schema
gold-db-2 postgresql.gold	sra_sample_v2	1	sra_sample_id	CHARACTER VARYING	YES	65536			information_schema
gold-db-2 postgresql.gold	sra_sample_v2	2	title	CHARACTER VARYING	YES	65536			information_schema
gold-db-2 postgresql.gold	sra_sample_v2	3	is_public	CHARACTER VARYING	YES	65536			information_schema
gold-db-2 postgresql.gold	sra_sample_v2	4	is_test	CHARACTER VARYING	YES	65536			information_schema
gold-db-2 postgresql.gold	sra_study_v2	1	sra_study_id	CHARACTER VARYING	YES				describe
gold-db-2 postgresql.gold	sra_study_v2	2	study_id	DECIMAL	YES		38	6	describe
gold-db-2 postgresql.gold	sra_study_v2	3	title	CHARACTER VARYING	YES				describe
gold-db-2 postgresql.gold	sra_study_v2	4	alias	CHARACTER VARYING	YES				describe
gold-db-2 postgresql.gold	sra_study_v2	5	abstract	CHARACTER VARYING	YES				describe
gold-db-2 postgresql.gold	sra_study_v2	6	external_ids	CHARACTER VARYING	YES				describe
gold-db-2 postgresql.gold	sra_study_v2	7	is_public	CHARACTER VARYING	YES				describe
gold-db-2 postgresql.gold	sra_study_v2	8	is_test	CHARACTER VARYING	YES				describe
gold-db-2 postgresql.gold	sra_v2_mapped_seq_strategy	1	sra_id	CHARACTER VARYING	YES				describe
gold-db-2 postgresql.gold	sra_v2_mapped_seq_strategy	2	ncbi_biosample_accession	CHARACTER VARYING	YES				describe
gold-db-2 postgresql.gold	sra_v2_mapped_seq_strategy	3	library_source	CHARACTER VARYING	YES				describe
gold-db-2 postgresql.gold	sra_v2_mapped_seq_strategy	4	library_strategy	CHARACTER VARYING	YES				describe
gold-db-2 postgresql.gold	sra_v2_mapped_seq_strategy	5	library_instrument	CHARACTER VARYING	YES				describe
gold-db-2 postgresql.gold	sra_v2_mapped_seq_strategy	6	sequencing_strategy	CHARACTER VARYING	YES				describe
gold-db-2 postgresql.gold	sraapview	1	gold_id	CHARACTER VARYING	YES				describe
gold-db-2 postgresql.gold	sraapview	2	analysis_project_name	CHARACTER VARYING	YES				describe
gold-db-2 postgresql.gold	sraapview	3	runs	CHARACTER VARYING	YES				describe
gold-db-2 postgresql.gold	ss_biosample	1	biosample_gold_id	CHARACTER VARYING	YES				describe
gold-db-2 postgresql.gold	ss_biosample	2	biosample_name	CHARACTER VARYING	YES				describe
gold-db-2 postgresql.gold	ss_biosample	3	biosample_ncbi_tax_id	DECIMAL	YES		38	0	describe
gold-db-2 postgresql.gold	ss_biosample	4	biosample_ncbi_tax_name	CHARACTER VARYING	YES				describe
gold-db-2 postgresql.gold	ss_biosample	5	biosample_sample_collection_site	CHARACTER VARYING	YES				describe
gold-db-2 postgresql.gold	ss_biosample	6	biosample_sample_collection_date	DATE	YES				describe
gold-db-2 postgresql.gold	ss_biosample	7	biosample_geographic_location	CHARACTER VARYING	YES				describe
gold-db-2 postgresql.gold	ss_biosample	8	biosample_latitude	DECIMAL	YES		38	6	describe
gold-db-2 postgresql.gold	ss_biosample	9	biosample_longitude	DECIMAL	YES		38	6	describe
gold-db-2 postgresql.gold	ss_biosample	10	biosample_ecosystem_path_id	DECIMAL	YES		38	0	describe
gold-db-2 postgresql.gold	ss_biosample	11	biosample_ecosystem	CHARACTER VARYING	YES				describe
gold-db-2 postgresql.gold	ss_biosample	12	biosample_ecosystem_category	CHARACTER VARYING	YES				describe
gold-db-2 postgresql.gold	ss_biosample	13	biosample_ecosystem_type	CHARACTER VARYING	YES				describe
gold-db-2 postgresql.gold	ss_biosample	14	biosample_ecosystem_subtype	CHARACTER VARYING	YES				describe
gold-db-2 postgresql.gold	ss_biosample	15	biosample_specific_ecosystem	CHARACTER VARYING	YES				describe
gold-db-2 postgresql.gold	ss_organism	1	organism_gold_id	CHARACTER VARYING	YES				describe
gold-db-2 postgresql.gold	ss_organism	2	organism_name	CHARACTER VARYING	YES				describe
gold-db-2 postgresql.gold	ss_organism	3	organism_ncbi_tax_id	DECIMAL	YES		20	0	describe
gold-db-2 postgresql.gold	ss_organism	4	organism_type_strain	CHARACTER VARYING	YES				describe
gold-db-2 postgresql.gold	ss_organism	5	organism_ncbi_superkingdom	CHARACTER VARYING	YES				describe
gold-db-2 postgresql.gold	ss_organism	6	organism_ncbi_kingdom	CHARACTER VARYING	YES				describe
gold-db-2 postgresql.gold	ss_organism	7	organism_gold_phylum	CHARACTER VARYING	YES				describe
gold-db-2 postgresql.gold	ss_organism	8	organism_genus	CHARACTER VARYING	YES				describe
gold-db-2 postgresql.gold	ss_organism	9	organism_species	CHARACTER VARYING	YES				describe
gold-db-2 postgresql.gold	ss_organism	10	organism_subspecies	CHARACTER VARYING	YES				describe
gold-db-2 postgresql.gold	ss_organism	11	organism_strain	CHARACTER VARYING	YES				describe
gold-db-2 postgresql.gold	ss_organism	12	organism_servoar_cultivar	CHARACTER VARYING	YES				describe
gold-db-2 postgresql.gold	ss_organism	13	organism_culture_collection_id	CHARACTER VARYING	YES				describe
gold-db-2 postgresql.gold	ss_organism	14	organism_oxygen_requirement	CHARACTER VARYING	YES				describe
gold-db-2 postgresql.gold	ss_organism	15	organism_gram_stain	CHARACTER VARYING	YES				describe
gold-db-2 postgresql.gold	ss_organism	16	organism_sample_collection_site	CHARACTER VARYING	YES				describe
gold-db-2 postgresql.gold	ss_organism	17	organism_sample_collection_date	DATE	YES				describe
gold-db-2 postgresql.gold	ss_organism	18	organism_geographic_location	CHARACTER VARYING	YES				describe
gold-db-2 postgresql.gold	ss_organism	19	organism_latitude	DECIMAL	YES		38	6	describe
gold-db-2 postgresql.gold	ss_organism	20	organism_longitude	DECIMAL	YES		38	6	describe
gold-db-2 postgresql.gold	ss_organism	21	organism_ecosystem_path_id	DECIMAL	YES		38	0	describe
gold-db-2 postgresql.gold	ss_organism	22	organism_ecosystem	CHARACTER VARYING	YES				describe
gold-db-2 postgresql.gold	ss_organism	23	organism_ecosystem_category	CHARACTER VARYING	YES				describe
gold-db-2 postgresql.gold	ss_organism	24	organism_ecosystem_type	CHARACTER VARYING	YES				describe
gold-db-2 postgresql.gold	ss_organism	25	organism_ecosystem_subtype	CHARACTER VARYING	YES				describe
gold-db-2 postgresql.gold	ss_organism	26	organism_specific_ecosystem	CHARACTER VARYING	YES				describe
gold-db-2 postgresql.gold	ss_organism	27	organism_isolation_host_name	CHARACTER VARYING	YES				describe
gold-db-2 postgresql.gold	ss_organism	28	organism_host_taxonomy_id	DECIMAL	YES		38	0	describe
gold-db-2 postgresql.gold	ss_organism	29	organism_host_body_site	CHARACTER VARYING	YES				describe
gold-db-2 postgresql.gold	ss_organism	30	organism_host_body_subsite	CHARACTER VARYING	YES				describe
gold-db-2 postgresql.gold	ss_organism	31	organism_host_body_product	CHARACTER VARYING	YES				describe
gold-db-2 postgresql.gold	ss_organism	32	organism_host_health_condition	CHARACTER VARYING	YES				describe
gold-db-2 postgresql.gold	ss_organism	33	organsim_host_medication	CHARACTER VARYING	YES				describe
gold-db-2 postgresql.gold	ss_organism	34	organism_host_race	CHARACTER VARYING	YES				describe
gold-db-2 postgresql.gold	ss_organism	35	organism_host_specificity	CHARACTER VARYING	YES				describe
gold-db-2 postgresql.gold	ss_organism	36	organism_salinity	CHARACTER VARYING	YES				describe
gold-db-2 postgresql.gold	ss_organism	37	organism_salinity_concentration	CHARACTER VARYING	YES				describe
gold-db-2 postgresql.gold	ss_organism	38	organism_cell_diameter	CHARACTER VARYING	YES				describe
gold-db-2 postgresql.gold	ss_organism	39	organism_cell_shape	CHARACTER VARYING	YES				describe
gold-db-2 postgresql.gold	ss_organism	40	organism_color	CHARACTER VARYING	YES				describe
gold-db-2 postgresql.gold	ss_organism	41	organism_motility	CHARACTER VARYING	YES				describe
gold-db-2 postgresql.gold	ss_organism	42	organism_ph	CHARACTER VARYING	YES				describe
gold-db-2 postgresql.gold	ss_organism	43	organism_pressure	CHARACTER VARYING	YES				describe
gold-db-2 postgresql.gold	ss_organism	44	organism_sporulation	CHARACTER VARYING	YES				describe
gold-db-2 postgresql.gold	ss_organism	45	organism_growth_temperature_in_centigrade	CHARACTER VARYING	YES				describe
gold-db-2 postgresql.gold	ss_organism	46	organism_temperature_range	CHARACTER VARYING	YES				describe
gold-db-2 postgresql.gold	ss_organism	47	organism_sample_collection_temperature_in_centigrade	CHARACTER VARYING	YES				describe
gold-db-2 postgresql.gold	ss_organism	48	organism_cell_length	CHARACTER VARYING	YES				describe
gold-db-2 postgresql.gold	ss_organism	49	organism_cultured	CHARACTER VARYING	YES				describe
gold-db-2 postgresql.gold	ss_organism	50	organism_culture_type	CHARACTER VARYING	YES				describe
gold-db-2 postgresql.gold	ss_organism	51	organism_uncultured_type	CHARACTER VARYING	YES				describe
gold-db-2 postgresql.gold	ss_organism	52	organism_biotic_relationships	CHARACTER VARYING	YES				describe
gold-db-2 postgresql.gold	ss_organism	53	organism_habitats	CHARACTER VARYING	YES				describe
gold-db-2 postgresql.gold	ss_organism	54	organism_metabolism	CHARACTER VARYING	YES				describe
gold-db-2 postgresql.gold	ss_organism	55	ENERGY SOURCES	CHARACTER VARYING	YES				describe
gold-db-2 postgresql.gold	ss_organism	56	organism_carbon_source	CHARACTER VARYING	YES				describe
gold-db-2 postgresql.gold	ss_organism	57	organism_isolation_pubmed_id	DECIMAL	YES		38	0	describe
gold-db-2 postgresql.gold	study	1	study_id	DECIMAL	YES		38	6	information_schema
gold-db-2 postgresql.gold	study	2	its_proposal_id	DECIMAL	YES		38	6	information_schema
gold-db-2 postgresql.gold	study	3	gpts_proposal_id	DECIMAL	YES		38	6	information_schema
gold-db-2 postgresql.gold	study	4	active	CHARACTER VARYING	YES	65536			information_schema
gold-db-2 postgresql.gold	study	5	is_public	CHARACTER VARYING	YES	65536			information_schema
gold-db-2 postgresql.gold	study	6	add_date	TIMESTAMP	YES				information_schema
gold-db-2 postgresql.gold	study	7	mod_date	TIMESTAMP	YES				information_schema
gold-db-2 postgresql.gold	study	8	last_mod_by	DECIMAL	YES		38	6	information_schema
gold-db-2 postgresql.gold	study	9	gold_id	CHARACTER VARYING	YES	65536			information_schema
gold-db-2 postgresql.gold	study	10	study_name	CHARACTER VARYING	YES	65536			information_schema
gold-db-2 postgresql.gold	study	11	metagenomic	CHARACTER VARYING	YES	65536			information_schema
gold-db-2 postgresql.gold	study	12	ecosystem_path_id	DECIMAL	YES		38	6	information_schema
gold-db-2 postgresql.gold	study	13	ecosystem	CHARACTER VARYING	YES	65536			information_schema
gold-db-2 postgresql.gold	study	14	ecosystem_category	CHARACTER VARYING	YES	65536			information_schema
gold-db-2 postgresql.gold	study	15	ecosystem_type	CHARACTER VARYING	YES	65536			information_schema
gold-db-2 postgresql.gold	study	16	ecosystem_subtype	CHARACTER VARYING	YES	65536			information_schema
gold-db-2 postgresql.gold	study	17	specific_ecosystem	CHARACTER VARYING	YES	65536			information_schema
gold-db-2 postgresql.gold	study	18	project_oid	DECIMAL	YES		38	0	information_schema
gold-db-2 postgresql.gold	study	19	legacy_gold_id	CHARACTER VARYING	YES	65536			information_schema
gold-db-2 postgresql.gold	study	20	study_type_id	DECIMAL	YES		38	0	information_schema
gold-db-2 postgresql.gold	study	21	description	CHARACTER VARYING	YES	65536			information_schema
gold-db-2 postgresql.gold	study	22	owner_id	DECIMAL	YES		38	6	information_schema
gold-db-2 postgresql.gold	study	23	contact_id	DECIMAL	YES		38	6	information_schema
gold-db-2 postgresql.gold	study	24	public_sp_count	DECIMAL	YES		38	6	information_schema
gold-db-2 postgresql.gold	study	25	admin_sp_count	DECIMAL	YES		38	6	information_schema
gold-db-2 postgresql.gold	study	26	public_ap_count	DECIMAL	YES		38	6	information_schema
gold-db-2 postgresql.gold	study	27	admin_ap_count	DECIMAL	YES		38	6	information_schema
gold-db-2 postgresql.gold	study	28	public_dap_count	DECIMAL	YES		38	6	information_schema
gold-db-2 postgresql.gold	study	29	admin_dap_count	DECIMAL	YES		38	6	information_schema
gold-db-2 postgresql.gold	study	30	public_biosample_count	DECIMAL	YES		38	6	information_schema
gold-db-2 postgresql.gold	study	31	admin_biosample_count	DECIMAL	YES		38	6	information_schema
gold-db-2 postgresql.gold	study	32	is_geba	CHARACTER VARYING	YES	65536			information_schema
gold-db-2 postgresql.gold	study	33	is_hmp	CHARACTER VARYING	YES	65536			information_schema
gold-db-2 postgresql.gold	study	34	is_draft	CHARACTER VARYING	YES	65536			information_schema
gold-db-2 postgresql.gold	study	35	is_test	CHARACTER VARYING	YES	65536			information_schema
gold-db-2 postgresql.gold	study	36	gold_study_name	CHARACTER VARYING	YES	65536			information_schema
gold-db-2 postgresql.gold	study_ncbi_bioproject	1	study_id	DECIMAL	YES		38	6	describe
gold-db-2 postgresql.gold	study_ncbi_bioproject	2	ncbi_bioproject_id	DECIMAL	YES		38	6	describe
gold-db-2 postgresql.gold	study_publication	1	study_id	DECIMAL	YES		38	0	describe
gold-db-2 postgresql.gold	study_publication	2	publication_id	DECIMAL	YES		38	0	describe
gold-db-2 postgresql.gold	study_relevance	1	study_id	DECIMAL	YES		38	6	describe
gold-db-2 postgresql.gold	study_relevance	2	relevance_id	DECIMAL	YES		38	6	describe
gold-db-2 postgresql.gold	table_row_count	1	table_name	CHARACTER VARYING	YES	65536			information_schema
gold-db-2 postgresql.gold	table_row_count	2	row_count	INTEGER	YES		32	0	information_schema
gold-db-2 postgresql.gold	tbk_gold_spids	1	gold_spid	DECIMAL	YES		38	6	describe
gold-db-2 postgresql.gold	tbk_gold_spids	2	request_date	DATE	YES				describe
gold-db-2 postgresql.gold	tmp_sm_ncbi_prokref	1	assembly_accession_mod	CHARACTER VARYING	YES				describe
gold-db-2 postgresql.gold	tmp_sm_ncbi_prokref	2	assembly_accession	CHARACTER VARYING	YES				describe
gold-db-2 postgresql.gold	tmp_sm_ncbi_prokref	3	bioproject_accession	CHARACTER VARYING	YES				describe
gold-db-2 postgresql.gold	tmp_sm_ncbi_prokref	4	biosample_accession	CHARACTER VARYING	YES				describe
gold-db-2 postgresql.gold	tmp_sm_ncbi_prokref	5	type_material_display_text	CHARACTER VARYING	YES				describe
gold-db-2 postgresql.gold	tmp_sm_ncbi_prokref	6	assembly_accession_no_ver	CHARACTER VARYING	YES				describe
gold-db-2 postgresql.gold	tooltips	1	tooltip_name	CHARACTER VARYING	YES				describe
gold-db-2 postgresql.gold	tooltips	2	tooltip	CHARACTER VARYING	YES				describe
gold-db-2 postgresql.gold	tooltips	3	db_column_name	CHARACTER VARYING	YES				describe
gold-db-2 postgresql.gold	tooltips	4	ui_field_name	CHARACTER VARYING	YES				describe
gold-db-2 postgresql.gold	v5_sp_for_ws_view	1	gold_id	CHARACTER VARYING	YES				describe
gold-db-2 postgresql.gold	v5_sp_for_ws_view	2	project_id	DECIMAL	YES		38	6	describe
gold-db-2 postgresql.gold	v5_sp_for_ws_view	3	its_proposal_id	DECIMAL	YES		38	6	describe
gold-db-2 postgresql.gold	v5_sp_for_ws_view	4	gpts_proposal_id	DECIMAL	YES		38	6	describe
gold-db-2 postgresql.gold	v5_sp_for_ws_view	5	its_spid	DECIMAL	YES		38	0	describe
gold-db-2 postgresql.gold	v5_sp_for_ws_view	6	its_sample_id	DECIMAL	YES		38	6	describe
gold-db-2 postgresql.gold	v5_sp_for_ws_view	7	pmo_project_id	DECIMAL	YES		38	0	describe
gold-db-2 postgresql.gold	v5_sp_for_ws_view	8	legacy_gold_id	CHARACTER VARYING	YES				describe
gold-db-2 postgresql.gold	v5_sp_for_ws_view	9	legacy_project_oid	DECIMAL	YES		38	0	describe
gold-db-2 postgresql.gold	v5_sp_for_ws_view	10	legacy_sample_oid	DECIMAL	YES		38	0	describe
gold-db-2 postgresql.gold	v5_sp_for_ws_view	11	description	CHARACTER VARYING	YES				describe
gold-db-2 postgresql.gold	v5_sp_for_ws_view	12	mod_date	TIMESTAMP	YES				describe
gold-db-2 postgresql.gold	v5_sp_for_ws_view	13	ncbi_project_id	DECIMAL	YES		38	0	describe
gold-db-2 postgresql.gold	v5_sp_for_ws_view	14	ncbi_bioproject_accession	CHARACTER VARYING	YES				describe
gold-db-2 postgresql.gold	v5_sp_for_ws_view	15	ncbi_biosample_accession	CHARACTER VARYING	YES				describe
gold-db-2 postgresql.gold	v5_sp_for_ws_view	16	ecosystem	CHARACTER VARYING	YES				describe
gold-db-2 postgresql.gold	v5_sp_for_ws_view	17	habitat	CHARACTER VARYING	YES				describe
gold-db-2 postgresql.gold	v5_sp_for_ws_view	18	sample_collection_site	CHARACTER VARYING	YES				describe
gold-db-2 postgresql.gold	v5_sp_for_ws_view	19	gold_project_name	CHARACTER VARYING	YES				describe
gold-db-2 postgresql.gold	v5_sp_for_ws_view	20	gold_organism_name	CHARACTER VARYING	YES				describe
gold-db-2 postgresql.gold	v5_sp_for_ws_view	21	gold_genus	CHARACTER VARYING	YES				describe
gold-db-2 postgresql.gold	v5_sp_for_ws_view	22	gold_species	CHARACTER VARYING	YES				describe
gold-db-2 postgresql.gold	v5_sp_for_ws_view	23	strain	CHARACTER VARYING	YES				describe
gold-db-2 postgresql.gold	v5_sp_for_ws_view	24	ncbi_taxonomy_id	DECIMAL	YES		20	0	describe
gold-db-2 postgresql.gold	v5_sp_for_ws_view	25	its_sequencing_product_name	CHARACTER VARYING	YES				describe
gold-db-2 postgresql.gold	v5_sp_for_ws_view	26	gold_domain	CHARACTER VARYING	YES				describe
gold-db-2 postgresql.gold	v5_sp_for_ws_view	27	gold_phylogeny	CHARACTER VARYING	YES				describe
gold-db-2 postgresql.gold	v5_sp_for_ws_view	28	ncbi_superkingdom	CHARACTER VARYING	YES				describe
gold-db-2 postgresql.gold	v5_sp_for_ws_view	29	ncbi_kingdom	CHARACTER VARYING	YES				describe
gold-db-2 postgresql.gold	v5_sp_for_ws_view	30	ncbi_phylum	CHARACTER VARYING	YES				describe
gold-db-2 postgresql.gold	v5_sp_for_ws_view	31	ncbi_class	CHARACTER VARYING	YES				describe
gold-db-2 postgresql.gold	v5_sp_for_ws_view	32	ncbi_order	CHARACTER VARYING	YES				describe
gold-db-2 postgresql.gold	v5_sp_for_ws_view	33	ncbi_family	CHARACTER VARYING	YES				describe
gold-db-2 postgresql.gold	v5_sp_for_ws_view	34	ncbi_genus	CHARACTER VARYING	YES				describe
gold-db-2 postgresql.gold	v5_sp_for_ws_view	35	ncbi_species	CHARACTER VARYING	YES				describe
gold-db-2 postgresql.gold	v5_sp_for_ws_view	36	project_status	CHARACTER VARYING	YES				describe
gold-db-2 postgresql.gold	v5_sp_for_ws_view	37	active	CHARACTER VARYING	YES				describe
gold-db-2 postgresql.gold	v5_sp_for_ws_view	38	is_public	CHARACTER VARYING	YES				describe
gold-db-2 postgresql.gold	v5_sp_for_ws_view	39	gold_url	CHARACTER VARYING	YES				describe
